round,client,n_samples,throughput_mbps,latency_ms,node_trust,quality,behaviour,weight
122,15,751,71.575,72.905,1.0,0.0587,1.0,0.006101
122,95,1166,87.236,44.882,1.0,0.1162,1.0,0.01208
122,69,2603,23.83,29.549,1.0,0.0482,1.0,0.005012
122,14,1317,75.351,7.451,1.0,0.6048,1.0,0.06285
122,81,3468,71.412,12.804,1.0,0.3336,1.0,0.034661
122,96,4682,61.581,118.886,1.0,0.031,1.0,0.003219
122,74,508,25.513,132.154,1.0,0.0115,1.0,0.0012
122,98,359,70.086,95.096,1.0,0.0441,1.0,0.00458
122,89,2871,68.182,92.167,1.0,0.0442,1.0,0.004597
122,6,331,44.893,91.387,1.0,0.0294,1.0,0.003053
122,4,163,91.504,16.198,1.0,0.3379,1.0,0.035108
122,36,638,47.698,137.695,1.0,0.0207,1.0,0.002153
122,3,104,61.582,81.631,1.0,0.0451,1.0,0.004688
122,67,333,58.937,127.004,1.0,0.0278,1.0,0.002884
122,88,484,50.795,16.315,1.0,0.1862,1.0,0.019349
122,62,1852,85.471,105.361,1.0,0.0485,1.0,0.005042
122,26,1079,53.593,128.007,1.0,0.025,1.0,0.002602
122,77,743,96.062,111.156,1.0,0.0517,1.0,0.005371
122,51,179,98.694,83.761,1.0,0.0705,1.0,0.007323
122,27,600,62.234,81.394,1.0,0.0457,1.0,0.004752
122,28,561,44.266,109.952,1.0,0.0241,1.0,0.002502
122,43,1353,13.989,73.407,1.0,0.0114,1.0,0.001184
122,57,447,55.543,86.938,1.0,0.0382,1.0,0.00397
122,49,480,35.477,136.986,1.0,0.0155,1.0,0.00161
122,17,1361,62.897,124.78,1.0,0.0301,1.0,0.003133
122,48,1450,43.51,103.875,1.0,0.0251,1.0,0.002603
122,79,3472,66.953,48.196,1.0,0.0831,1.0,0.008634
122,75,963,88.751,27.893,1.0,0.1903,1.0,0.019775
122,55,1776,70.685,67.685,1.0,0.0625,1.0,0.00649
122,83,4357,86.657,76.579,1.0,0.0677,1.0,0.007033
122,44,2221,65.392,30.426,1.0,0.1285,1.0,0.013357
122,38,1345,76.284,7.671,1.0,0.5948,1.0,0.061805
122,59,1909,94.918,57.116,1.0,0.0994,1.0,0.010328
122,40,367,99.787,128.944,1.0,0.0463,1.0,0.004809
122,21,424,60.407,148.878,1.0,0.0243,1.0,0.002522
122,90,1178,22.834,121.677,1.0,0.0112,1.0,0.001166
122,33,722,29.196,27.204,1.0,0.0642,1.0,0.00667
122,19,411,43.694,116.931,1.0,0.0223,1.0,0.002322
122,65,312,68.368,74.265,1.0,0.0551,1.0,0.005721
122,64,1386,98.417,10.858,1.0,0.5421,1.0,0.05633
122,13,128,84.903,131.244,1.0,0.0387,1.0,0.00402
122,97,376,47.509,88.82,1.0,0.032,1.0,0.003324
122,11,2133,11.001,109.242,1.0,0.006,1.0,0.000626
122,50,519,64.078,15.999,1.0,0.2395,1.0,0.024892
122,16,335,37.811,132.576,1.0,0.0171,1.0,0.001772
122,42,226,75.889,135.53,1.0,0.0335,1.0,0.00348
122,92,1459,97.163,78.118,1.0,0.0744,1.0,0.00773
122,30,590,85.405,5.968,1.0,0.8559,1.0,0.088938
122,54,328,75.625,111.414,1.0,0.0406,1.0,0.004218
122,66,366,87.039,96.68,1.0,0.0538,1.0,0.005595
122,73,313,73.21,92.538,1.0,0.0473,1.0,0.004917
122,22,283,94.914,80.884,1.0,0.0702,1.0,0.007293
122,86,1201,69.326,73.457,1.0,0.0564,1.0,0.005865
122,34,171,82.57,147.901,1.0,0.0334,1.0,0.00347
122,94,539,21.47,15.183,1.0,0.0846,1.0,0.008788
122,29,3113,32.807,81.493,1.0,0.0241,1.0,0.002502
122,85,1300,15.622,35.397,1.0,0.0264,1.0,0.002743
122,25,132,47.29,23.406,1.0,0.1208,1.0,0.012556
122,23,1483,14.265,80.142,1.0,0.0106,1.0,0.001106
122,63,2751,67.438,148.762,1.0,0.0271,1.0,0.002817
122,35,683,80.734,84.92,1.0,0.0569,1.0,0.005908
122,53,2420,58.731,137.43,1.0,0.0256,1.0,0.002656
122,8,431,80.868,125.882,1.0,0.0384,1.0,0.003992
122,1,783,68.707,11.347,1.0,0.3621,1.0,0.037629
122,37,457,92.764,15.385,1.0,0.3606,1.0,0.037471
122,80,694,84.282,30.465,1.0,0.1655,1.0,0.017193
122,56,2557,94.929,128.443,1.0,0.0442,1.0,0.004593
122,78,1113,86.837,13.275,1.0,0.3912,1.0,0.040653
122,2,12078,21.031,42.426,1.0,0.0296,1.0,0.003081
122,52,546,31.57,119.36,1.0,0.0158,1.0,0.001644
122,93,130,59.341,45.709,1.0,0.0776,1.0,0.008068
122,71,2037,16.352,26.876,1.0,0.0364,1.0,0.003781
122,72,1537,75.51,25.613,1.0,0.1763,1.0,0.018322
122,32,1443,90.494,80.505,1.0,0.0672,1.0,0.006986
122,41,1043,38.477,11.468,1.0,0.2007,1.0,0.020852
122,20,709,64.839,113.427,1.0,0.0342,1.0,0.003553
122,60,955,24.399,89.962,1.0,0.0162,1.0,0.001686
122,10,1009,65.419,88.263,1.0,0.0443,1.0,0.004606
122,9,545,94.82,49.535,1.0,0.1145,1.0,0.011896
122,45,900,61.368,118.613,1.0,0.0309,1.0,0.003215
122,58,2874,85.148,91.5,1.0,0.0557,1.0,0.005783
122,47,1284,61.82,116.641,1.0,0.0317,1.0,0.003294
122,0,1844,79.656,68.637,1.0,0.0694,1.0,0.007212
122,31,874,54.337,48.988,1.0,0.0663,1.0,0.006893
122,68,468,93.744,79.303,1.0,0.0707,1.0,0.007346
122,7,601,42.657,91.017,1.0,0.028,1.0,0.002913
122,99,639,76.267,149.618,1.0,0.0305,1.0,0.003168
122,5,397,76.762,114.282,1.0,0.0402,1.0,0.004174
122,87,1334,44.588,38.916,1.0,0.0685,1.0,0.007121
122,61,1475,38.141,37.526,1.0,0.0608,1.0,0.006317
122,24,1188,93.136,105.459,1.0,0.0528,1.0,0.005489
122,18,2841,39.186,8.936,1.0,0.2623,1.0,0.027252
122,46,380,28.562,106.962,1.0,0.016,1.0,0.00166
122,39,298,49.07,35.686,1.0,0.0822,1.0,0.008546
122,82,741,80.673,118.95,1.0,0.0406,1.0,0.004215
122,12,209,30.021,80.194,1.0,0.0224,1.0,0.002326
122,91,3278,97.764,79.27,1.0,0.0738,1.0,0.007665
122,84,808,10.556,141.555,1.0,0.0045,1.0,0.000463
122,76,458,93.762,140.946,1.0,0.0398,1.0,0.004134
122,70,1801,20.481,127.402,1.0,0.0096,1.0,0.000999
123,20,709,64.839,113.427,1.0,0.0342,1.0,0.003553
123,8,431,80.868,125.882,1.0,0.0384,1.0,0.003992
123,24,1188,93.136,105.459,1.0,0.0528,1.0,0.005489
123,38,1345,76.284,7.671,1.0,0.5948,1.0,0.061805
123,26,1079,53.593,128.007,1.0,0.025,1.0,0.002602
123,17,1361,62.897,124.78,1.0,0.0301,1.0,0.003133
123,63,2751,67.438,148.762,1.0,0.0271,1.0,0.002817
123,13,128,84.903,131.244,1.0,0.0387,1.0,0.00402
123,47,1284,61.82,116.641,1.0,0.0317,1.0,0.003294
123,74,508,25.513,132.154,1.0,0.0115,1.0,0.0012
123,40,367,99.787,128.944,1.0,0.0463,1.0,0.004809
123,21,424,60.407,148.878,1.0,0.0243,1.0,0.002522
123,52,546,31.57,119.36,1.0,0.0158,1.0,0.001644
123,15,751,71.575,72.905,1.0,0.0587,1.0,0.006101
123,93,130,59.341,45.709,1.0,0.0776,1.0,0.008068
123,0,1844,79.656,68.637,1.0,0.0694,1.0,0.007212
123,83,4357,86.657,76.579,1.0,0.0677,1.0,0.007033
123,94,539,21.47,15.183,1.0,0.0846,1.0,0.008788
123,59,1909,94.918,57.116,1.0,0.0994,1.0,0.010328
123,66,366,87.039,96.68,1.0,0.0538,1.0,0.005595
123,49,480,35.477,136.986,1.0,0.0155,1.0,0.00161
123,69,2603,23.83,29.549,1.0,0.0482,1.0,0.005012
123,62,1852,85.471,105.361,1.0,0.0485,1.0,0.005042
123,67,333,58.937,127.004,1.0,0.0278,1.0,0.002884
123,75,963,88.751,27.893,1.0,0.1903,1.0,0.019775
123,39,298,49.07,35.686,1.0,0.0822,1.0,0.008546
123,4,163,91.504,16.198,1.0,0.3379,1.0,0.035108
123,99,639,76.267,149.618,1.0,0.0305,1.0,0.003168
123,90,1178,22.834,121.677,1.0,0.0112,1.0,0.001166
123,5,397,76.762,114.282,1.0,0.0402,1.0,0.004174
123,68,468,93.744,79.303,1.0,0.0707,1.0,0.007346
123,51,179,98.694,83.761,1.0,0.0705,1.0,0.007323
123,19,411,43.694,116.931,1.0,0.0223,1.0,0.002322
123,78,1113,86.837,13.275,1.0,0.3912,1.0,0.040653
123,86,1201,69.326,73.457,1.0,0.0564,1.0,0.005865
123,22,283,94.914,80.884,1.0,0.0702,1.0,0.007293
123,33,722,29.196,27.204,1.0,0.0642,1.0,0.00667
123,84,808,10.556,141.555,1.0,0.0045,1.0,0.000463
123,89,2871,68.182,92.167,1.0,0.0442,1.0,0.004597
123,80,694,84.282,30.465,1.0,0.1655,1.0,0.017193
123,58,2874,85.148,91.5,1.0,0.0557,1.0,0.005783
123,10,1009,65.419,88.263,1.0,0.0443,1.0,0.004606
123,25,132,47.29,23.406,1.0,0.1208,1.0,0.012556
123,11,2133,11.001,109.242,1.0,0.006,1.0,0.000626
123,23,1483,14.265,80.142,1.0,0.0106,1.0,0.001106
123,70,1801,20.481,127.402,1.0,0.0096,1.0,0.000999
123,41,1043,38.477,11.468,1.0,0.2007,1.0,0.020852
123,64,1386,98.417,10.858,1.0,0.5421,1.0,0.05633
123,65,312,68.368,74.265,1.0,0.0551,1.0,0.005721
123,35,683,80.734,84.92,1.0,0.0569,1.0,0.005908
123,55,1776,70.685,67.685,1.0,0.0625,1.0,0.00649
123,7,601,42.657,91.017,1.0,0.028,1.0,0.002913
123,53,2420,58.731,137.43,1.0,0.0256,1.0,0.002656
123,29,3113,32.807,81.493,1.0,0.0241,1.0,0.002502
123,30,590,85.405,5.968,1.0,0.8559,1.0,0.088938
123,18,2841,39.186,8.936,1.0,0.2623,1.0,0.027252
123,98,359,70.086,95.096,1.0,0.0441,1.0,0.00458
123,87,1334,44.588,38.916,1.0,0.0685,1.0,0.007121
123,46,380,28.562,106.962,1.0,0.016,1.0,0.00166
123,60,955,24.399,89.962,1.0,0.0162,1.0,0.001686
123,43,1353,13.989,73.407,1.0,0.0114,1.0,0.001184
123,44,2221,65.392,30.426,1.0,0.1285,1.0,0.013357
123,37,457,92.764,15.385,1.0,0.3606,1.0,0.037471
123,97,376,47.509,88.82,1.0,0.032,1.0,0.003324
123,42,226,75.889,135.53,1.0,0.0335,1.0,0.00348
123,6,331,44.893,91.387,1.0,0.0294,1.0,0.003053
123,27,600,62.234,81.394,1.0,0.0457,1.0,0.004752
123,34,171,82.57,147.901,1.0,0.0334,1.0,0.00347
123,81,3468,71.412,12.804,1.0,0.3336,1.0,0.034661
123,9,545,94.82,49.535,1.0,0.1145,1.0,0.011896
123,28,561,44.266,109.952,1.0,0.0241,1.0,0.002502
123,95,1166,87.236,44.882,1.0,0.1162,1.0,0.01208
123,48,1450,43.51,103.875,1.0,0.0251,1.0,0.002603
123,50,519,64.078,15.999,1.0,0.2395,1.0,0.024892
123,54,328,75.625,111.414,1.0,0.0406,1.0,0.004218
123,88,484,50.795,16.315,1.0,0.1862,1.0,0.019349
123,79,3472,66.953,48.196,1.0,0.0831,1.0,0.008634
123,91,3278,97.764,79.27,1.0,0.0738,1.0,0.007665
123,61,1475,38.141,37.526,1.0,0.0608,1.0,0.006317
123,71,2037,16.352,26.876,1.0,0.0364,1.0,0.003781
123,3,104,61.582,81.631,1.0,0.0451,1.0,0.004688
123,72,1537,75.51,25.613,1.0,0.1763,1.0,0.018322
123,14,1317,75.351,7.451,1.0,0.6048,1.0,0.06285
123,96,4682,61.581,118.886,1.0,0.031,1.0,0.003219
123,82,741,80.673,118.95,1.0,0.0406,1.0,0.004215
123,12,209,30.021,80.194,1.0,0.0224,1.0,0.002326
123,45,900,61.368,118.613,1.0,0.0309,1.0,0.003215
123,36,638,47.698,137.695,1.0,0.0207,1.0,0.002153
123,32,1443,90.494,80.505,1.0,0.0672,1.0,0.006986
123,31,874,54.337,48.988,1.0,0.0663,1.0,0.006893
123,1,783,68.707,11.347,1.0,0.3621,1.0,0.037629
123,73,313,73.21,92.538,1.0,0.0473,1.0,0.004917
123,56,2557,94.929,128.443,1.0,0.0442,1.0,0.004593
123,77,743,96.062,111.156,1.0,0.0517,1.0,0.005371
123,85,1300,15.622,35.397,1.0,0.0264,1.0,0.002743
123,2,12078,21.031,42.426,1.0,0.0296,1.0,0.003081
123,92,1459,97.163,78.118,1.0,0.0744,1.0,0.00773
123,57,447,55.543,86.938,1.0,0.0382,1.0,0.00397
123,76,458,93.762,140.946,1.0,0.0398,1.0,0.004134
123,16,335,37.811,132.576,1.0,0.0171,1.0,0.001772
124,51,179,98.694,83.761,1.0,0.0705,1.0,0.007323
124,13,128,84.903,131.244,1.0,0.0387,1.0,0.00402
124,25,132,47.29,23.406,1.0,0.1208,1.0,0.012556
124,21,424,60.407,148.878,1.0,0.0243,1.0,0.002522
124,34,171,82.57,147.901,1.0,0.0334,1.0,0.00347
124,28,561,44.266,109.952,1.0,0.0241,1.0,0.002502
124,81,3468,71.412,12.804,1.0,0.3336,1.0,0.034661
124,58,2874,85.148,91.5,1.0,0.0557,1.0,0.005783
124,60,955,24.399,89.962,1.0,0.0162,1.0,0.001686
124,74,508,25.513,132.154,1.0,0.0115,1.0,0.0012
124,3,104,61.582,81.631,1.0,0.0451,1.0,0.004688
124,44,2221,65.392,30.426,1.0,0.1285,1.0,0.013357
124,47,1284,61.82,116.641,1.0,0.0317,1.0,0.003294
124,92,1459,97.163,78.118,1.0,0.0744,1.0,0.00773
124,46,380,28.562,106.962,1.0,0.016,1.0,0.00166
124,79,3472,66.953,48.196,1.0,0.0831,1.0,0.008634
124,26,1079,53.593,128.007,1.0,0.025,1.0,0.002602
124,68,468,93.744,79.303,1.0,0.0707,1.0,0.007346
124,75,963,88.751,27.893,1.0,0.1903,1.0,0.019775
124,5,397,76.762,114.282,1.0,0.0402,1.0,0.004174
124,24,1188,93.136,105.459,1.0,0.0528,1.0,0.005489
124,88,484,50.795,16.315,1.0,0.1862,1.0,0.019349
124,91,3278,97.764,79.27,1.0,0.0738,1.0,0.007665
124,42,226,75.889,135.53,1.0,0.0335,1.0,0.00348
124,35,683,80.734,84.92,1.0,0.0569,1.0,0.005908
124,98,359,70.086,95.096,1.0,0.0441,1.0,0.00458
124,49,480,35.477,136.986,1.0,0.0155,1.0,0.00161
124,52,546,31.57,119.36,1.0,0.0158,1.0,0.001644
124,6,331,44.893,91.387,1.0,0.0294,1.0,0.003053
124,62,1852,85.471,105.361,1.0,0.0485,1.0,0.005042
124,83,4357,86.657,76.579,1.0,0.0677,1.0,0.007033
124,55,1776,70.685,67.685,1.0,0.0625,1.0,0.00649
124,0,1844,79.656,68.637,1.0,0.0694,1.0,0.007212
124,89,2871,68.182,92.167,1.0,0.0442,1.0,0.004597
124,61,1475,38.141,37.526,1.0,0.0608,1.0,0.006317
124,67,333,58.937,127.004,1.0,0.0278,1.0,0.002884
124,63,2751,67.438,148.762,1.0,0.0271,1.0,0.002817
124,87,1334,44.588,38.916,1.0,0.0685,1.0,0.007121
124,12,209,30.021,80.194,1.0,0.0224,1.0,0.002326
124,73,313,73.21,92.538,1.0,0.0473,1.0,0.004917
124,32,1443,90.494,80.505,1.0,0.0672,1.0,0.006986
124,65,312,68.368,74.265,1.0,0.0551,1.0,0.005721
124,57,447,55.543,86.938,1.0,0.0382,1.0,0.00397
124,84,808,10.556,141.555,1.0,0.0045,1.0,0.000463
124,17,1361,62.897,124.78,1.0,0.0301,1.0,0.003133
124,69,2603,23.83,29.549,1.0,0.0482,1.0,0.005012
124,78,1113,86.837,13.275,1.0,0.3912,1.0,0.040653
124,38,1345,76.284,7.671,1.0,0.5948,1.0,0.061805
124,48,1450,43.51,103.875,1.0,0.0251,1.0,0.002603
124,10,1009,65.419,88.263,1.0,0.0443,1.0,0.004606
124,59,1909,94.918,57.116,1.0,0.0994,1.0,0.010328
124,43,1353,13.989,73.407,1.0,0.0114,1.0,0.001184
124,18,2841,39.186,8.936,1.0,0.2623,1.0,0.027252
124,45,900,61.368,118.613,1.0,0.0309,1.0,0.003215
124,71,2037,16.352,26.876,1.0,0.0364,1.0,0.003781
124,14,1317,75.351,7.451,1.0,0.6048,1.0,0.06285
124,7,601,42.657,91.017,1.0,0.028,1.0,0.002913
124,27,600,62.234,81.394,1.0,0.0457,1.0,0.004752
124,33,722,29.196,27.204,1.0,0.0642,1.0,0.00667
124,20,709,64.839,113.427,1.0,0.0342,1.0,0.003553
124,8,431,80.868,125.882,1.0,0.0384,1.0,0.003992
124,37,457,92.764,15.385,1.0,0.3606,1.0,0.037471
124,9,545,94.82,49.535,1.0,0.1145,1.0,0.011896
124,2,12078,21.031,42.426,1.0,0.0296,1.0,0.003081
124,85,1300,15.622,35.397,1.0,0.0264,1.0,0.002743
124,72,1537,75.51,25.613,1.0,0.1763,1.0,0.018322
124,29,3113,32.807,81.493,1.0,0.0241,1.0,0.002502
124,80,694,84.282,30.465,1.0,0.1655,1.0,0.017193
124,39,298,49.07,35.686,1.0,0.0822,1.0,0.008546
124,11,2133,11.001,109.242,1.0,0.006,1.0,0.000626
124,50,519,64.078,15.999,1.0,0.2395,1.0,0.024892
124,53,2420,58.731,137.43,1.0,0.0256,1.0,0.002656
124,64,1386,98.417,10.858,1.0,0.5421,1.0,0.05633
124,82,741,80.673,118.95,1.0,0.0406,1.0,0.004215
124,77,743,96.062,111.156,1.0,0.0517,1.0,0.005371
124,96,4682,61.581,118.886,1.0,0.031,1.0,0.003219
124,41,1043,38.477,11.468,1.0,0.2007,1.0,0.020852
124,97,376,47.509,88.82,1.0,0.032,1.0,0.003324
124,54,328,75.625,111.414,1.0,0.0406,1.0,0.004218
124,40,367,99.787,128.944,1.0,0.0463,1.0,0.004809
124,76,458,93.762,140.946,1.0,0.0398,1.0,0.004134
124,93,130,59.341,45.709,1.0,0.0776,1.0,0.008068
124,16,335,37.811,132.576,1.0,0.0171,1.0,0.001772
124,15,751,71.575,72.905,1.0,0.0587,1.0,0.006101
124,19,411,43.694,116.931,1.0,0.0223,1.0,0.002322
124,23,1483,14.265,80.142,1.0,0.0106,1.0,0.001106
124,99,639,76.267,149.618,1.0,0.0305,1.0,0.003168
124,94,539,21.47,15.183,1.0,0.0846,1.0,0.008788
124,90,1178,22.834,121.677,1.0,0.0112,1.0,0.001166
124,56,2557,94.929,128.443,1.0,0.0442,1.0,0.004593
124,70,1801,20.481,127.402,1.0,0.0096,1.0,0.000999
124,31,874,54.337,48.988,1.0,0.0663,1.0,0.006893
124,30,590,85.405,5.968,1.0,0.8559,1.0,0.088938
124,22,283,94.914,80.884,1.0,0.0702,1.0,0.007293
124,66,366,87.039,96.68,1.0,0.0538,1.0,0.005595
124,36,638,47.698,137.695,1.0,0.0207,1.0,0.002153
124,95,1166,87.236,44.882,1.0,0.1162,1.0,0.01208
124,4,163,91.504,16.198,1.0,0.3379,1.0,0.035108
124,1,783,68.707,11.347,1.0,0.3621,1.0,0.037629
124,86,1201,69.326,73.457,1.0,0.0564,1.0,0.005865
125,89,2871,68.182,92.167,1.0,0.0442,1.0,0.004597
125,49,480,35.477,136.986,1.0,0.0155,1.0,0.00161
125,81,3468,71.412,12.804,1.0,0.3336,1.0,0.034661
125,26,1079,53.593,128.007,1.0,0.025,1.0,0.002602
125,31,874,54.337,48.988,1.0,0.0663,1.0,0.006893
125,53,2420,58.731,137.43,1.0,0.0256,1.0,0.002656
125,68,468,93.744,79.303,1.0,0.0707,1.0,0.007346
125,25,132,47.29,23.406,1.0,0.1208,1.0,0.012556
125,64,1386,98.417,10.858,1.0,0.5421,1.0,0.05633
125,91,3278,97.764,79.27,1.0,0.0738,1.0,0.007665
125,62,1852,85.471,105.361,1.0,0.0485,1.0,0.005042
125,63,2751,67.438,148.762,1.0,0.0271,1.0,0.002817
125,96,4682,61.581,118.886,1.0,0.031,1.0,0.003219
125,58,2874,85.148,91.5,1.0,0.0557,1.0,0.005783
125,33,722,29.196,27.204,1.0,0.0642,1.0,0.00667
125,44,2221,65.392,30.426,1.0,0.1285,1.0,0.013357
125,28,561,44.266,109.952,1.0,0.0241,1.0,0.002502
125,98,359,70.086,95.096,1.0,0.0441,1.0,0.00458
125,39,298,49.07,35.686,1.0,0.0822,1.0,0.008546
125,15,751,71.575,72.905,1.0,0.0587,1.0,0.006101
125,34,171,82.57,147.901,1.0,0.0334,1.0,0.00347
125,7,601,42.657,91.017,1.0,0.028,1.0,0.002913
125,12,209,30.021,80.194,1.0,0.0224,1.0,0.002326
125,11,2133,11.001,109.242,1.0,0.006,1.0,0.000626
125,72,1537,75.51,25.613,1.0,0.1763,1.0,0.018322
125,41,1043,38.477,11.468,1.0,0.2007,1.0,0.020852
125,40,367,99.787,128.944,1.0,0.0463,1.0,0.004809
125,27,600,62.234,81.394,1.0,0.0457,1.0,0.004752
125,55,1776,70.685,67.685,1.0,0.0625,1.0,0.00649
125,73,313,73.21,92.538,1.0,0.0473,1.0,0.004917
125,0,1844,79.656,68.637,1.0,0.0694,1.0,0.007212
125,1,783,68.707,11.347,1.0,0.3621,1.0,0.037629
125,65,312,68.368,74.265,1.0,0.0551,1.0,0.005721
125,88,484,50.795,16.315,1.0,0.1862,1.0,0.019349
125,93,130,59.341,45.709,1.0,0.0776,1.0,0.008068
125,18,2841,39.186,8.936,1.0,0.2623,1.0,0.027252
125,3,104,61.582,81.631,1.0,0.0451,1.0,0.004688
125,23,1483,14.265,80.142,1.0,0.0106,1.0,0.001106
125,45,900,61.368,118.613,1.0,0.0309,1.0,0.003215
125,61,1475,38.141,37.526,1.0,0.0608,1.0,0.006317
125,85,1300,15.622,35.397,1.0,0.0264,1.0,0.002743
125,82,741,80.673,118.95,1.0,0.0406,1.0,0.004215
125,83,4357,86.657,76.579,1.0,0.0677,1.0,0.007033
125,80,694,84.282,30.465,1.0,0.1655,1.0,0.017193
125,19,411,43.694,116.931,1.0,0.0223,1.0,0.002322
125,48,1450,43.51,103.875,1.0,0.0251,1.0,0.002603
125,2,12078,21.031,42.426,1.0,0.0296,1.0,0.003081
125,71,2037,16.352,26.876,1.0,0.0364,1.0,0.003781
125,99,639,76.267,149.618,1.0,0.0305,1.0,0.003168
125,67,333,58.937,127.004,1.0,0.0278,1.0,0.002884
125,87,1334,44.588,38.916,1.0,0.0685,1.0,0.007121
125,52,546,31.57,119.36,1.0,0.0158,1.0,0.001644
125,74,508,25.513,132.154,1.0,0.0115,1.0,0.0012
125,69,2603,23.83,29.549,1.0,0.0482,1.0,0.005012
125,9,545,94.82,49.535,1.0,0.1145,1.0,0.011896
125,60,955,24.399,89.962,1.0,0.0162,1.0,0.001686
125,20,709,64.839,113.427,1.0,0.0342,1.0,0.003553
125,56,2557,94.929,128.443,1.0,0.0442,1.0,0.004593
125,6,331,44.893,91.387,1.0,0.0294,1.0,0.003053
125,57,447,55.543,86.938,1.0,0.0382,1.0,0.00397
125,13,128,84.903,131.244,1.0,0.0387,1.0,0.00402
125,66,366,87.039,96.68,1.0,0.0538,1.0,0.005595
125,90,1178,22.834,121.677,1.0,0.0112,1.0,0.001166
125,95,1166,87.236,44.882,1.0,0.1162,1.0,0.01208
125,59,1909,94.918,57.116,1.0,0.0994,1.0,0.010328
125,29,3113,32.807,81.493,1.0,0.0241,1.0,0.002502
125,17,1361,62.897,124.78,1.0,0.0301,1.0,0.003133
125,21,424,60.407,148.878,1.0,0.0243,1.0,0.002522
125,10,1009,65.419,88.263,1.0,0.0443,1.0,0.004606
125,22,283,94.914,80.884,1.0,0.0702,1.0,0.007293
125,35,683,80.734,84.92,1.0,0.0569,1.0,0.005908
125,30,590,85.405,5.968,1.0,0.8559,1.0,0.088938
125,78,1113,86.837,13.275,1.0,0.3912,1.0,0.040653
125,94,539,21.47,15.183,1.0,0.0846,1.0,0.008788
125,38,1345,76.284,7.671,1.0,0.5948,1.0,0.061805
125,77,743,96.062,111.156,1.0,0.0517,1.0,0.005371
125,51,179,98.694,83.761,1.0,0.0705,1.0,0.007323
125,84,808,10.556,141.555,1.0,0.0045,1.0,0.000463
125,14,1317,75.351,7.451,1.0,0.6048,1.0,0.06285
125,79,3472,66.953,48.196,1.0,0.0831,1.0,0.008634
125,32,1443,90.494,80.505,1.0,0.0672,1.0,0.006986
125,36,638,47.698,137.695,1.0,0.0207,1.0,0.002153
125,97,376,47.509,88.82,1.0,0.032,1.0,0.003324
125,47,1284,61.82,116.641,1.0,0.0317,1.0,0.003294
125,43,1353,13.989,73.407,1.0,0.0114,1.0,0.001184
125,4,163,91.504,16.198,1.0,0.3379,1.0,0.035108
125,37,457,92.764,15.385,1.0,0.3606,1.0,0.037471
125,75,963,88.751,27.893,1.0,0.1903,1.0,0.019775
125,76,458,93.762,140.946,1.0,0.0398,1.0,0.004134
125,5,397,76.762,114.282,1.0,0.0402,1.0,0.004174
125,70,1801,20.481,127.402,1.0,0.0096,1.0,0.000999
125,54,328,75.625,111.414,1.0,0.0406,1.0,0.004218
125,8,431,80.868,125.882,1.0,0.0384,1.0,0.003992
125,92,1459,97.163,78.118,1.0,0.0744,1.0,0.00773
125,16,335,37.811,132.576,1.0,0.0171,1.0,0.001772
125,50,519,64.078,15.999,1.0,0.2395,1.0,0.024892
125,42,226,75.889,135.53,1.0,0.0335,1.0,0.00348
125,24,1188,93.136,105.459,1.0,0.0528,1.0,0.005489
125,46,380,28.562,106.962,1.0,0.016,1.0,0.00166
125,86,1201,69.326,73.457,1.0,0.0564,1.0,0.005865
126,97,376,47.509,88.82,1.0,0.032,1.0,0.003324
126,91,3278,97.764,79.27,1.0,0.0738,1.0,0.007665
126,95,1166,87.236,44.882,1.0,0.1162,1.0,0.01208
126,31,874,54.337,48.988,1.0,0.0663,1.0,0.006893
126,42,226,75.889,135.53,1.0,0.0335,1.0,0.00348
126,92,1459,97.163,78.118,1.0,0.0744,1.0,0.00773
126,83,4357,86.657,76.579,1.0,0.0677,1.0,0.007033
126,55,1776,70.685,67.685,1.0,0.0625,1.0,0.00649
126,89,2871,68.182,92.167,1.0,0.0442,1.0,0.004597
126,11,2133,11.001,109.242,1.0,0.006,1.0,0.000626
126,10,1009,65.419,88.263,1.0,0.0443,1.0,0.004606
126,96,4682,61.581,118.886,1.0,0.031,1.0,0.003219
126,90,1178,22.834,121.677,1.0,0.0112,1.0,0.001166
126,49,480,35.477,136.986,1.0,0.0155,1.0,0.00161
126,4,163,91.504,16.198,1.0,0.3379,1.0,0.035108
126,27,600,62.234,81.394,1.0,0.0457,1.0,0.004752
126,47,1284,61.82,116.641,1.0,0.0317,1.0,0.003294
126,44,2221,65.392,30.426,1.0,0.1285,1.0,0.013357
126,71,2037,16.352,26.876,1.0,0.0364,1.0,0.003781
126,74,508,25.513,132.154,1.0,0.0115,1.0,0.0012
126,60,955,24.399,89.962,1.0,0.0162,1.0,0.001686
126,80,694,84.282,30.465,1.0,0.1655,1.0,0.017193
126,79,3472,66.953,48.196,1.0,0.0831,1.0,0.008634
126,8,431,80.868,125.882,1.0,0.0384,1.0,0.003992
126,36,638,47.698,137.695,1.0,0.0207,1.0,0.002153
126,75,963,88.751,27.893,1.0,0.1903,1.0,0.019775
126,18,2841,39.186,8.936,1.0,0.2623,1.0,0.027252
126,82,741,80.673,118.95,1.0,0.0406,1.0,0.004215
126,88,484,50.795,16.315,1.0,0.1862,1.0,0.019349
126,13,128,84.903,131.244,1.0,0.0387,1.0,0.00402
126,78,1113,86.837,13.275,1.0,0.3912,1.0,0.040653
126,73,313,73.21,92.538,1.0,0.0473,1.0,0.004917
126,39,298,49.07,35.686,1.0,0.0822,1.0,0.008546
126,93,130,59.341,45.709,1.0,0.0776,1.0,0.008068
126,37,457,92.764,15.385,1.0,0.3606,1.0,0.037471
126,50,519,64.078,15.999,1.0,0.2395,1.0,0.024892
126,57,447,55.543,86.938,1.0,0.0382,1.0,0.00397
126,41,1043,38.477,11.468,1.0,0.2007,1.0,0.020852
126,56,2557,94.929,128.443,1.0,0.0442,1.0,0.004593
126,28,561,44.266,109.952,1.0,0.0241,1.0,0.002502
126,65,312,68.368,74.265,1.0,0.0551,1.0,0.005721
126,61,1475,38.141,37.526,1.0,0.0608,1.0,0.006317
126,72,1537,75.51,25.613,1.0,0.1763,1.0,0.018322
126,2,12078,21.031,42.426,1.0,0.0296,1.0,0.003081
126,81,3468,71.412,12.804,1.0,0.3336,1.0,0.034661
126,17,1361,62.897,124.78,1.0,0.0301,1.0,0.003133
126,68,468,93.744,79.303,1.0,0.0707,1.0,0.007346
126,22,283,94.914,80.884,1.0,0.0702,1.0,0.007293
126,34,171,82.57,147.901,1.0,0.0334,1.0,0.00347
126,48,1450,43.51,103.875,1.0,0.0251,1.0,0.002603
126,94,539,21.47,15.183,1.0,0.0846,1.0,0.008788
126,7,601,42.657,91.017,1.0,0.028,1.0,0.002913
126,62,1852,85.471,105.361,1.0,0.0485,1.0,0.005042
126,51,179,98.694,83.761,1.0,0.0705,1.0,0.007323
126,25,132,47.29,23.406,1.0,0.1208,1.0,0.012556
126,38,1345,76.284,7.671,1.0,0.5948,1.0,0.061805
126,98,359,70.086,95.096,1.0,0.0441,1.0,0.00458
126,58,2874,85.148,91.5,1.0,0.0557,1.0,0.005783
126,66,366,87.039,96.68,1.0,0.0538,1.0,0.005595
126,43,1353,13.989,73.407,1.0,0.0114,1.0,0.001184
126,16,335,37.811,132.576,1.0,0.0171,1.0,0.001772
126,21,424,60.407,148.878,1.0,0.0243,1.0,0.002522
126,35,683,80.734,84.92,1.0,0.0569,1.0,0.005908
126,53,2420,58.731,137.43,1.0,0.0256,1.0,0.002656
126,86,1201,69.326,73.457,1.0,0.0564,1.0,0.005865
126,30,590,85.405,5.968,1.0,0.8559,1.0,0.088938
126,46,380,28.562,106.962,1.0,0.016,1.0,0.00166
126,0,1844,79.656,68.637,1.0,0.0694,1.0,0.007212
126,84,808,10.556,141.555,1.0,0.0045,1.0,0.000463
126,87,1334,44.588,38.916,1.0,0.0685,1.0,0.007121
126,70,1801,20.481,127.402,1.0,0.0096,1.0,0.000999
126,19,411,43.694,116.931,1.0,0.0223,1.0,0.002322
126,67,333,58.937,127.004,1.0,0.0278,1.0,0.002884
126,23,1483,14.265,80.142,1.0,0.0106,1.0,0.001106
126,20,709,64.839,113.427,1.0,0.0342,1.0,0.003553
126,12,209,30.021,80.194,1.0,0.0224,1.0,0.002326
126,76,458,93.762,140.946,1.0,0.0398,1.0,0.004134
126,33,722,29.196,27.204,1.0,0.0642,1.0,0.00667
126,99,639,76.267,149.618,1.0,0.0305,1.0,0.003168
126,77,743,96.062,111.156,1.0,0.0517,1.0,0.005371
126,1,783,68.707,11.347,1.0,0.3621,1.0,0.037629
126,63,2751,67.438,148.762,1.0,0.0271,1.0,0.002817
126,45,900,61.368,118.613,1.0,0.0309,1.0,0.003215
126,32,1443,90.494,80.505,1.0,0.0672,1.0,0.006986
126,64,1386,98.417,10.858,1.0,0.5421,1.0,0.05633
126,85,1300,15.622,35.397,1.0,0.0264,1.0,0.002743
126,54,328,75.625,111.414,1.0,0.0406,1.0,0.004218
126,69,2603,23.83,29.549,1.0,0.0482,1.0,0.005012
126,3,104,61.582,81.631,1.0,0.0451,1.0,0.004688
126,40,367,99.787,128.944,1.0,0.0463,1.0,0.004809
126,59,1909,94.918,57.116,1.0,0.0994,1.0,0.010328
126,5,397,76.762,114.282,1.0,0.0402,1.0,0.004174
126,9,545,94.82,49.535,1.0,0.1145,1.0,0.011896
126,26,1079,53.593,128.007,1.0,0.025,1.0,0.002602
126,14,1317,75.351,7.451,1.0,0.6048,1.0,0.06285
126,6,331,44.893,91.387,1.0,0.0294,1.0,0.003053
126,15,751,71.575,72.905,1.0,0.0587,1.0,0.006101
126,29,3113,32.807,81.493,1.0,0.0241,1.0,0.002502
126,24,1188,93.136,105.459,1.0,0.0528,1.0,0.005489
126,52,546,31.57,119.36,1.0,0.0158,1.0,0.001644
127,2,12078,21.031,42.426,1.0,0.0296,1.0,0.003081
127,18,2841,39.186,8.936,1.0,0.2623,1.0,0.027252
127,7,601,42.657,91.017,1.0,0.028,1.0,0.002913
127,75,963,88.751,27.893,1.0,0.1903,1.0,0.019775
127,66,366,87.039,96.68,1.0,0.0538,1.0,0.005595
127,19,411,43.694,116.931,1.0,0.0223,1.0,0.002322
127,37,457,92.764,15.385,1.0,0.3606,1.0,0.037471
127,3,104,61.582,81.631,1.0,0.0451,1.0,0.004688
127,45,900,61.368,118.613,1.0,0.0309,1.0,0.003215
127,14,1317,75.351,7.451,1.0,0.6048,1.0,0.06285
127,4,163,91.504,16.198,1.0,0.3379,1.0,0.035108
127,96,4682,61.581,118.886,1.0,0.031,1.0,0.003219
127,94,539,21.47,15.183,1.0,0.0846,1.0,0.008788
127,1,783,68.707,11.347,1.0,0.3621,1.0,0.037629
127,98,359,70.086,95.096,1.0,0.0441,1.0,0.00458
127,9,545,94.82,49.535,1.0,0.1145,1.0,0.011896
127,83,4357,86.657,76.579,1.0,0.0677,1.0,0.007033
127,12,209,30.021,80.194,1.0,0.0224,1.0,0.002326
127,27,600,62.234,81.394,1.0,0.0457,1.0,0.004752
127,24,1188,93.136,105.459,1.0,0.0528,1.0,0.005489
127,43,1353,13.989,73.407,1.0,0.0114,1.0,0.001184
127,55,1776,70.685,67.685,1.0,0.0625,1.0,0.00649
127,67,333,58.937,127.004,1.0,0.0278,1.0,0.002884
127,74,508,25.513,132.154,1.0,0.0115,1.0,0.0012
127,79,3472,66.953,48.196,1.0,0.0831,1.0,0.008634
127,70,1801,20.481,127.402,1.0,0.0096,1.0,0.000999
127,29,3113,32.807,81.493,1.0,0.0241,1.0,0.002502
127,95,1166,87.236,44.882,1.0,0.1162,1.0,0.01208
127,15,751,71.575,72.905,1.0,0.0587,1.0,0.006101
127,34,171,82.57,147.901,1.0,0.0334,1.0,0.00347
127,99,639,76.267,149.618,1.0,0.0305,1.0,0.003168
127,6,331,44.893,91.387,1.0,0.0294,1.0,0.003053
127,47,1284,61.82,116.641,1.0,0.0317,1.0,0.003294
127,25,132,47.29,23.406,1.0,0.1208,1.0,0.012556
127,81,3468,71.412,12.804,1.0,0.3336,1.0,0.034661
127,84,808,10.556,141.555,1.0,0.0045,1.0,0.000463
127,32,1443,90.494,80.505,1.0,0.0672,1.0,0.006986
127,30,590,85.405,5.968,1.0,0.8559,1.0,0.088938
127,87,1334,44.588,38.916,1.0,0.0685,1.0,0.007121
127,38,1345,76.284,7.671,1.0,0.5948,1.0,0.061805
127,48,1450,43.51,103.875,1.0,0.0251,1.0,0.002603
127,65,312,68.368,74.265,1.0,0.0551,1.0,0.005721
127,68,468,93.744,79.303,1.0,0.0707,1.0,0.007346
127,72,1537,75.51,25.613,1.0,0.1763,1.0,0.018322
127,26,1079,53.593,128.007,1.0,0.025,1.0,0.002602
127,78,1113,86.837,13.275,1.0,0.3912,1.0,0.040653
127,31,874,54.337,48.988,1.0,0.0663,1.0,0.006893
127,42,226,75.889,135.53,1.0,0.0335,1.0,0.00348
127,91,3278,97.764,79.27,1.0,0.0738,1.0,0.007665
127,57,447,55.543,86.938,1.0,0.0382,1.0,0.00397
127,13,128,84.903,131.244,1.0,0.0387,1.0,0.00402
127,46,380,28.562,106.962,1.0,0.016,1.0,0.00166
127,49,480,35.477,136.986,1.0,0.0155,1.0,0.00161
127,97,376,47.509,88.82,1.0,0.032,1.0,0.003324
127,21,424,60.407,148.878,1.0,0.0243,1.0,0.002522
127,62,1852,85.471,105.361,1.0,0.0485,1.0,0.005042
127,41,1043,38.477,11.468,1.0,0.2007,1.0,0.020852
127,39,298,49.07,35.686,1.0,0.0822,1.0,0.008546
127,53,2420,58.731,137.43,1.0,0.0256,1.0,0.002656
127,56,2557,94.929,128.443,1.0,0.0442,1.0,0.004593
127,40,367,99.787,128.944,1.0,0.0463,1.0,0.004809
127,33,722,29.196,27.204,1.0,0.0642,1.0,0.00667
127,35,683,80.734,84.92,1.0,0.0569,1.0,0.005908
127,51,179,98.694,83.761,1.0,0.0705,1.0,0.007323
127,71,2037,16.352,26.876,1.0,0.0364,1.0,0.003781
127,92,1459,97.163,78.118,1.0,0.0744,1.0,0.00773
127,44,2221,65.392,30.426,1.0,0.1285,1.0,0.013357
127,8,431,80.868,125.882,1.0,0.0384,1.0,0.003992
127,89,2871,68.182,92.167,1.0,0.0442,1.0,0.004597
127,0,1844,79.656,68.637,1.0,0.0694,1.0,0.007212
127,88,484,50.795,16.315,1.0,0.1862,1.0,0.019349
127,10,1009,65.419,88.263,1.0,0.0443,1.0,0.004606
127,63,2751,67.438,148.762,1.0,0.0271,1.0,0.002817
127,76,458,93.762,140.946,1.0,0.0398,1.0,0.004134
127,23,1483,14.265,80.142,1.0,0.0106,1.0,0.001106
127,20,709,64.839,113.427,1.0,0.0342,1.0,0.003553
127,11,2133,11.001,109.242,1.0,0.006,1.0,0.000626
127,17,1361,62.897,124.78,1.0,0.0301,1.0,0.003133
127,61,1475,38.141,37.526,1.0,0.0608,1.0,0.006317
127,90,1178,22.834,121.677,1.0,0.0112,1.0,0.001166
127,77,743,96.062,111.156,1.0,0.0517,1.0,0.005371
127,16,335,37.811,132.576,1.0,0.0171,1.0,0.001772
127,69,2603,23.83,29.549,1.0,0.0482,1.0,0.005012
127,50,519,64.078,15.999,1.0,0.2395,1.0,0.024892
127,52,546,31.57,119.36,1.0,0.0158,1.0,0.001644
127,28,561,44.266,109.952,1.0,0.0241,1.0,0.002502
127,73,313,73.21,92.538,1.0,0.0473,1.0,0.004917
127,54,328,75.625,111.414,1.0,0.0406,1.0,0.004218
127,36,638,47.698,137.695,1.0,0.0207,1.0,0.002153
127,82,741,80.673,118.95,1.0,0.0406,1.0,0.004215
127,5,397,76.762,114.282,1.0,0.0402,1.0,0.004174
127,85,1300,15.622,35.397,1.0,0.0264,1.0,0.002743
127,60,955,24.399,89.962,1.0,0.0162,1.0,0.001686
127,80,694,84.282,30.465,1.0,0.1655,1.0,0.017193
127,58,2874,85.148,91.5,1.0,0.0557,1.0,0.005783
127,59,1909,94.918,57.116,1.0,0.0994,1.0,0.010328
127,86,1201,69.326,73.457,1.0,0.0564,1.0,0.005865
127,93,130,59.341,45.709,1.0,0.0776,1.0,0.008068
127,64,1386,98.417,10.858,1.0,0.5421,1.0,0.05633
127,22,283,94.914,80.884,1.0,0.0702,1.0,0.007293
128,85,1300,15.622,35.397,1.0,0.0264,1.0,0.002743
128,79,3472,66.953,48.196,1.0,0.0831,1.0,0.008634
128,91,3278,97.764,79.27,1.0,0.0738,1.0,0.007665
128,23,1483,14.265,80.142,1.0,0.0106,1.0,0.001106
128,71,2037,16.352,26.876,1.0,0.0364,1.0,0.003781
128,67,333,58.937,127.004,1.0,0.0278,1.0,0.002884
128,96,4682,61.581,118.886,1.0,0.031,1.0,0.003219
128,90,1178,22.834,121.677,1.0,0.0112,1.0,0.001166
128,28,561,44.266,109.952,1.0,0.0241,1.0,0.002502
128,77,743,96.062,111.156,1.0,0.0517,1.0,0.005371
128,48,1450,43.51,103.875,1.0,0.0251,1.0,0.002603
128,14,1317,75.351,7.451,1.0,0.6048,1.0,0.06285
128,64,1386,98.417,10.858,1.0,0.5421,1.0,0.05633
128,29,3113,32.807,81.493,1.0,0.0241,1.0,0.002502
128,98,359,70.086,95.096,1.0,0.0441,1.0,0.00458
128,92,1459,97.163,78.118,1.0,0.0744,1.0,0.00773
128,21,424,60.407,148.878,1.0,0.0243,1.0,0.002522
128,33,722,29.196,27.204,1.0,0.0642,1.0,0.00667
128,8,431,80.868,125.882,1.0,0.0384,1.0,0.003992
128,82,741,80.673,118.95,1.0,0.0406,1.0,0.004215
128,50,519,64.078,15.999,1.0,0.2395,1.0,0.024892
128,40,367,99.787,128.944,1.0,0.0463,1.0,0.004809
128,72,1537,75.51,25.613,1.0,0.1763,1.0,0.018322
128,57,447,55.543,86.938,1.0,0.0382,1.0,0.00397
128,0,1844,79.656,68.637,1.0,0.0694,1.0,0.007212
128,12,209,30.021,80.194,1.0,0.0224,1.0,0.002326
128,49,480,35.477,136.986,1.0,0.0155,1.0,0.00161
128,34,171,82.57,147.901,1.0,0.0334,1.0,0.00347
128,39,298,49.07,35.686,1.0,0.0822,1.0,0.008546
128,15,751,71.575,72.905,1.0,0.0587,1.0,0.006101
128,81,3468,71.412,12.804,1.0,0.3336,1.0,0.034661
128,10,1009,65.419,88.263,1.0,0.0443,1.0,0.004606
128,83,4357,86.657,76.579,1.0,0.0677,1.0,0.007033
128,84,808,10.556,141.555,1.0,0.0045,1.0,0.000463
128,45,900,61.368,118.613,1.0,0.0309,1.0,0.003215
128,55,1776,70.685,67.685,1.0,0.0625,1.0,0.00649
128,3,104,61.582,81.631,1.0,0.0451,1.0,0.004688
128,61,1475,38.141,37.526,1.0,0.0608,1.0,0.006317
128,52,546,31.57,119.36,1.0,0.0158,1.0,0.001644
128,16,335,37.811,132.576,1.0,0.0171,1.0,0.001772
128,26,1079,53.593,128.007,1.0,0.025,1.0,0.002602
128,89,2871,68.182,92.167,1.0,0.0442,1.0,0.004597
128,46,380,28.562,106.962,1.0,0.016,1.0,0.00166
128,30,590,85.405,5.968,1.0,0.8559,1.0,0.088938
128,1,783,68.707,11.347,1.0,0.3621,1.0,0.037629
128,27,600,62.234,81.394,1.0,0.0457,1.0,0.004752
128,93,130,59.341,45.709,1.0,0.0776,1.0,0.008068
128,66,366,87.039,96.68,1.0,0.0538,1.0,0.005595
128,74,508,25.513,132.154,1.0,0.0115,1.0,0.0012
128,53,2420,58.731,137.43,1.0,0.0256,1.0,0.002656
128,18,2841,39.186,8.936,1.0,0.2623,1.0,0.027252
128,65,312,68.368,74.265,1.0,0.0551,1.0,0.005721
128,11,2133,11.001,109.242,1.0,0.006,1.0,0.000626
128,25,132,47.29,23.406,1.0,0.1208,1.0,0.012556
128,60,955,24.399,89.962,1.0,0.0162,1.0,0.001686
128,36,638,47.698,137.695,1.0,0.0207,1.0,0.002153
128,44,2221,65.392,30.426,1.0,0.1285,1.0,0.013357
128,31,874,54.337,48.988,1.0,0.0663,1.0,0.006893
128,80,694,84.282,30.465,1.0,0.1655,1.0,0.017193
128,78,1113,86.837,13.275,1.0,0.3912,1.0,0.040653
128,9,545,94.82,49.535,1.0,0.1145,1.0,0.011896
128,97,376,47.509,88.82,1.0,0.032,1.0,0.003324
128,7,601,42.657,91.017,1.0,0.028,1.0,0.002913
128,32,1443,90.494,80.505,1.0,0.0672,1.0,0.006986
128,88,484,50.795,16.315,1.0,0.1862,1.0,0.019349
128,22,283,94.914,80.884,1.0,0.0702,1.0,0.007293
128,13,128,84.903,131.244,1.0,0.0387,1.0,0.00402
128,38,1345,76.284,7.671,1.0,0.5948,1.0,0.061805
128,54,328,75.625,111.414,1.0,0.0406,1.0,0.004218
128,5,397,76.762,114.282,1.0,0.0402,1.0,0.004174
128,41,1043,38.477,11.468,1.0,0.2007,1.0,0.020852
128,94,539,21.47,15.183,1.0,0.0846,1.0,0.008788
128,6,331,44.893,91.387,1.0,0.0294,1.0,0.003053
128,73,313,73.21,92.538,1.0,0.0473,1.0,0.004917
128,68,468,93.744,79.303,1.0,0.0707,1.0,0.007346
128,99,639,76.267,149.618,1.0,0.0305,1.0,0.003168
128,75,963,88.751,27.893,1.0,0.1903,1.0,0.019775
128,63,2751,67.438,148.762,1.0,0.0271,1.0,0.002817
128,35,683,80.734,84.92,1.0,0.0569,1.0,0.005908
128,95,1166,87.236,44.882,1.0,0.1162,1.0,0.01208
128,43,1353,13.989,73.407,1.0,0.0114,1.0,0.001184
128,24,1188,93.136,105.459,1.0,0.0528,1.0,0.005489
128,4,163,91.504,16.198,1.0,0.3379,1.0,0.035108
128,62,1852,85.471,105.361,1.0,0.0485,1.0,0.005042
128,69,2603,23.83,29.549,1.0,0.0482,1.0,0.005012
128,86,1201,69.326,73.457,1.0,0.0564,1.0,0.005865
128,19,411,43.694,116.931,1.0,0.0223,1.0,0.002322
128,59,1909,94.918,57.116,1.0,0.0994,1.0,0.010328
128,2,12078,21.031,42.426,1.0,0.0296,1.0,0.003081
128,76,458,93.762,140.946,1.0,0.0398,1.0,0.004134
128,58,2874,85.148,91.5,1.0,0.0557,1.0,0.005783
128,47,1284,61.82,116.641,1.0,0.0317,1.0,0.003294
128,17,1361,62.897,124.78,1.0,0.0301,1.0,0.003133
128,37,457,92.764,15.385,1.0,0.3606,1.0,0.037471
128,51,179,98.694,83.761,1.0,0.0705,1.0,0.007323
128,42,226,75.889,135.53,1.0,0.0335,1.0,0.00348
128,20,709,64.839,113.427,1.0,0.0342,1.0,0.003553
128,87,1334,44.588,38.916,1.0,0.0685,1.0,0.007121
128,70,1801,20.481,127.402,1.0,0.0096,1.0,0.000999
128,56,2557,94.929,128.443,1.0,0.0442,1.0,0.004593
129,42,226,75.889,135.53,1.0,0.0335,1.0,0.00348
129,90,1178,22.834,121.677,1.0,0.0112,1.0,0.001166
129,91,3278,97.764,79.27,1.0,0.0738,1.0,0.007665
129,26,1079,53.593,128.007,1.0,0.025,1.0,0.002602
129,14,1317,75.351,7.451,1.0,0.6048,1.0,0.06285
129,71,2037,16.352,26.876,1.0,0.0364,1.0,0.003781
129,89,2871,68.182,92.167,1.0,0.0442,1.0,0.004597
129,32,1443,90.494,80.505,1.0,0.0672,1.0,0.006986
129,97,376,47.509,88.82,1.0,0.032,1.0,0.003324
129,65,312,68.368,74.265,1.0,0.0551,1.0,0.005721
129,76,458,93.762,140.946,1.0,0.0398,1.0,0.004134
129,18,2841,39.186,8.936,1.0,0.2623,1.0,0.027252
129,47,1284,61.82,116.641,1.0,0.0317,1.0,0.003294
129,93,130,59.341,45.709,1.0,0.0776,1.0,0.008068
129,99,639,76.267,149.618,1.0,0.0305,1.0,0.003168
129,53,2420,58.731,137.43,1.0,0.0256,1.0,0.002656
129,33,722,29.196,27.204,1.0,0.0642,1.0,0.00667
129,25,132,47.29,23.406,1.0,0.1208,1.0,0.012556
129,82,741,80.673,118.95,1.0,0.0406,1.0,0.004215
129,34,171,82.57,147.901,1.0,0.0334,1.0,0.00347
129,0,1844,79.656,68.637,1.0,0.0694,1.0,0.007212
129,11,2133,11.001,109.242,1.0,0.006,1.0,0.000626
129,51,179,98.694,83.761,1.0,0.0705,1.0,0.007323
129,6,331,44.893,91.387,1.0,0.0294,1.0,0.003053
129,23,1483,14.265,80.142,1.0,0.0106,1.0,0.001106
129,59,1909,94.918,57.116,1.0,0.0994,1.0,0.010328
129,95,1166,87.236,44.882,1.0,0.1162,1.0,0.01208
129,62,1852,85.471,105.361,1.0,0.0485,1.0,0.005042
129,61,1475,38.141,37.526,1.0,0.0608,1.0,0.006317
129,41,1043,38.477,11.468,1.0,0.2007,1.0,0.020852
129,98,359,70.086,95.096,1.0,0.0441,1.0,0.00458
129,43,1353,13.989,73.407,1.0,0.0114,1.0,0.001184
129,44,2221,65.392,30.426,1.0,0.1285,1.0,0.013357
129,80,694,84.282,30.465,1.0,0.1655,1.0,0.017193
129,78,1113,86.837,13.275,1.0,0.3912,1.0,0.040653
129,17,1361,62.897,124.78,1.0,0.0301,1.0,0.003133
129,45,900,61.368,118.613,1.0,0.0309,1.0,0.003215
129,49,480,35.477,136.986,1.0,0.0155,1.0,0.00161
129,79,3472,66.953,48.196,1.0,0.0831,1.0,0.008634
129,9,545,94.82,49.535,1.0,0.1145,1.0,0.011896
129,56,2557,94.929,128.443,1.0,0.0442,1.0,0.004593
129,21,424,60.407,148.878,1.0,0.0243,1.0,0.002522
129,27,600,62.234,81.394,1.0,0.0457,1.0,0.004752
129,22,283,94.914,80.884,1.0,0.0702,1.0,0.007293
129,40,367,99.787,128.944,1.0,0.0463,1.0,0.004809
129,30,590,85.405,5.968,1.0,0.8559,1.0,0.088938
129,96,4682,61.581,118.886,1.0,0.031,1.0,0.003219
129,75,963,88.751,27.893,1.0,0.1903,1.0,0.019775
129,72,1537,75.51,25.613,1.0,0.1763,1.0,0.018322
129,67,333,58.937,127.004,1.0,0.0278,1.0,0.002884
129,64,1386,98.417,10.858,1.0,0.5421,1.0,0.05633
129,50,519,64.078,15.999,1.0,0.2395,1.0,0.024892
129,20,709,64.839,113.427,1.0,0.0342,1.0,0.003553
129,31,874,54.337,48.988,1.0,0.0663,1.0,0.006893
129,24,1188,93.136,105.459,1.0,0.0528,1.0,0.005489
129,12,209,30.021,80.194,1.0,0.0224,1.0,0.002326
129,36,638,47.698,137.695,1.0,0.0207,1.0,0.002153
129,38,1345,76.284,7.671,1.0,0.5948,1.0,0.061805
129,46,380,28.562,106.962,1.0,0.016,1.0,0.00166
129,77,743,96.062,111.156,1.0,0.0517,1.0,0.005371
129,16,335,37.811,132.576,1.0,0.0171,1.0,0.001772
129,73,313,73.21,92.538,1.0,0.0473,1.0,0.004917
129,88,484,50.795,16.315,1.0,0.1862,1.0,0.019349
129,69,2603,23.83,29.549,1.0,0.0482,1.0,0.005012
129,85,1300,15.622,35.397,1.0,0.0264,1.0,0.002743
129,5,397,76.762,114.282,1.0,0.0402,1.0,0.004174
129,1,783,68.707,11.347,1.0,0.3621,1.0,0.037629
129,3,104,61.582,81.631,1.0,0.0451,1.0,0.004688
129,74,508,25.513,132.154,1.0,0.0115,1.0,0.0012
129,55,1776,70.685,67.685,1.0,0.0625,1.0,0.00649
129,48,1450,43.51,103.875,1.0,0.0251,1.0,0.002603
129,13,128,84.903,131.244,1.0,0.0387,1.0,0.00402
129,37,457,92.764,15.385,1.0,0.3606,1.0,0.037471
129,19,411,43.694,116.931,1.0,0.0223,1.0,0.002322
129,28,561,44.266,109.952,1.0,0.0241,1.0,0.002502
129,63,2751,67.438,148.762,1.0,0.0271,1.0,0.002817
129,66,366,87.039,96.68,1.0,0.0538,1.0,0.005595
129,52,546,31.57,119.36,1.0,0.0158,1.0,0.001644
129,4,163,91.504,16.198,1.0,0.3379,1.0,0.035108
129,35,683,80.734,84.92,1.0,0.0569,1.0,0.005908
129,87,1334,44.588,38.916,1.0,0.0685,1.0,0.007121
129,54,328,75.625,111.414,1.0,0.0406,1.0,0.004218
129,92,1459,97.163,78.118,1.0,0.0744,1.0,0.00773
129,68,468,93.744,79.303,1.0,0.0707,1.0,0.007346
129,81,3468,71.412,12.804,1.0,0.3336,1.0,0.034661
129,39,298,49.07,35.686,1.0,0.0822,1.0,0.008546
129,94,539,21.47,15.183,1.0,0.0846,1.0,0.008788
129,15,751,71.575,72.905,1.0,0.0587,1.0,0.006101
129,2,12078,21.031,42.426,1.0,0.0296,1.0,0.003081
129,83,4357,86.657,76.579,1.0,0.0677,1.0,0.007033
129,8,431,80.868,125.882,1.0,0.0384,1.0,0.003992
129,70,1801,20.481,127.402,1.0,0.0096,1.0,0.000999
129,7,601,42.657,91.017,1.0,0.028,1.0,0.002913
129,86,1201,69.326,73.457,1.0,0.0564,1.0,0.005865
129,58,2874,85.148,91.5,1.0,0.0557,1.0,0.005783
129,29,3113,32.807,81.493,1.0,0.0241,1.0,0.002502
129,10,1009,65.419,88.263,1.0,0.0443,1.0,0.004606
129,84,808,10.556,141.555,1.0,0.0045,1.0,0.000463
129,60,955,24.399,89.962,1.0,0.0162,1.0,0.001686
129,57,447,55.543,86.938,1.0,0.0382,1.0,0.00397
130,13,128,84.903,131.244,1.0,0.0387,1.0,0.00402
130,52,546,31.57,119.36,1.0,0.0158,1.0,0.001644
130,51,179,98.694,83.761,1.0,0.0705,1.0,0.007323
130,96,4682,61.581,118.886,1.0,0.031,1.0,0.003219
130,69,2603,23.83,29.549,1.0,0.0482,1.0,0.005012
130,27,600,62.234,81.394,1.0,0.0457,1.0,0.004752
130,35,683,80.734,84.92,1.0,0.0569,1.0,0.005908
130,46,380,28.562,106.962,1.0,0.016,1.0,0.00166
130,47,1284,61.82,116.641,1.0,0.0317,1.0,0.003294
130,49,480,35.477,136.986,1.0,0.0155,1.0,0.00161
130,25,132,47.29,23.406,1.0,0.1208,1.0,0.012556
130,79,3472,66.953,48.196,1.0,0.0831,1.0,0.008634
130,42,226,75.889,135.53,1.0,0.0335,1.0,0.00348
130,77,743,96.062,111.156,1.0,0.0517,1.0,0.005371
130,36,638,47.698,137.695,1.0,0.0207,1.0,0.002153
130,34,171,82.57,147.901,1.0,0.0334,1.0,0.00347
130,16,335,37.811,132.576,1.0,0.0171,1.0,0.001772
130,37,457,92.764,15.385,1.0,0.3606,1.0,0.037471
130,24,1188,93.136,105.459,1.0,0.0528,1.0,0.005489
130,74,508,25.513,132.154,1.0,0.0115,1.0,0.0012
130,87,1334,44.588,38.916,1.0,0.0685,1.0,0.007121
130,40,367,99.787,128.944,1.0,0.0463,1.0,0.004809
130,55,1776,70.685,67.685,1.0,0.0625,1.0,0.00649
130,76,458,93.762,140.946,1.0,0.0398,1.0,0.004134
130,94,539,21.47,15.183,1.0,0.0846,1.0,0.008788
130,53,2420,58.731,137.43,1.0,0.0256,1.0,0.002656
130,57,447,55.543,86.938,1.0,0.0382,1.0,0.00397
130,81,3468,71.412,12.804,1.0,0.3336,1.0,0.034661
130,26,1079,53.593,128.007,1.0,0.025,1.0,0.002602
130,82,741,80.673,118.95,1.0,0.0406,1.0,0.004215
130,20,709,64.839,113.427,1.0,0.0342,1.0,0.003553
130,56,2557,94.929,128.443,1.0,0.0442,1.0,0.004593
130,72,1537,75.51,25.613,1.0,0.1763,1.0,0.018322
130,67,333,58.937,127.004,1.0,0.0278,1.0,0.002884
130,9,545,94.82,49.535,1.0,0.1145,1.0,0.011896
130,62,1852,85.471,105.361,1.0,0.0485,1.0,0.005042
130,44,2221,65.392,30.426,1.0,0.1285,1.0,0.013357
130,39,298,49.07,35.686,1.0,0.0822,1.0,0.008546
130,91,3278,97.764,79.27,1.0,0.0738,1.0,0.007665
130,28,561,44.266,109.952,1.0,0.0241,1.0,0.002502
130,73,313,73.21,92.538,1.0,0.0473,1.0,0.004917
130,30,590,85.405,5.968,1.0,0.8559,1.0,0.088938
130,5,397,76.762,114.282,1.0,0.0402,1.0,0.004174
130,92,1459,97.163,78.118,1.0,0.0744,1.0,0.00773
130,97,376,47.509,88.82,1.0,0.032,1.0,0.003324
130,60,955,24.399,89.962,1.0,0.0162,1.0,0.001686
130,65,312,68.368,74.265,1.0,0.0551,1.0,0.005721
130,22,283,94.914,80.884,1.0,0.0702,1.0,0.007293
130,0,1844,79.656,68.637,1.0,0.0694,1.0,0.007212
130,17,1361,62.897,124.78,1.0,0.0301,1.0,0.003133
130,12,209,30.021,80.194,1.0,0.0224,1.0,0.002326
130,89,2871,68.182,92.167,1.0,0.0442,1.0,0.004597
130,80,694,84.282,30.465,1.0,0.1655,1.0,0.017193
130,10,1009,65.419,88.263,1.0,0.0443,1.0,0.004606
130,3,104,61.582,81.631,1.0,0.0451,1.0,0.004688
130,70,1801,20.481,127.402,1.0,0.0096,1.0,0.000999
130,32,1443,90.494,80.505,1.0,0.0672,1.0,0.006986
130,84,808,10.556,141.555,1.0,0.0045,1.0,0.000463
130,78,1113,86.837,13.275,1.0,0.3912,1.0,0.040653
130,45,900,61.368,118.613,1.0,0.0309,1.0,0.003215
130,68,468,93.744,79.303,1.0,0.0707,1.0,0.007346
130,86,1201,69.326,73.457,1.0,0.0564,1.0,0.005865
130,8,431,80.868,125.882,1.0,0.0384,1.0,0.003992
130,23,1483,14.265,80.142,1.0,0.0106,1.0,0.001106
130,7,601,42.657,91.017,1.0,0.028,1.0,0.002913
130,85,1300,15.622,35.397,1.0,0.0264,1.0,0.002743
130,33,722,29.196,27.204,1.0,0.0642,1.0,0.00667
130,11,2133,11.001,109.242,1.0,0.006,1.0,0.000626
130,83,4357,86.657,76.579,1.0,0.0677,1.0,0.007033
130,2,12078,21.031,42.426,1.0,0.0296,1.0,0.003081
130,38,1345,76.284,7.671,1.0,0.5948,1.0,0.061805
130,29,3113,32.807,81.493,1.0,0.0241,1.0,0.002502
130,64,1386,98.417,10.858,1.0,0.5421,1.0,0.05633
130,61,1475,38.141,37.526,1.0,0.0608,1.0,0.006317
130,99,639,76.267,149.618,1.0,0.0305,1.0,0.003168
130,54,328,75.625,111.414,1.0,0.0406,1.0,0.004218
130,18,2841,39.186,8.936,1.0,0.2623,1.0,0.027252
130,59,1909,94.918,57.116,1.0,0.0994,1.0,0.010328
130,6,331,44.893,91.387,1.0,0.0294,1.0,0.003053
130,88,484,50.795,16.315,1.0,0.1862,1.0,0.019349
130,19,411,43.694,116.931,1.0,0.0223,1.0,0.002322
130,66,366,87.039,96.68,1.0,0.0538,1.0,0.005595
130,75,963,88.751,27.893,1.0,0.1903,1.0,0.019775
130,21,424,60.407,148.878,1.0,0.0243,1.0,0.002522
130,98,359,70.086,95.096,1.0,0.0441,1.0,0.00458
130,31,874,54.337,48.988,1.0,0.0663,1.0,0.006893
130,93,130,59.341,45.709,1.0,0.0776,1.0,0.008068
130,43,1353,13.989,73.407,1.0,0.0114,1.0,0.001184
130,15,751,71.575,72.905,1.0,0.0587,1.0,0.006101
130,71,2037,16.352,26.876,1.0,0.0364,1.0,0.003781
130,41,1043,38.477,11.468,1.0,0.2007,1.0,0.020852
130,50,519,64.078,15.999,1.0,0.2395,1.0,0.024892
130,14,1317,75.351,7.451,1.0,0.6048,1.0,0.06285
130,90,1178,22.834,121.677,1.0,0.0112,1.0,0.001166
130,58,2874,85.148,91.5,1.0,0.0557,1.0,0.005783
130,63,2751,67.438,148.762,1.0,0.0271,1.0,0.002817
130,48,1450,43.51,103.875,1.0,0.0251,1.0,0.002603
130,4,163,91.504,16.198,1.0,0.3379,1.0,0.035108
130,95,1166,87.236,44.882,1.0,0.1162,1.0,0.01208
130,1,783,68.707,11.347,1.0,0.3621,1.0,0.037629
131,82,741,80.673,118.95,1.0,0.0406,1.0,0.004215
131,52,546,31.57,119.36,1.0,0.0158,1.0,0.001644
131,29,3113,32.807,81.493,1.0,0.0241,1.0,0.002502
131,15,751,71.575,72.905,1.0,0.0587,1.0,0.006101
131,28,561,44.266,109.952,1.0,0.0241,1.0,0.002502
131,97,376,47.509,88.82,1.0,0.032,1.0,0.003324
131,5,397,76.762,114.282,1.0,0.0402,1.0,0.004174
131,30,590,85.405,5.968,1.0,0.8559,1.0,0.088938
131,75,963,88.751,27.893,1.0,0.1903,1.0,0.019775
131,7,601,42.657,91.017,1.0,0.028,1.0,0.002913
131,19,411,43.694,116.931,1.0,0.0223,1.0,0.002322
131,0,1844,79.656,68.637,1.0,0.0694,1.0,0.007212
131,69,2603,23.83,29.549,1.0,0.0482,1.0,0.005012
131,95,1166,87.236,44.882,1.0,0.1162,1.0,0.01208
131,14,1317,75.351,7.451,1.0,0.6048,1.0,0.06285
131,74,508,25.513,132.154,1.0,0.0115,1.0,0.0012
131,43,1353,13.989,73.407,1.0,0.0114,1.0,0.001184
131,96,4682,61.581,118.886,1.0,0.031,1.0,0.003219
131,73,313,73.21,92.538,1.0,0.0473,1.0,0.004917
131,55,1776,70.685,67.685,1.0,0.0625,1.0,0.00649
131,84,808,10.556,141.555,1.0,0.0045,1.0,0.000463
131,40,367,99.787,128.944,1.0,0.0463,1.0,0.004809
131,13,128,84.903,131.244,1.0,0.0387,1.0,0.00402
131,23,1483,14.265,80.142,1.0,0.0106,1.0,0.001106
131,49,480,35.477,136.986,1.0,0.0155,1.0,0.00161
131,25,132,47.29,23.406,1.0,0.1208,1.0,0.012556
131,85,1300,15.622,35.397,1.0,0.0264,1.0,0.002743
131,50,519,64.078,15.999,1.0,0.2395,1.0,0.024892
131,59,1909,94.918,57.116,1.0,0.0994,1.0,0.010328
131,87,1334,44.588,38.916,1.0,0.0685,1.0,0.007121
131,77,743,96.062,111.156,1.0,0.0517,1.0,0.005371
131,98,359,70.086,95.096,1.0,0.0441,1.0,0.00458
131,92,1459,97.163,78.118,1.0,0.0744,1.0,0.00773
131,90,1178,22.834,121.677,1.0,0.0112,1.0,0.001166
131,88,484,50.795,16.315,1.0,0.1862,1.0,0.019349
131,62,1852,85.471,105.361,1.0,0.0485,1.0,0.005042
131,54,328,75.625,111.414,1.0,0.0406,1.0,0.004218
131,8,431,80.868,125.882,1.0,0.0384,1.0,0.003992
131,91,3278,97.764,79.27,1.0,0.0738,1.0,0.007665
131,2,12078,21.031,42.426,1.0,0.0296,1.0,0.003081
131,68,468,93.744,79.303,1.0,0.0707,1.0,0.007346
131,18,2841,39.186,8.936,1.0,0.2623,1.0,0.027252
131,27,600,62.234,81.394,1.0,0.0457,1.0,0.004752
131,64,1386,98.417,10.858,1.0,0.5421,1.0,0.05633
131,42,226,75.889,135.53,1.0,0.0335,1.0,0.00348
131,10,1009,65.419,88.263,1.0,0.0443,1.0,0.004606
131,38,1345,76.284,7.671,1.0,0.5948,1.0,0.061805
131,72,1537,75.51,25.613,1.0,0.1763,1.0,0.018322
131,60,955,24.399,89.962,1.0,0.0162,1.0,0.001686
131,46,380,28.562,106.962,1.0,0.016,1.0,0.00166
131,6,331,44.893,91.387,1.0,0.0294,1.0,0.003053
131,35,683,80.734,84.92,1.0,0.0569,1.0,0.005908
131,39,298,49.07,35.686,1.0,0.0822,1.0,0.008546
131,37,457,92.764,15.385,1.0,0.3606,1.0,0.037471
131,26,1079,53.593,128.007,1.0,0.025,1.0,0.002602
131,65,312,68.368,74.265,1.0,0.0551,1.0,0.005721
131,94,539,21.47,15.183,1.0,0.0846,1.0,0.008788
131,4,163,91.504,16.198,1.0,0.3379,1.0,0.035108
131,71,2037,16.352,26.876,1.0,0.0364,1.0,0.003781
131,99,639,76.267,149.618,1.0,0.0305,1.0,0.003168
131,47,1284,61.82,116.641,1.0,0.0317,1.0,0.003294
131,61,1475,38.141,37.526,1.0,0.0608,1.0,0.006317
131,3,104,61.582,81.631,1.0,0.0451,1.0,0.004688
131,33,722,29.196,27.204,1.0,0.0642,1.0,0.00667
131,20,709,64.839,113.427,1.0,0.0342,1.0,0.003553
131,1,783,68.707,11.347,1.0,0.3621,1.0,0.037629
131,11,2133,11.001,109.242,1.0,0.006,1.0,0.000626
131,22,283,94.914,80.884,1.0,0.0702,1.0,0.007293
131,70,1801,20.481,127.402,1.0,0.0096,1.0,0.000999
131,66,366,87.039,96.68,1.0,0.0538,1.0,0.005595
131,36,638,47.698,137.695,1.0,0.0207,1.0,0.002153
131,53,2420,58.731,137.43,1.0,0.0256,1.0,0.002656
131,24,1188,93.136,105.459,1.0,0.0528,1.0,0.005489
131,31,874,54.337,48.988,1.0,0.0663,1.0,0.006893
131,17,1361,62.897,124.78,1.0,0.0301,1.0,0.003133
131,83,4357,86.657,76.579,1.0,0.0677,1.0,0.007033
131,79,3472,66.953,48.196,1.0,0.0831,1.0,0.008634
131,78,1113,86.837,13.275,1.0,0.3912,1.0,0.040653
131,32,1443,90.494,80.505,1.0,0.0672,1.0,0.006986
131,44,2221,65.392,30.426,1.0,0.1285,1.0,0.013357
131,45,900,61.368,118.613,1.0,0.0309,1.0,0.003215
131,58,2874,85.148,91.5,1.0,0.0557,1.0,0.005783
131,86,1201,69.326,73.457,1.0,0.0564,1.0,0.005865
131,48,1450,43.51,103.875,1.0,0.0251,1.0,0.002603
131,41,1043,38.477,11.468,1.0,0.2007,1.0,0.020852
131,21,424,60.407,148.878,1.0,0.0243,1.0,0.002522
131,57,447,55.543,86.938,1.0,0.0382,1.0,0.00397
131,16,335,37.811,132.576,1.0,0.0171,1.0,0.001772
131,80,694,84.282,30.465,1.0,0.1655,1.0,0.017193
131,34,171,82.57,147.901,1.0,0.0334,1.0,0.00347
131,51,179,98.694,83.761,1.0,0.0705,1.0,0.007323
131,81,3468,71.412,12.804,1.0,0.3336,1.0,0.034661
131,89,2871,68.182,92.167,1.0,0.0442,1.0,0.004597
131,63,2751,67.438,148.762,1.0,0.0271,1.0,0.002817
131,76,458,93.762,140.946,1.0,0.0398,1.0,0.004134
131,56,2557,94.929,128.443,1.0,0.0442,1.0,0.004593
131,9,545,94.82,49.535,1.0,0.1145,1.0,0.011896
131,67,333,58.937,127.004,1.0,0.0278,1.0,0.002884
131,93,130,59.341,45.709,1.0,0.0776,1.0,0.008068
131,12,209,30.021,80.194,1.0,0.0224,1.0,0.002326
132,56,2557,94.929,128.443,1.0,0.0442,1.0,0.004593
132,5,397,76.762,114.282,1.0,0.0402,1.0,0.004174
132,43,1353,13.989,73.407,1.0,0.0114,1.0,0.001184
132,95,1166,87.236,44.882,1.0,0.1162,1.0,0.01208
132,94,539,21.47,15.183,1.0,0.0846,1.0,0.008788
132,83,4357,86.657,76.579,1.0,0.0677,1.0,0.007033
132,33,722,29.196,27.204,1.0,0.0642,1.0,0.00667
132,59,1909,94.918,57.116,1.0,0.0994,1.0,0.010328
132,29,3113,32.807,81.493,1.0,0.0241,1.0,0.002502
132,62,1852,85.471,105.361,1.0,0.0485,1.0,0.005042
132,46,380,28.562,106.962,1.0,0.016,1.0,0.00166
132,9,545,94.82,49.535,1.0,0.1145,1.0,0.011896
132,69,2603,23.83,29.549,1.0,0.0482,1.0,0.005012
132,67,333,58.937,127.004,1.0,0.0278,1.0,0.002884
132,38,1345,76.284,7.671,1.0,0.5948,1.0,0.061805
132,25,132,47.29,23.406,1.0,0.1208,1.0,0.012556
132,51,179,98.694,83.761,1.0,0.0705,1.0,0.007323
132,19,411,43.694,116.931,1.0,0.0223,1.0,0.002322
132,40,367,99.787,128.944,1.0,0.0463,1.0,0.004809
132,23,1483,14.265,80.142,1.0,0.0106,1.0,0.001106
132,53,2420,58.731,137.43,1.0,0.0256,1.0,0.002656
132,41,1043,38.477,11.468,1.0,0.2007,1.0,0.020852
132,63,2751,67.438,148.762,1.0,0.0271,1.0,0.002817
132,98,359,70.086,95.096,1.0,0.0441,1.0,0.00458
132,15,751,71.575,72.905,1.0,0.0587,1.0,0.006101
132,16,335,37.811,132.576,1.0,0.0171,1.0,0.001772
132,30,590,85.405,5.968,1.0,0.8559,1.0,0.088938
132,34,171,82.57,147.901,1.0,0.0334,1.0,0.00347
132,85,1300,15.622,35.397,1.0,0.0264,1.0,0.002743
132,93,130,59.341,45.709,1.0,0.0776,1.0,0.008068
132,28,561,44.266,109.952,1.0,0.0241,1.0,0.002502
132,42,226,75.889,135.53,1.0,0.0335,1.0,0.00348
132,61,1475,38.141,37.526,1.0,0.0608,1.0,0.006317
132,92,1459,97.163,78.118,1.0,0.0744,1.0,0.00773
132,49,480,35.477,136.986,1.0,0.0155,1.0,0.00161
132,99,639,76.267,149.618,1.0,0.0305,1.0,0.003168
132,32,1443,90.494,80.505,1.0,0.0672,1.0,0.006986
132,35,683,80.734,84.92,1.0,0.0569,1.0,0.005908
132,22,283,94.914,80.884,1.0,0.0702,1.0,0.007293
132,86,1201,69.326,73.457,1.0,0.0564,1.0,0.005865
132,4,163,91.504,16.198,1.0,0.3379,1.0,0.035108
132,81,3468,71.412,12.804,1.0,0.3336,1.0,0.034661
132,79,3472,66.953,48.196,1.0,0.0831,1.0,0.008634
132,76,458,93.762,140.946,1.0,0.0398,1.0,0.004134
132,70,1801,20.481,127.402,1.0,0.0096,1.0,0.000999
132,17,1361,62.897,124.78,1.0,0.0301,1.0,0.003133
132,64,1386,98.417,10.858,1.0,0.5421,1.0,0.05633
132,8,431,80.868,125.882,1.0,0.0384,1.0,0.003992
132,60,955,24.399,89.962,1.0,0.0162,1.0,0.001686
132,71,2037,16.352,26.876,1.0,0.0364,1.0,0.003781
132,44,2221,65.392,30.426,1.0,0.1285,1.0,0.013357
132,66,366,87.039,96.68,1.0,0.0538,1.0,0.005595
132,80,694,84.282,30.465,1.0,0.1655,1.0,0.017193
132,84,808,10.556,141.555,1.0,0.0045,1.0,0.000463
132,26,1079,53.593,128.007,1.0,0.025,1.0,0.002602
132,75,963,88.751,27.893,1.0,0.1903,1.0,0.019775
132,37,457,92.764,15.385,1.0,0.3606,1.0,0.037471
132,10,1009,65.419,88.263,1.0,0.0443,1.0,0.004606
132,6,331,44.893,91.387,1.0,0.0294,1.0,0.003053
132,48,1450,43.51,103.875,1.0,0.0251,1.0,0.002603
132,24,1188,93.136,105.459,1.0,0.0528,1.0,0.005489
132,31,874,54.337,48.988,1.0,0.0663,1.0,0.006893
132,68,468,93.744,79.303,1.0,0.0707,1.0,0.007346
132,13,128,84.903,131.244,1.0,0.0387,1.0,0.00402
132,77,743,96.062,111.156,1.0,0.0517,1.0,0.005371
132,57,447,55.543,86.938,1.0,0.0382,1.0,0.00397
132,96,4682,61.581,118.886,1.0,0.031,1.0,0.003219
132,20,709,64.839,113.427,1.0,0.0342,1.0,0.003553
132,50,519,64.078,15.999,1.0,0.2395,1.0,0.024892
132,47,1284,61.82,116.641,1.0,0.0317,1.0,0.003294
132,45,900,61.368,118.613,1.0,0.0309,1.0,0.003215
132,78,1113,86.837,13.275,1.0,0.3912,1.0,0.040653
132,11,2133,11.001,109.242,1.0,0.006,1.0,0.000626
132,18,2841,39.186,8.936,1.0,0.2623,1.0,0.027252
132,52,546,31.57,119.36,1.0,0.0158,1.0,0.001644
132,97,376,47.509,88.82,1.0,0.032,1.0,0.003324
132,12,209,30.021,80.194,1.0,0.0224,1.0,0.002326
132,54,328,75.625,111.414,1.0,0.0406,1.0,0.004218
132,14,1317,75.351,7.451,1.0,0.6048,1.0,0.06285
132,2,12078,21.031,42.426,1.0,0.0296,1.0,0.003081
132,88,484,50.795,16.315,1.0,0.1862,1.0,0.019349
132,73,313,73.21,92.538,1.0,0.0473,1.0,0.004917
132,87,1334,44.588,38.916,1.0,0.0685,1.0,0.007121
132,0,1844,79.656,68.637,1.0,0.0694,1.0,0.007212
132,3,104,61.582,81.631,1.0,0.0451,1.0,0.004688
132,65,312,68.368,74.265,1.0,0.0551,1.0,0.005721
132,91,3278,97.764,79.27,1.0,0.0738,1.0,0.007665
132,82,741,80.673,118.95,1.0,0.0406,1.0,0.004215
132,27,600,62.234,81.394,1.0,0.0457,1.0,0.004752
132,21,424,60.407,148.878,1.0,0.0243,1.0,0.002522
132,7,601,42.657,91.017,1.0,0.028,1.0,0.002913
132,74,508,25.513,132.154,1.0,0.0115,1.0,0.0012
132,58,2874,85.148,91.5,1.0,0.0557,1.0,0.005783
132,1,783,68.707,11.347,1.0,0.3621,1.0,0.037629
132,89,2871,68.182,92.167,1.0,0.0442,1.0,0.004597
132,55,1776,70.685,67.685,1.0,0.0625,1.0,0.00649
132,39,298,49.07,35.686,1.0,0.0822,1.0,0.008546
132,36,638,47.698,137.695,1.0,0.0207,1.0,0.002153
132,72,1537,75.51,25.613,1.0,0.1763,1.0,0.018322
132,90,1178,22.834,121.677,1.0,0.0112,1.0,0.001166
133,92,1459,97.163,78.118,1.0,0.0744,1.0,0.00773
133,44,2221,65.392,30.426,1.0,0.1285,1.0,0.013357
133,8,431,80.868,125.882,1.0,0.0384,1.0,0.003992
133,17,1361,62.897,124.78,1.0,0.0301,1.0,0.003133
133,87,1334,44.588,38.916,1.0,0.0685,1.0,0.007121
133,93,130,59.341,45.709,1.0,0.0776,1.0,0.008068
133,51,179,98.694,83.761,1.0,0.0705,1.0,0.007323
133,20,709,64.839,113.427,1.0,0.0342,1.0,0.003553
133,6,331,44.893,91.387,1.0,0.0294,1.0,0.003053
133,61,1475,38.141,37.526,1.0,0.0608,1.0,0.006317
133,59,1909,94.918,57.116,1.0,0.0994,1.0,0.010328
133,91,3278,97.764,79.27,1.0,0.0738,1.0,0.007665
133,25,132,47.29,23.406,1.0,0.1208,1.0,0.012556
133,97,376,47.509,88.82,1.0,0.032,1.0,0.003324
133,94,539,21.47,15.183,1.0,0.0846,1.0,0.008788
133,58,2874,85.148,91.5,1.0,0.0557,1.0,0.005783
133,41,1043,38.477,11.468,1.0,0.2007,1.0,0.020852
133,71,2037,16.352,26.876,1.0,0.0364,1.0,0.003781
133,4,163,91.504,16.198,1.0,0.3379,1.0,0.035108
133,64,1386,98.417,10.858,1.0,0.5421,1.0,0.05633
133,22,283,94.914,80.884,1.0,0.0702,1.0,0.007293
133,9,545,94.82,49.535,1.0,0.1145,1.0,0.011896
133,39,298,49.07,35.686,1.0,0.0822,1.0,0.008546
133,81,3468,71.412,12.804,1.0,0.3336,1.0,0.034661
133,31,874,54.337,48.988,1.0,0.0663,1.0,0.006893
133,13,128,84.903,131.244,1.0,0.0387,1.0,0.00402
133,48,1450,43.51,103.875,1.0,0.0251,1.0,0.002603
133,43,1353,13.989,73.407,1.0,0.0114,1.0,0.001184
133,3,104,61.582,81.631,1.0,0.0451,1.0,0.004688
133,53,2420,58.731,137.43,1.0,0.0256,1.0,0.002656
133,82,741,80.673,118.95,1.0,0.0406,1.0,0.004215
133,66,366,87.039,96.68,1.0,0.0538,1.0,0.005595
133,0,1844,79.656,68.637,1.0,0.0694,1.0,0.007212
133,86,1201,69.326,73.457,1.0,0.0564,1.0,0.005865
133,89,2871,68.182,92.167,1.0,0.0442,1.0,0.004597
133,46,380,28.562,106.962,1.0,0.016,1.0,0.00166
133,98,359,70.086,95.096,1.0,0.0441,1.0,0.00458
133,18,2841,39.186,8.936,1.0,0.2623,1.0,0.027252
133,23,1483,14.265,80.142,1.0,0.0106,1.0,0.001106
133,10,1009,65.419,88.263,1.0,0.0443,1.0,0.004606
133,52,546,31.57,119.36,1.0,0.0158,1.0,0.001644
133,85,1300,15.622,35.397,1.0,0.0264,1.0,0.002743
133,57,447,55.543,86.938,1.0,0.0382,1.0,0.00397
133,65,312,68.368,74.265,1.0,0.0551,1.0,0.005721
133,83,4357,86.657,76.579,1.0,0.0677,1.0,0.007033
133,1,783,68.707,11.347,1.0,0.3621,1.0,0.037629
133,75,963,88.751,27.893,1.0,0.1903,1.0,0.019775
133,70,1801,20.481,127.402,1.0,0.0096,1.0,0.000999
133,77,743,96.062,111.156,1.0,0.0517,1.0,0.005371
133,5,397,76.762,114.282,1.0,0.0402,1.0,0.004174
133,45,900,61.368,118.613,1.0,0.0309,1.0,0.003215
133,27,600,62.234,81.394,1.0,0.0457,1.0,0.004752
133,42,226,75.889,135.53,1.0,0.0335,1.0,0.00348
133,74,508,25.513,132.154,1.0,0.0115,1.0,0.0012
133,47,1284,61.82,116.641,1.0,0.0317,1.0,0.003294
133,26,1079,53.593,128.007,1.0,0.025,1.0,0.002602
133,24,1188,93.136,105.459,1.0,0.0528,1.0,0.005489
133,84,808,10.556,141.555,1.0,0.0045,1.0,0.000463
133,34,171,82.57,147.901,1.0,0.0334,1.0,0.00347
133,88,484,50.795,16.315,1.0,0.1862,1.0,0.019349
133,21,424,60.407,148.878,1.0,0.0243,1.0,0.002522
133,30,590,85.405,5.968,1.0,0.8559,1.0,0.088938
133,69,2603,23.83,29.549,1.0,0.0482,1.0,0.005012
133,38,1345,76.284,7.671,1.0,0.5948,1.0,0.061805
133,14,1317,75.351,7.451,1.0,0.6048,1.0,0.06285
133,7,601,42.657,91.017,1.0,0.028,1.0,0.002913
133,72,1537,75.51,25.613,1.0,0.1763,1.0,0.018322
133,79,3472,66.953,48.196,1.0,0.0831,1.0,0.008634
133,67,333,58.937,127.004,1.0,0.0278,1.0,0.002884
133,50,519,64.078,15.999,1.0,0.2395,1.0,0.024892
133,37,457,92.764,15.385,1.0,0.3606,1.0,0.037471
133,40,367,99.787,128.944,1.0,0.0463,1.0,0.004809
133,56,2557,94.929,128.443,1.0,0.0442,1.0,0.004593
133,62,1852,85.471,105.361,1.0,0.0485,1.0,0.005042
133,80,694,84.282,30.465,1.0,0.1655,1.0,0.017193
133,16,335,37.811,132.576,1.0,0.0171,1.0,0.001772
133,28,561,44.266,109.952,1.0,0.0241,1.0,0.002502
133,95,1166,87.236,44.882,1.0,0.1162,1.0,0.01208
133,54,328,75.625,111.414,1.0,0.0406,1.0,0.004218
133,99,639,76.267,149.618,1.0,0.0305,1.0,0.003168
133,19,411,43.694,116.931,1.0,0.0223,1.0,0.002322
133,90,1178,22.834,121.677,1.0,0.0112,1.0,0.001166
133,36,638,47.698,137.695,1.0,0.0207,1.0,0.002153
133,78,1113,86.837,13.275,1.0,0.3912,1.0,0.040653
133,15,751,71.575,72.905,1.0,0.0587,1.0,0.006101
133,35,683,80.734,84.92,1.0,0.0569,1.0,0.005908
133,29,3113,32.807,81.493,1.0,0.0241,1.0,0.002502
133,2,12078,21.031,42.426,1.0,0.0296,1.0,0.003081
133,96,4682,61.581,118.886,1.0,0.031,1.0,0.003219
133,11,2133,11.001,109.242,1.0,0.006,1.0,0.000626
133,12,209,30.021,80.194,1.0,0.0224,1.0,0.002326
133,76,458,93.762,140.946,1.0,0.0398,1.0,0.004134
133,32,1443,90.494,80.505,1.0,0.0672,1.0,0.006986
133,60,955,24.399,89.962,1.0,0.0162,1.0,0.001686
133,68,468,93.744,79.303,1.0,0.0707,1.0,0.007346
133,55,1776,70.685,67.685,1.0,0.0625,1.0,0.00649
133,73,313,73.21,92.538,1.0,0.0473,1.0,0.004917
133,33,722,29.196,27.204,1.0,0.0642,1.0,0.00667
133,49,480,35.477,136.986,1.0,0.0155,1.0,0.00161
133,63,2751,67.438,148.762,1.0,0.0271,1.0,0.002817
134,92,1459,97.163,78.118,1.0,0.0744,1.0,0.00773
134,25,132,47.29,23.406,1.0,0.1208,1.0,0.012556
134,13,128,84.903,131.244,1.0,0.0387,1.0,0.00402
134,46,380,28.562,106.962,1.0,0.016,1.0,0.00166
134,43,1353,13.989,73.407,1.0,0.0114,1.0,0.001184
134,54,328,75.625,111.414,1.0,0.0406,1.0,0.004218
134,67,333,58.937,127.004,1.0,0.0278,1.0,0.002884
134,55,1776,70.685,67.685,1.0,0.0625,1.0,0.00649
134,18,2841,39.186,8.936,1.0,0.2623,1.0,0.027252
134,71,2037,16.352,26.876,1.0,0.0364,1.0,0.003781
134,77,743,96.062,111.156,1.0,0.0517,1.0,0.005371
134,49,480,35.477,136.986,1.0,0.0155,1.0,0.00161
134,56,2557,94.929,128.443,1.0,0.0442,1.0,0.004593
134,86,1201,69.326,73.457,1.0,0.0564,1.0,0.005865
134,59,1909,94.918,57.116,1.0,0.0994,1.0,0.010328
134,26,1079,53.593,128.007,1.0,0.025,1.0,0.002602
134,52,546,31.57,119.36,1.0,0.0158,1.0,0.001644
134,31,874,54.337,48.988,1.0,0.0663,1.0,0.006893
134,14,1317,75.351,7.451,1.0,0.6048,1.0,0.06285
134,69,2603,23.83,29.549,1.0,0.0482,1.0,0.005012
134,15,751,71.575,72.905,1.0,0.0587,1.0,0.006101
134,19,411,43.694,116.931,1.0,0.0223,1.0,0.002322
134,0,1844,79.656,68.637,1.0,0.0694,1.0,0.007212
134,75,963,88.751,27.893,1.0,0.1903,1.0,0.019775
134,6,331,44.893,91.387,1.0,0.0294,1.0,0.003053
134,74,508,25.513,132.154,1.0,0.0115,1.0,0.0012
134,8,431,80.868,125.882,1.0,0.0384,1.0,0.003992
134,97,376,47.509,88.82,1.0,0.032,1.0,0.003324
134,76,458,93.762,140.946,1.0,0.0398,1.0,0.004134
134,5,397,76.762,114.282,1.0,0.0402,1.0,0.004174
134,17,1361,62.897,124.78,1.0,0.0301,1.0,0.003133
134,98,359,70.086,95.096,1.0,0.0441,1.0,0.00458
134,62,1852,85.471,105.361,1.0,0.0485,1.0,0.005042
134,58,2874,85.148,91.5,1.0,0.0557,1.0,0.005783
134,16,335,37.811,132.576,1.0,0.0171,1.0,0.001772
134,39,298,49.07,35.686,1.0,0.0822,1.0,0.008546
134,70,1801,20.481,127.402,1.0,0.0096,1.0,0.000999
134,34,171,82.57,147.901,1.0,0.0334,1.0,0.00347
134,96,4682,61.581,118.886,1.0,0.031,1.0,0.003219
134,50,519,64.078,15.999,1.0,0.2395,1.0,0.024892
134,41,1043,38.477,11.468,1.0,0.2007,1.0,0.020852
134,90,1178,22.834,121.677,1.0,0.0112,1.0,0.001166
134,20,709,64.839,113.427,1.0,0.0342,1.0,0.003553
134,60,955,24.399,89.962,1.0,0.0162,1.0,0.001686
134,82,741,80.673,118.95,1.0,0.0406,1.0,0.004215
134,99,639,76.267,149.618,1.0,0.0305,1.0,0.003168
134,32,1443,90.494,80.505,1.0,0.0672,1.0,0.006986
134,83,4357,86.657,76.579,1.0,0.0677,1.0,0.007033
134,22,283,94.914,80.884,1.0,0.0702,1.0,0.007293
134,40,367,99.787,128.944,1.0,0.0463,1.0,0.004809
134,64,1386,98.417,10.858,1.0,0.5421,1.0,0.05633
134,68,468,93.744,79.303,1.0,0.0707,1.0,0.007346
134,30,590,85.405,5.968,1.0,0.8559,1.0,0.088938
134,37,457,92.764,15.385,1.0,0.3606,1.0,0.037471
134,85,1300,15.622,35.397,1.0,0.0264,1.0,0.002743
134,4,163,91.504,16.198,1.0,0.3379,1.0,0.035108
134,27,600,62.234,81.394,1.0,0.0457,1.0,0.004752
134,80,694,84.282,30.465,1.0,0.1655,1.0,0.017193
134,65,312,68.368,74.265,1.0,0.0551,1.0,0.005721
134,44,2221,65.392,30.426,1.0,0.1285,1.0,0.013357
134,94,539,21.47,15.183,1.0,0.0846,1.0,0.008788
134,23,1483,14.265,80.142,1.0,0.0106,1.0,0.001106
134,36,638,47.698,137.695,1.0,0.0207,1.0,0.002153
134,1,783,68.707,11.347,1.0,0.3621,1.0,0.037629
134,57,447,55.543,86.938,1.0,0.0382,1.0,0.00397
134,33,722,29.196,27.204,1.0,0.0642,1.0,0.00667
134,29,3113,32.807,81.493,1.0,0.0241,1.0,0.002502
134,72,1537,75.51,25.613,1.0,0.1763,1.0,0.018322
134,84,808,10.556,141.555,1.0,0.0045,1.0,0.000463
134,10,1009,65.419,88.263,1.0,0.0443,1.0,0.004606
134,73,313,73.21,92.538,1.0,0.0473,1.0,0.004917
134,79,3472,66.953,48.196,1.0,0.0831,1.0,0.008634
134,53,2420,58.731,137.43,1.0,0.0256,1.0,0.002656
134,11,2133,11.001,109.242,1.0,0.006,1.0,0.000626
134,42,226,75.889,135.53,1.0,0.0335,1.0,0.00348
134,93,130,59.341,45.709,1.0,0.0776,1.0,0.008068
134,38,1345,76.284,7.671,1.0,0.5948,1.0,0.061805
134,7,601,42.657,91.017,1.0,0.028,1.0,0.002913
134,24,1188,93.136,105.459,1.0,0.0528,1.0,0.005489
134,63,2751,67.438,148.762,1.0,0.0271,1.0,0.002817
134,2,12078,21.031,42.426,1.0,0.0296,1.0,0.003081
134,28,561,44.266,109.952,1.0,0.0241,1.0,0.002502
134,66,366,87.039,96.68,1.0,0.0538,1.0,0.005595
134,48,1450,43.51,103.875,1.0,0.0251,1.0,0.002603
134,95,1166,87.236,44.882,1.0,0.1162,1.0,0.01208
134,78,1113,86.837,13.275,1.0,0.3912,1.0,0.040653
134,81,3468,71.412,12.804,1.0,0.3336,1.0,0.034661
134,21,424,60.407,148.878,1.0,0.0243,1.0,0.002522
134,9,545,94.82,49.535,1.0,0.1145,1.0,0.011896
134,51,179,98.694,83.761,1.0,0.0705,1.0,0.007323
134,88,484,50.795,16.315,1.0,0.1862,1.0,0.019349
134,87,1334,44.588,38.916,1.0,0.0685,1.0,0.007121
134,3,104,61.582,81.631,1.0,0.0451,1.0,0.004688
134,12,209,30.021,80.194,1.0,0.0224,1.0,0.002326
134,35,683,80.734,84.92,1.0,0.0569,1.0,0.005908
134,45,900,61.368,118.613,1.0,0.0309,1.0,0.003215
134,89,2871,68.182,92.167,1.0,0.0442,1.0,0.004597
134,91,3278,97.764,79.27,1.0,0.0738,1.0,0.007665
134,47,1284,61.82,116.641,1.0,0.0317,1.0,0.003294
134,61,1475,38.141,37.526,1.0,0.0608,1.0,0.006317
135,21,424,60.407,148.878,1.0,0.0243,1.0,0.002522
135,30,590,85.405,5.968,1.0,0.8559,1.0,0.088938
135,90,1178,22.834,121.677,1.0,0.0112,1.0,0.001166
135,42,226,75.889,135.53,1.0,0.0335,1.0,0.00348
135,83,4357,86.657,76.579,1.0,0.0677,1.0,0.007033
135,19,411,43.694,116.931,1.0,0.0223,1.0,0.002322
135,82,741,80.673,118.95,1.0,0.0406,1.0,0.004215
135,91,3278,97.764,79.27,1.0,0.0738,1.0,0.007665
135,92,1459,97.163,78.118,1.0,0.0744,1.0,0.00773
135,0,1844,79.656,68.637,1.0,0.0694,1.0,0.007212
135,55,1776,70.685,67.685,1.0,0.0625,1.0,0.00649
135,26,1079,53.593,128.007,1.0,0.025,1.0,0.002602
135,98,359,70.086,95.096,1.0,0.0441,1.0,0.00458
135,70,1801,20.481,127.402,1.0,0.0096,1.0,0.000999
135,54,328,75.625,111.414,1.0,0.0406,1.0,0.004218
135,35,683,80.734,84.92,1.0,0.0569,1.0,0.005908
135,13,128,84.903,131.244,1.0,0.0387,1.0,0.00402
135,25,132,47.29,23.406,1.0,0.1208,1.0,0.012556
135,69,2603,23.83,29.549,1.0,0.0482,1.0,0.005012
135,59,1909,94.918,57.116,1.0,0.0994,1.0,0.010328
135,58,2874,85.148,91.5,1.0,0.0557,1.0,0.005783
135,40,367,99.787,128.944,1.0,0.0463,1.0,0.004809
135,16,335,37.811,132.576,1.0,0.0171,1.0,0.001772
135,72,1537,75.51,25.613,1.0,0.1763,1.0,0.018322
135,14,1317,75.351,7.451,1.0,0.6048,1.0,0.06285
135,60,955,24.399,89.962,1.0,0.0162,1.0,0.001686
135,10,1009,65.419,88.263,1.0,0.0443,1.0,0.004606
135,78,1113,86.837,13.275,1.0,0.3912,1.0,0.040653
135,49,480,35.477,136.986,1.0,0.0155,1.0,0.00161
135,15,751,71.575,72.905,1.0,0.0587,1.0,0.006101
135,53,2420,58.731,137.43,1.0,0.0256,1.0,0.002656
135,1,783,68.707,11.347,1.0,0.3621,1.0,0.037629
135,17,1361,62.897,124.78,1.0,0.0301,1.0,0.003133
135,95,1166,87.236,44.882,1.0,0.1162,1.0,0.01208
135,44,2221,65.392,30.426,1.0,0.1285,1.0,0.013357
135,88,484,50.795,16.315,1.0,0.1862,1.0,0.019349
135,41,1043,38.477,11.468,1.0,0.2007,1.0,0.020852
135,29,3113,32.807,81.493,1.0,0.0241,1.0,0.002502
135,48,1450,43.51,103.875,1.0,0.0251,1.0,0.002603
135,56,2557,94.929,128.443,1.0,0.0442,1.0,0.004593
135,45,900,61.368,118.613,1.0,0.0309,1.0,0.003215
135,28,561,44.266,109.952,1.0,0.0241,1.0,0.002502
135,71,2037,16.352,26.876,1.0,0.0364,1.0,0.003781
135,84,808,10.556,141.555,1.0,0.0045,1.0,0.000463
135,94,539,21.47,15.183,1.0,0.0846,1.0,0.008788
135,80,694,84.282,30.465,1.0,0.1655,1.0,0.017193
135,23,1483,14.265,80.142,1.0,0.0106,1.0,0.001106
135,7,601,42.657,91.017,1.0,0.028,1.0,0.002913
135,33,722,29.196,27.204,1.0,0.0642,1.0,0.00667
135,9,545,94.82,49.535,1.0,0.1145,1.0,0.011896
135,73,313,73.21,92.538,1.0,0.0473,1.0,0.004917
135,64,1386,98.417,10.858,1.0,0.5421,1.0,0.05633
135,96,4682,61.581,118.886,1.0,0.031,1.0,0.003219
135,47,1284,61.82,116.641,1.0,0.0317,1.0,0.003294
135,93,130,59.341,45.709,1.0,0.0776,1.0,0.008068
135,50,519,64.078,15.999,1.0,0.2395,1.0,0.024892
135,97,376,47.509,88.82,1.0,0.032,1.0,0.003324
135,67,333,58.937,127.004,1.0,0.0278,1.0,0.002884
135,87,1334,44.588,38.916,1.0,0.0685,1.0,0.007121
135,77,743,96.062,111.156,1.0,0.0517,1.0,0.005371
135,2,12078,21.031,42.426,1.0,0.0296,1.0,0.003081
135,79,3472,66.953,48.196,1.0,0.0831,1.0,0.008634
135,4,163,91.504,16.198,1.0,0.3379,1.0,0.035108
135,51,179,98.694,83.761,1.0,0.0705,1.0,0.007323
135,20,709,64.839,113.427,1.0,0.0342,1.0,0.003553
135,89,2871,68.182,92.167,1.0,0.0442,1.0,0.004597
135,3,104,61.582,81.631,1.0,0.0451,1.0,0.004688
135,66,366,87.039,96.68,1.0,0.0538,1.0,0.005595
135,12,209,30.021,80.194,1.0,0.0224,1.0,0.002326
135,85,1300,15.622,35.397,1.0,0.0264,1.0,0.002743
135,62,1852,85.471,105.361,1.0,0.0485,1.0,0.005042
135,27,600,62.234,81.394,1.0,0.0457,1.0,0.004752
135,81,3468,71.412,12.804,1.0,0.3336,1.0,0.034661
135,61,1475,38.141,37.526,1.0,0.0608,1.0,0.006317
135,99,639,76.267,149.618,1.0,0.0305,1.0,0.003168
135,22,283,94.914,80.884,1.0,0.0702,1.0,0.007293
135,68,468,93.744,79.303,1.0,0.0707,1.0,0.007346
135,5,397,76.762,114.282,1.0,0.0402,1.0,0.004174
135,6,331,44.893,91.387,1.0,0.0294,1.0,0.003053
135,11,2133,11.001,109.242,1.0,0.006,1.0,0.000626
135,46,380,28.562,106.962,1.0,0.016,1.0,0.00166
135,86,1201,69.326,73.457,1.0,0.0564,1.0,0.005865
135,34,171,82.57,147.901,1.0,0.0334,1.0,0.00347
135,74,508,25.513,132.154,1.0,0.0115,1.0,0.0012
135,75,963,88.751,27.893,1.0,0.1903,1.0,0.019775
135,32,1443,90.494,80.505,1.0,0.0672,1.0,0.006986
135,24,1188,93.136,105.459,1.0,0.0528,1.0,0.005489
135,39,298,49.07,35.686,1.0,0.0822,1.0,0.008546
135,65,312,68.368,74.265,1.0,0.0551,1.0,0.005721
135,43,1353,13.989,73.407,1.0,0.0114,1.0,0.001184
135,36,638,47.698,137.695,1.0,0.0207,1.0,0.002153
135,37,457,92.764,15.385,1.0,0.3606,1.0,0.037471
135,31,874,54.337,48.988,1.0,0.0663,1.0,0.006893
135,8,431,80.868,125.882,1.0,0.0384,1.0,0.003992
135,76,458,93.762,140.946,1.0,0.0398,1.0,0.004134
135,38,1345,76.284,7.671,1.0,0.5948,1.0,0.061805
135,57,447,55.543,86.938,1.0,0.0382,1.0,0.00397
135,18,2841,39.186,8.936,1.0,0.2623,1.0,0.027252
135,63,2751,67.438,148.762,1.0,0.0271,1.0,0.002817
135,52,546,31.57,119.36,1.0,0.0158,1.0,0.001644
136,24,1188,93.136,105.459,1.0,0.0528,1.0,0.005489
136,55,1776,70.685,67.685,1.0,0.0625,1.0,0.00649
136,14,1317,75.351,7.451,1.0,0.6048,1.0,0.06285
136,26,1079,53.593,128.007,1.0,0.025,1.0,0.002602
136,60,955,24.399,89.962,1.0,0.0162,1.0,0.001686
136,40,367,99.787,128.944,1.0,0.0463,1.0,0.004809
136,93,130,59.341,45.709,1.0,0.0776,1.0,0.008068
136,15,751,71.575,72.905,1.0,0.0587,1.0,0.006101
136,5,397,76.762,114.282,1.0,0.0402,1.0,0.004174
136,36,638,47.698,137.695,1.0,0.0207,1.0,0.002153
136,75,963,88.751,27.893,1.0,0.1903,1.0,0.019775
136,92,1459,97.163,78.118,1.0,0.0744,1.0,0.00773
136,73,313,73.21,92.538,1.0,0.0473,1.0,0.004917
136,88,484,50.795,16.315,1.0,0.1862,1.0,0.019349
136,98,359,70.086,95.096,1.0,0.0441,1.0,0.00458
136,82,741,80.673,118.95,1.0,0.0406,1.0,0.004215
136,32,1443,90.494,80.505,1.0,0.0672,1.0,0.006986
136,41,1043,38.477,11.468,1.0,0.2007,1.0,0.020852
136,69,2603,23.83,29.549,1.0,0.0482,1.0,0.005012
136,59,1909,94.918,57.116,1.0,0.0994,1.0,0.010328
136,91,3278,97.764,79.27,1.0,0.0738,1.0,0.007665
136,38,1345,76.284,7.671,1.0,0.5948,1.0,0.061805
136,34,171,82.57,147.901,1.0,0.0334,1.0,0.00347
136,76,458,93.762,140.946,1.0,0.0398,1.0,0.004134
136,25,132,47.29,23.406,1.0,0.1208,1.0,0.012556
136,62,1852,85.471,105.361,1.0,0.0485,1.0,0.005042
136,20,709,64.839,113.427,1.0,0.0342,1.0,0.003553
136,27,600,62.234,81.394,1.0,0.0457,1.0,0.004752
136,22,283,94.914,80.884,1.0,0.0702,1.0,0.007293
136,45,900,61.368,118.613,1.0,0.0309,1.0,0.003215
136,66,366,87.039,96.68,1.0,0.0538,1.0,0.005595
136,63,2751,67.438,148.762,1.0,0.0271,1.0,0.002817
136,7,601,42.657,91.017,1.0,0.028,1.0,0.002913
136,53,2420,58.731,137.43,1.0,0.0256,1.0,0.002656
136,81,3468,71.412,12.804,1.0,0.3336,1.0,0.034661
136,13,128,84.903,131.244,1.0,0.0387,1.0,0.00402
136,79,3472,66.953,48.196,1.0,0.0831,1.0,0.008634
136,3,104,61.582,81.631,1.0,0.0451,1.0,0.004688
136,18,2841,39.186,8.936,1.0,0.2623,1.0,0.027252
136,87,1334,44.588,38.916,1.0,0.0685,1.0,0.007121
136,51,179,98.694,83.761,1.0,0.0705,1.0,0.007323
136,19,411,43.694,116.931,1.0,0.0223,1.0,0.002322
136,84,808,10.556,141.555,1.0,0.0045,1.0,0.000463
136,10,1009,65.419,88.263,1.0,0.0443,1.0,0.004606
136,23,1483,14.265,80.142,1.0,0.0106,1.0,0.001106
136,8,431,80.868,125.882,1.0,0.0384,1.0,0.003992
136,33,722,29.196,27.204,1.0,0.0642,1.0,0.00667
136,77,743,96.062,111.156,1.0,0.0517,1.0,0.005371
136,61,1475,38.141,37.526,1.0,0.0608,1.0,0.006317
136,2,12078,21.031,42.426,1.0,0.0296,1.0,0.003081
136,42,226,75.889,135.53,1.0,0.0335,1.0,0.00348
136,96,4682,61.581,118.886,1.0,0.031,1.0,0.003219
136,9,545,94.82,49.535,1.0,0.1145,1.0,0.011896
136,85,1300,15.622,35.397,1.0,0.0264,1.0,0.002743
136,4,163,91.504,16.198,1.0,0.3379,1.0,0.035108
136,1,783,68.707,11.347,1.0,0.3621,1.0,0.037629
136,44,2221,65.392,30.426,1.0,0.1285,1.0,0.013357
136,47,1284,61.82,116.641,1.0,0.0317,1.0,0.003294
136,65,312,68.368,74.265,1.0,0.0551,1.0,0.005721
136,49,480,35.477,136.986,1.0,0.0155,1.0,0.00161
136,72,1537,75.51,25.613,1.0,0.1763,1.0,0.018322
136,28,561,44.266,109.952,1.0,0.0241,1.0,0.002502
136,99,639,76.267,149.618,1.0,0.0305,1.0,0.003168
136,74,508,25.513,132.154,1.0,0.0115,1.0,0.0012
136,29,3113,32.807,81.493,1.0,0.0241,1.0,0.002502
136,71,2037,16.352,26.876,1.0,0.0364,1.0,0.003781
136,80,694,84.282,30.465,1.0,0.1655,1.0,0.017193
136,95,1166,87.236,44.882,1.0,0.1162,1.0,0.01208
136,90,1178,22.834,121.677,1.0,0.0112,1.0,0.001166
136,11,2133,11.001,109.242,1.0,0.006,1.0,0.000626
136,43,1353,13.989,73.407,1.0,0.0114,1.0,0.001184
136,78,1113,86.837,13.275,1.0,0.3912,1.0,0.040653
136,52,546,31.57,119.36,1.0,0.0158,1.0,0.001644
136,12,209,30.021,80.194,1.0,0.0224,1.0,0.002326
136,48,1450,43.51,103.875,1.0,0.0251,1.0,0.002603
136,50,519,64.078,15.999,1.0,0.2395,1.0,0.024892
136,94,539,21.47,15.183,1.0,0.0846,1.0,0.008788
136,46,380,28.562,106.962,1.0,0.016,1.0,0.00166
136,39,298,49.07,35.686,1.0,0.0822,1.0,0.008546
136,6,331,44.893,91.387,1.0,0.0294,1.0,0.003053
136,67,333,58.937,127.004,1.0,0.0278,1.0,0.002884
136,58,2874,85.148,91.5,1.0,0.0557,1.0,0.005783
136,56,2557,94.929,128.443,1.0,0.0442,1.0,0.004593
136,86,1201,69.326,73.457,1.0,0.0564,1.0,0.005865
136,68,468,93.744,79.303,1.0,0.0707,1.0,0.007346
136,83,4357,86.657,76.579,1.0,0.0677,1.0,0.007033
136,16,335,37.811,132.576,1.0,0.0171,1.0,0.001772
136,37,457,92.764,15.385,1.0,0.3606,1.0,0.037471
136,64,1386,98.417,10.858,1.0,0.5421,1.0,0.05633
136,17,1361,62.897,124.78,1.0,0.0301,1.0,0.003133
136,54,328,75.625,111.414,1.0,0.0406,1.0,0.004218
136,0,1844,79.656,68.637,1.0,0.0694,1.0,0.007212
136,97,376,47.509,88.82,1.0,0.032,1.0,0.003324
136,35,683,80.734,84.92,1.0,0.0569,1.0,0.005908
136,31,874,54.337,48.988,1.0,0.0663,1.0,0.006893
136,57,447,55.543,86.938,1.0,0.0382,1.0,0.00397
136,30,590,85.405,5.968,1.0,0.8559,1.0,0.088938
136,21,424,60.407,148.878,1.0,0.0243,1.0,0.002522
136,89,2871,68.182,92.167,1.0,0.0442,1.0,0.004597
136,70,1801,20.481,127.402,1.0,0.0096,1.0,0.000999
137,12,209,30.021,80.194,1.0,0.0224,1.0,0.002326
137,31,874,54.337,48.988,1.0,0.0663,1.0,0.006893
137,78,1113,86.837,13.275,1.0,0.3912,1.0,0.040653
137,8,431,80.868,125.882,1.0,0.0384,1.0,0.003992
137,36,638,47.698,137.695,1.0,0.0207,1.0,0.002153
137,16,335,37.811,132.576,1.0,0.0171,1.0,0.001772
137,25,132,47.29,23.406,1.0,0.1208,1.0,0.012556
137,34,171,82.57,147.901,1.0,0.0334,1.0,0.00347
137,60,955,24.399,89.962,1.0,0.0162,1.0,0.001686
137,82,741,80.673,118.95,1.0,0.0406,1.0,0.004215
137,92,1459,97.163,78.118,1.0,0.0744,1.0,0.00773
137,27,600,62.234,81.394,1.0,0.0457,1.0,0.004752
137,73,313,73.21,92.538,1.0,0.0473,1.0,0.004917
137,57,447,55.543,86.938,1.0,0.0382,1.0,0.00397
137,96,4682,61.581,118.886,1.0,0.031,1.0,0.003219
137,39,298,49.07,35.686,1.0,0.0822,1.0,0.008546
137,59,1909,94.918,57.116,1.0,0.0994,1.0,0.010328
137,63,2751,67.438,148.762,1.0,0.0271,1.0,0.002817
137,75,963,88.751,27.893,1.0,0.1903,1.0,0.019775
137,7,601,42.657,91.017,1.0,0.028,1.0,0.002913
137,30,590,85.405,5.968,1.0,0.8559,1.0,0.088938
137,45,900,61.368,118.613,1.0,0.0309,1.0,0.003215
137,89,2871,68.182,92.167,1.0,0.0442,1.0,0.004597
137,42,226,75.889,135.53,1.0,0.0335,1.0,0.00348
137,62,1852,85.471,105.361,1.0,0.0485,1.0,0.005042
137,44,2221,65.392,30.426,1.0,0.1285,1.0,0.013357
137,87,1334,44.588,38.916,1.0,0.0685,1.0,0.007121
137,28,561,44.266,109.952,1.0,0.0241,1.0,0.002502
137,37,457,92.764,15.385,1.0,0.3606,1.0,0.037471
137,47,1284,61.82,116.641,1.0,0.0317,1.0,0.003294
137,95,1166,87.236,44.882,1.0,0.1162,1.0,0.01208
137,74,508,25.513,132.154,1.0,0.0115,1.0,0.0012
137,69,2603,23.83,29.549,1.0,0.0482,1.0,0.005012
137,80,694,84.282,30.465,1.0,0.1655,1.0,0.017193
137,58,2874,85.148,91.5,1.0,0.0557,1.0,0.005783
137,13,128,84.903,131.244,1.0,0.0387,1.0,0.00402
137,43,1353,13.989,73.407,1.0,0.0114,1.0,0.001184
137,5,397,76.762,114.282,1.0,0.0402,1.0,0.004174
137,85,1300,15.622,35.397,1.0,0.0264,1.0,0.002743
137,67,333,58.937,127.004,1.0,0.0278,1.0,0.002884
137,76,458,93.762,140.946,1.0,0.0398,1.0,0.004134
137,15,751,71.575,72.905,1.0,0.0587,1.0,0.006101
137,65,312,68.368,74.265,1.0,0.0551,1.0,0.005721
137,0,1844,79.656,68.637,1.0,0.0694,1.0,0.007212
137,4,163,91.504,16.198,1.0,0.3379,1.0,0.035108
137,24,1188,93.136,105.459,1.0,0.0528,1.0,0.005489
137,40,367,99.787,128.944,1.0,0.0463,1.0,0.004809
137,86,1201,69.326,73.457,1.0,0.0564,1.0,0.005865
137,61,1475,38.141,37.526,1.0,0.0608,1.0,0.006317
137,10,1009,65.419,88.263,1.0,0.0443,1.0,0.004606
137,32,1443,90.494,80.505,1.0,0.0672,1.0,0.006986
137,50,519,64.078,15.999,1.0,0.2395,1.0,0.024892
137,1,783,68.707,11.347,1.0,0.3621,1.0,0.037629
137,11,2133,11.001,109.242,1.0,0.006,1.0,0.000626
137,17,1361,62.897,124.78,1.0,0.0301,1.0,0.003133
137,88,484,50.795,16.315,1.0,0.1862,1.0,0.019349
137,70,1801,20.481,127.402,1.0,0.0096,1.0,0.000999
137,98,359,70.086,95.096,1.0,0.0441,1.0,0.00458
137,14,1317,75.351,7.451,1.0,0.6048,1.0,0.06285
137,29,3113,32.807,81.493,1.0,0.0241,1.0,0.002502
137,79,3472,66.953,48.196,1.0,0.0831,1.0,0.008634
137,19,411,43.694,116.931,1.0,0.0223,1.0,0.002322
137,94,539,21.47,15.183,1.0,0.0846,1.0,0.008788
137,26,1079,53.593,128.007,1.0,0.025,1.0,0.002602
137,54,328,75.625,111.414,1.0,0.0406,1.0,0.004218
137,77,743,96.062,111.156,1.0,0.0517,1.0,0.005371
137,66,366,87.039,96.68,1.0,0.0538,1.0,0.005595
137,55,1776,70.685,67.685,1.0,0.0625,1.0,0.00649
137,72,1537,75.51,25.613,1.0,0.1763,1.0,0.018322
137,35,683,80.734,84.92,1.0,0.0569,1.0,0.005908
137,64,1386,98.417,10.858,1.0,0.5421,1.0,0.05633
137,2,12078,21.031,42.426,1.0,0.0296,1.0,0.003081
137,68,468,93.744,79.303,1.0,0.0707,1.0,0.007346
137,6,331,44.893,91.387,1.0,0.0294,1.0,0.003053
137,90,1178,22.834,121.677,1.0,0.0112,1.0,0.001166
137,49,480,35.477,136.986,1.0,0.0155,1.0,0.00161
137,3,104,61.582,81.631,1.0,0.0451,1.0,0.004688
137,81,3468,71.412,12.804,1.0,0.3336,1.0,0.034661
137,93,130,59.341,45.709,1.0,0.0776,1.0,0.008068
137,83,4357,86.657,76.579,1.0,0.0677,1.0,0.007033
137,71,2037,16.352,26.876,1.0,0.0364,1.0,0.003781
137,22,283,94.914,80.884,1.0,0.0702,1.0,0.007293
137,18,2841,39.186,8.936,1.0,0.2623,1.0,0.027252
137,99,639,76.267,149.618,1.0,0.0305,1.0,0.003168
137,41,1043,38.477,11.468,1.0,0.2007,1.0,0.020852
137,33,722,29.196,27.204,1.0,0.0642,1.0,0.00667
137,56,2557,94.929,128.443,1.0,0.0442,1.0,0.004593
137,91,3278,97.764,79.27,1.0,0.0738,1.0,0.007665
137,38,1345,76.284,7.671,1.0,0.5948,1.0,0.061805
137,51,179,98.694,83.761,1.0,0.0705,1.0,0.007323
137,48,1450,43.51,103.875,1.0,0.0251,1.0,0.002603
137,23,1483,14.265,80.142,1.0,0.0106,1.0,0.001106
137,52,546,31.57,119.36,1.0,0.0158,1.0,0.001644
137,21,424,60.407,148.878,1.0,0.0243,1.0,0.002522
137,46,380,28.562,106.962,1.0,0.016,1.0,0.00166
137,53,2420,58.731,137.43,1.0,0.0256,1.0,0.002656
137,9,545,94.82,49.535,1.0,0.1145,1.0,0.011896
137,20,709,64.839,113.427,1.0,0.0342,1.0,0.003553
137,97,376,47.509,88.82,1.0,0.032,1.0,0.003324
137,84,808,10.556,141.555,1.0,0.0045,1.0,0.000463
138,25,132,47.29,23.406,1.0,0.1208,1.0,0.012556
138,1,783,68.707,11.347,1.0,0.3621,1.0,0.037629
138,23,1483,14.265,80.142,1.0,0.0106,1.0,0.001106
138,17,1361,62.897,124.78,1.0,0.0301,1.0,0.003133
138,36,638,47.698,137.695,1.0,0.0207,1.0,0.002153
138,8,431,80.868,125.882,1.0,0.0384,1.0,0.003992
138,83,4357,86.657,76.579,1.0,0.0677,1.0,0.007033
138,77,743,96.062,111.156,1.0,0.0517,1.0,0.005371
138,82,741,80.673,118.95,1.0,0.0406,1.0,0.004215
138,61,1475,38.141,37.526,1.0,0.0608,1.0,0.006317
138,70,1801,20.481,127.402,1.0,0.0096,1.0,0.000999
138,32,1443,90.494,80.505,1.0,0.0672,1.0,0.006986
138,27,600,62.234,81.394,1.0,0.0457,1.0,0.004752
138,57,447,55.543,86.938,1.0,0.0382,1.0,0.00397
138,7,601,42.657,91.017,1.0,0.028,1.0,0.002913
138,73,313,73.21,92.538,1.0,0.0473,1.0,0.004917
138,34,171,82.57,147.901,1.0,0.0334,1.0,0.00347
138,5,397,76.762,114.282,1.0,0.0402,1.0,0.004174
138,98,359,70.086,95.096,1.0,0.0441,1.0,0.00458
138,38,1345,76.284,7.671,1.0,0.5948,1.0,0.061805
138,68,468,93.744,79.303,1.0,0.0707,1.0,0.007346
138,51,179,98.694,83.761,1.0,0.0705,1.0,0.007323
138,59,1909,94.918,57.116,1.0,0.0994,1.0,0.010328
138,3,104,61.582,81.631,1.0,0.0451,1.0,0.004688
138,9,545,94.82,49.535,1.0,0.1145,1.0,0.011896
138,48,1450,43.51,103.875,1.0,0.0251,1.0,0.002603
138,43,1353,13.989,73.407,1.0,0.0114,1.0,0.001184
138,50,519,64.078,15.999,1.0,0.2395,1.0,0.024892
138,88,484,50.795,16.315,1.0,0.1862,1.0,0.019349
138,26,1079,53.593,128.007,1.0,0.025,1.0,0.002602
138,99,639,76.267,149.618,1.0,0.0305,1.0,0.003168
138,0,1844,79.656,68.637,1.0,0.0694,1.0,0.007212
138,94,539,21.47,15.183,1.0,0.0846,1.0,0.008788
138,55,1776,70.685,67.685,1.0,0.0625,1.0,0.00649
138,84,808,10.556,141.555,1.0,0.0045,1.0,0.000463
138,18,2841,39.186,8.936,1.0,0.2623,1.0,0.027252
138,47,1284,61.82,116.641,1.0,0.0317,1.0,0.003294
138,72,1537,75.51,25.613,1.0,0.1763,1.0,0.018322
138,67,333,58.937,127.004,1.0,0.0278,1.0,0.002884
138,87,1334,44.588,38.916,1.0,0.0685,1.0,0.007121
138,20,709,64.839,113.427,1.0,0.0342,1.0,0.003553
138,46,380,28.562,106.962,1.0,0.016,1.0,0.00166
138,62,1852,85.471,105.361,1.0,0.0485,1.0,0.005042
138,49,480,35.477,136.986,1.0,0.0155,1.0,0.00161
138,81,3468,71.412,12.804,1.0,0.3336,1.0,0.034661
138,75,963,88.751,27.893,1.0,0.1903,1.0,0.019775
138,71,2037,16.352,26.876,1.0,0.0364,1.0,0.003781
138,30,590,85.405,5.968,1.0,0.8559,1.0,0.088938
138,58,2874,85.148,91.5,1.0,0.0557,1.0,0.005783
138,69,2603,23.83,29.549,1.0,0.0482,1.0,0.005012
138,28,561,44.266,109.952,1.0,0.0241,1.0,0.002502
138,96,4682,61.581,118.886,1.0,0.031,1.0,0.003219
138,63,2751,67.438,148.762,1.0,0.0271,1.0,0.002817
138,39,298,49.07,35.686,1.0,0.0822,1.0,0.008546
138,33,722,29.196,27.204,1.0,0.0642,1.0,0.00667
138,41,1043,38.477,11.468,1.0,0.2007,1.0,0.020852
138,93,130,59.341,45.709,1.0,0.0776,1.0,0.008068
138,6,331,44.893,91.387,1.0,0.0294,1.0,0.003053
138,14,1317,75.351,7.451,1.0,0.6048,1.0,0.06285
138,64,1386,98.417,10.858,1.0,0.5421,1.0,0.05633
138,21,424,60.407,148.878,1.0,0.0243,1.0,0.002522
138,76,458,93.762,140.946,1.0,0.0398,1.0,0.004134
138,79,3472,66.953,48.196,1.0,0.0831,1.0,0.008634
138,31,874,54.337,48.988,1.0,0.0663,1.0,0.006893
138,65,312,68.368,74.265,1.0,0.0551,1.0,0.005721
138,78,1113,86.837,13.275,1.0,0.3912,1.0,0.040653
138,29,3113,32.807,81.493,1.0,0.0241,1.0,0.002502
138,10,1009,65.419,88.263,1.0,0.0443,1.0,0.004606
138,45,900,61.368,118.613,1.0,0.0309,1.0,0.003215
138,35,683,80.734,84.92,1.0,0.0569,1.0,0.005908
138,86,1201,69.326,73.457,1.0,0.0564,1.0,0.005865
138,11,2133,11.001,109.242,1.0,0.006,1.0,0.000626
138,22,283,94.914,80.884,1.0,0.0702,1.0,0.007293
138,24,1188,93.136,105.459,1.0,0.0528,1.0,0.005489
138,90,1178,22.834,121.677,1.0,0.0112,1.0,0.001166
138,66,366,87.039,96.68,1.0,0.0538,1.0,0.005595
138,15,751,71.575,72.905,1.0,0.0587,1.0,0.006101
138,12,209,30.021,80.194,1.0,0.0224,1.0,0.002326
138,95,1166,87.236,44.882,1.0,0.1162,1.0,0.01208
138,40,367,99.787,128.944,1.0,0.0463,1.0,0.004809
138,37,457,92.764,15.385,1.0,0.3606,1.0,0.037471
138,97,376,47.509,88.82,1.0,0.032,1.0,0.003324
138,91,3278,97.764,79.27,1.0,0.0738,1.0,0.007665
138,85,1300,15.622,35.397,1.0,0.0264,1.0,0.002743
138,92,1459,97.163,78.118,1.0,0.0744,1.0,0.00773
138,42,226,75.889,135.53,1.0,0.0335,1.0,0.00348
138,4,163,91.504,16.198,1.0,0.3379,1.0,0.035108
138,16,335,37.811,132.576,1.0,0.0171,1.0,0.001772
138,19,411,43.694,116.931,1.0,0.0223,1.0,0.002322
138,89,2871,68.182,92.167,1.0,0.0442,1.0,0.004597
138,52,546,31.57,119.36,1.0,0.0158,1.0,0.001644
138,44,2221,65.392,30.426,1.0,0.1285,1.0,0.013357
138,13,128,84.903,131.244,1.0,0.0387,1.0,0.00402
138,56,2557,94.929,128.443,1.0,0.0442,1.0,0.004593
138,74,508,25.513,132.154,1.0,0.0115,1.0,0.0012
138,60,955,24.399,89.962,1.0,0.0162,1.0,0.001686
138,53,2420,58.731,137.43,1.0,0.0256,1.0,0.002656
138,54,328,75.625,111.414,1.0,0.0406,1.0,0.004218
138,2,12078,21.031,42.426,1.0,0.0296,1.0,0.003081
138,80,694,84.282,30.465,1.0,0.1655,1.0,0.017193
139,75,963,88.751,27.893,1.0,0.1903,1.0,0.019775
139,43,1353,13.989,73.407,1.0,0.0114,1.0,0.001184
139,62,1852,85.471,105.361,1.0,0.0485,1.0,0.005042
139,2,12078,21.031,42.426,1.0,0.0296,1.0,0.003081
139,45,900,61.368,118.613,1.0,0.0309,1.0,0.003215
139,84,808,10.556,141.555,1.0,0.0045,1.0,0.000463
139,71,2037,16.352,26.876,1.0,0.0364,1.0,0.003781
139,92,1459,97.163,78.118,1.0,0.0744,1.0,0.00773
139,86,1201,69.326,73.457,1.0,0.0564,1.0,0.005865
139,60,955,24.399,89.962,1.0,0.0162,1.0,0.001686
139,91,3278,97.764,79.27,1.0,0.0738,1.0,0.007665
139,64,1386,98.417,10.858,1.0,0.5421,1.0,0.05633
139,27,600,62.234,81.394,1.0,0.0457,1.0,0.004752
139,65,312,68.368,74.265,1.0,0.0551,1.0,0.005721
139,21,424,60.407,148.878,1.0,0.0243,1.0,0.002522
139,22,283,94.914,80.884,1.0,0.0702,1.0,0.007293
139,81,3468,71.412,12.804,1.0,0.3336,1.0,0.034661
139,57,447,55.543,86.938,1.0,0.0382,1.0,0.00397
139,58,2874,85.148,91.5,1.0,0.0557,1.0,0.005783
139,36,638,47.698,137.695,1.0,0.0207,1.0,0.002153
139,17,1361,62.897,124.78,1.0,0.0301,1.0,0.003133
139,39,298,49.07,35.686,1.0,0.0822,1.0,0.008546
139,54,328,75.625,111.414,1.0,0.0406,1.0,0.004218
139,69,2603,23.83,29.549,1.0,0.0482,1.0,0.005012
139,13,128,84.903,131.244,1.0,0.0387,1.0,0.00402
139,52,546,31.57,119.36,1.0,0.0158,1.0,0.001644
139,19,411,43.694,116.931,1.0,0.0223,1.0,0.002322
139,38,1345,76.284,7.671,1.0,0.5948,1.0,0.061805
139,7,601,42.657,91.017,1.0,0.028,1.0,0.002913
139,31,874,54.337,48.988,1.0,0.0663,1.0,0.006893
139,37,457,92.764,15.385,1.0,0.3606,1.0,0.037471
139,20,709,64.839,113.427,1.0,0.0342,1.0,0.003553
139,8,431,80.868,125.882,1.0,0.0384,1.0,0.003992
139,90,1178,22.834,121.677,1.0,0.0112,1.0,0.001166
139,4,163,91.504,16.198,1.0,0.3379,1.0,0.035108
139,76,458,93.762,140.946,1.0,0.0398,1.0,0.004134
139,47,1284,61.82,116.641,1.0,0.0317,1.0,0.003294
139,1,783,68.707,11.347,1.0,0.3621,1.0,0.037629
139,40,367,99.787,128.944,1.0,0.0463,1.0,0.004809
139,23,1483,14.265,80.142,1.0,0.0106,1.0,0.001106
139,6,331,44.893,91.387,1.0,0.0294,1.0,0.003053
139,15,751,71.575,72.905,1.0,0.0587,1.0,0.006101
139,68,468,93.744,79.303,1.0,0.0707,1.0,0.007346
139,53,2420,58.731,137.43,1.0,0.0256,1.0,0.002656
139,50,519,64.078,15.999,1.0,0.2395,1.0,0.024892
139,51,179,98.694,83.761,1.0,0.0705,1.0,0.007323
139,10,1009,65.419,88.263,1.0,0.0443,1.0,0.004606
139,73,313,73.21,92.538,1.0,0.0473,1.0,0.004917
139,18,2841,39.186,8.936,1.0,0.2623,1.0,0.027252
139,41,1043,38.477,11.468,1.0,0.2007,1.0,0.020852
139,99,639,76.267,149.618,1.0,0.0305,1.0,0.003168
139,80,694,84.282,30.465,1.0,0.1655,1.0,0.017193
139,56,2557,94.929,128.443,1.0,0.0442,1.0,0.004593
139,55,1776,70.685,67.685,1.0,0.0625,1.0,0.00649
139,89,2871,68.182,92.167,1.0,0.0442,1.0,0.004597
139,24,1188,93.136,105.459,1.0,0.0528,1.0,0.005489
139,25,132,47.29,23.406,1.0,0.1208,1.0,0.012556
139,11,2133,11.001,109.242,1.0,0.006,1.0,0.000626
139,12,209,30.021,80.194,1.0,0.0224,1.0,0.002326
139,49,480,35.477,136.986,1.0,0.0155,1.0,0.00161
139,78,1113,86.837,13.275,1.0,0.3912,1.0,0.040653
139,79,3472,66.953,48.196,1.0,0.0831,1.0,0.008634
139,74,508,25.513,132.154,1.0,0.0115,1.0,0.0012
139,93,130,59.341,45.709,1.0,0.0776,1.0,0.008068
139,34,171,82.57,147.901,1.0,0.0334,1.0,0.00347
139,32,1443,90.494,80.505,1.0,0.0672,1.0,0.006986
139,67,333,58.937,127.004,1.0,0.0278,1.0,0.002884
139,42,226,75.889,135.53,1.0,0.0335,1.0,0.00348
139,3,104,61.582,81.631,1.0,0.0451,1.0,0.004688
139,5,397,76.762,114.282,1.0,0.0402,1.0,0.004174
139,70,1801,20.481,127.402,1.0,0.0096,1.0,0.000999
139,85,1300,15.622,35.397,1.0,0.0264,1.0,0.002743
139,66,366,87.039,96.68,1.0,0.0538,1.0,0.005595
139,61,1475,38.141,37.526,1.0,0.0608,1.0,0.006317
139,33,722,29.196,27.204,1.0,0.0642,1.0,0.00667
139,28,561,44.266,109.952,1.0,0.0241,1.0,0.002502
139,16,335,37.811,132.576,1.0,0.0171,1.0,0.001772
139,48,1450,43.51,103.875,1.0,0.0251,1.0,0.002603
139,35,683,80.734,84.92,1.0,0.0569,1.0,0.005908
139,30,590,85.405,5.968,1.0,0.8559,1.0,0.088938
139,26,1079,53.593,128.007,1.0,0.025,1.0,0.002602
139,44,2221,65.392,30.426,1.0,0.1285,1.0,0.013357
139,83,4357,86.657,76.579,1.0,0.0677,1.0,0.007033
139,97,376,47.509,88.82,1.0,0.032,1.0,0.003324
139,77,743,96.062,111.156,1.0,0.0517,1.0,0.005371
139,59,1909,94.918,57.116,1.0,0.0994,1.0,0.010328
139,0,1844,79.656,68.637,1.0,0.0694,1.0,0.007212
139,96,4682,61.581,118.886,1.0,0.031,1.0,0.003219
139,14,1317,75.351,7.451,1.0,0.6048,1.0,0.06285
139,98,359,70.086,95.096,1.0,0.0441,1.0,0.00458
139,72,1537,75.51,25.613,1.0,0.1763,1.0,0.018322
139,87,1334,44.588,38.916,1.0,0.0685,1.0,0.007121
139,46,380,28.562,106.962,1.0,0.016,1.0,0.00166
139,94,539,21.47,15.183,1.0,0.0846,1.0,0.008788
139,82,741,80.673,118.95,1.0,0.0406,1.0,0.004215
139,95,1166,87.236,44.882,1.0,0.1162,1.0,0.01208
139,29,3113,32.807,81.493,1.0,0.0241,1.0,0.002502
139,63,2751,67.438,148.762,1.0,0.0271,1.0,0.002817
139,9,545,94.82,49.535,1.0,0.1145,1.0,0.011896
139,88,484,50.795,16.315,1.0,0.1862,1.0,0.019349
140,63,2751,67.438,148.762,1.0,0.0271,1.0,0.002817
140,53,2420,58.731,137.43,1.0,0.0256,1.0,0.002656
140,95,1166,87.236,44.882,1.0,0.1162,1.0,0.01208
140,54,328,75.625,111.414,1.0,0.0406,1.0,0.004218
140,16,335,37.811,132.576,1.0,0.0171,1.0,0.001772
140,85,1300,15.622,35.397,1.0,0.0264,1.0,0.002743
140,62,1852,85.471,105.361,1.0,0.0485,1.0,0.005042
140,87,1334,44.588,38.916,1.0,0.0685,1.0,0.007121
140,51,179,98.694,83.761,1.0,0.0705,1.0,0.007323
140,64,1386,98.417,10.858,1.0,0.5421,1.0,0.05633
140,66,366,87.039,96.68,1.0,0.0538,1.0,0.005595
140,11,2133,11.001,109.242,1.0,0.006,1.0,0.000626
140,7,601,42.657,91.017,1.0,0.028,1.0,0.002913
140,90,1178,22.834,121.677,1.0,0.0112,1.0,0.001166
140,29,3113,32.807,81.493,1.0,0.0241,1.0,0.002502
140,73,313,73.21,92.538,1.0,0.0473,1.0,0.004917
140,22,283,94.914,80.884,1.0,0.0702,1.0,0.007293
140,24,1188,93.136,105.459,1.0,0.0528,1.0,0.005489
140,9,545,94.82,49.535,1.0,0.1145,1.0,0.011896
140,20,709,64.839,113.427,1.0,0.0342,1.0,0.003553
140,72,1537,75.51,25.613,1.0,0.1763,1.0,0.018322
140,83,4357,86.657,76.579,1.0,0.0677,1.0,0.007033
140,34,171,82.57,147.901,1.0,0.0334,1.0,0.00347
140,77,743,96.062,111.156,1.0,0.0517,1.0,0.005371
140,91,3278,97.764,79.27,1.0,0.0738,1.0,0.007665
140,52,546,31.57,119.36,1.0,0.0158,1.0,0.001644
140,98,359,70.086,95.096,1.0,0.0441,1.0,0.00458
140,2,12078,21.031,42.426,1.0,0.0296,1.0,0.003081
140,89,2871,68.182,92.167,1.0,0.0442,1.0,0.004597
140,67,333,58.937,127.004,1.0,0.0278,1.0,0.002884
140,61,1475,38.141,37.526,1.0,0.0608,1.0,0.006317
140,17,1361,62.897,124.78,1.0,0.0301,1.0,0.003133
140,97,376,47.509,88.82,1.0,0.032,1.0,0.003324
140,38,1345,76.284,7.671,1.0,0.5948,1.0,0.061805
140,12,209,30.021,80.194,1.0,0.0224,1.0,0.002326
140,71,2037,16.352,26.876,1.0,0.0364,1.0,0.003781
140,65,312,68.368,74.265,1.0,0.0551,1.0,0.005721
140,81,3468,71.412,12.804,1.0,0.3336,1.0,0.034661
140,23,1483,14.265,80.142,1.0,0.0106,1.0,0.001106
140,46,380,28.562,106.962,1.0,0.016,1.0,0.00166
140,27,600,62.234,81.394,1.0,0.0457,1.0,0.004752
140,44,2221,65.392,30.426,1.0,0.1285,1.0,0.013357
140,76,458,93.762,140.946,1.0,0.0398,1.0,0.004134
140,84,808,10.556,141.555,1.0,0.0045,1.0,0.000463
140,39,298,49.07,35.686,1.0,0.0822,1.0,0.008546
140,80,694,84.282,30.465,1.0,0.1655,1.0,0.017193
140,31,874,54.337,48.988,1.0,0.0663,1.0,0.006893
140,49,480,35.477,136.986,1.0,0.0155,1.0,0.00161
140,58,2874,85.148,91.5,1.0,0.0557,1.0,0.005783
140,43,1353,13.989,73.407,1.0,0.0114,1.0,0.001184
140,86,1201,69.326,73.457,1.0,0.0564,1.0,0.005865
140,37,457,92.764,15.385,1.0,0.3606,1.0,0.037471
140,10,1009,65.419,88.263,1.0,0.0443,1.0,0.004606
140,96,4682,61.581,118.886,1.0,0.031,1.0,0.003219
140,21,424,60.407,148.878,1.0,0.0243,1.0,0.002522
140,33,722,29.196,27.204,1.0,0.0642,1.0,0.00667
140,74,508,25.513,132.154,1.0,0.0115,1.0,0.0012
140,1,783,68.707,11.347,1.0,0.3621,1.0,0.037629
140,40,367,99.787,128.944,1.0,0.0463,1.0,0.004809
140,42,226,75.889,135.53,1.0,0.0335,1.0,0.00348
140,48,1450,43.51,103.875,1.0,0.0251,1.0,0.002603
140,5,397,76.762,114.282,1.0,0.0402,1.0,0.004174
140,25,132,47.29,23.406,1.0,0.1208,1.0,0.012556
140,55,1776,70.685,67.685,1.0,0.0625,1.0,0.00649
140,30,590,85.405,5.968,1.0,0.8559,1.0,0.088938
140,99,639,76.267,149.618,1.0,0.0305,1.0,0.003168
140,36,638,47.698,137.695,1.0,0.0207,1.0,0.002153
140,60,955,24.399,89.962,1.0,0.0162,1.0,0.001686
140,94,539,21.47,15.183,1.0,0.0846,1.0,0.008788
140,79,3472,66.953,48.196,1.0,0.0831,1.0,0.008634
140,70,1801,20.481,127.402,1.0,0.0096,1.0,0.000999
140,6,331,44.893,91.387,1.0,0.0294,1.0,0.003053
140,26,1079,53.593,128.007,1.0,0.025,1.0,0.002602
140,78,1113,86.837,13.275,1.0,0.3912,1.0,0.040653
140,32,1443,90.494,80.505,1.0,0.0672,1.0,0.006986
140,18,2841,39.186,8.936,1.0,0.2623,1.0,0.027252
140,69,2603,23.83,29.549,1.0,0.0482,1.0,0.005012
140,15,751,71.575,72.905,1.0,0.0587,1.0,0.006101
140,47,1284,61.82,116.641,1.0,0.0317,1.0,0.003294
140,19,411,43.694,116.931,1.0,0.0223,1.0,0.002322
140,45,900,61.368,118.613,1.0,0.0309,1.0,0.003215
140,0,1844,79.656,68.637,1.0,0.0694,1.0,0.007212
140,75,963,88.751,27.893,1.0,0.1903,1.0,0.019775
140,59,1909,94.918,57.116,1.0,0.0994,1.0,0.010328
140,68,468,93.744,79.303,1.0,0.0707,1.0,0.007346
140,35,683,80.734,84.92,1.0,0.0569,1.0,0.005908
140,56,2557,94.929,128.443,1.0,0.0442,1.0,0.004593
140,57,447,55.543,86.938,1.0,0.0382,1.0,0.00397
140,3,104,61.582,81.631,1.0,0.0451,1.0,0.004688
140,88,484,50.795,16.315,1.0,0.1862,1.0,0.019349
140,50,519,64.078,15.999,1.0,0.2395,1.0,0.024892
140,14,1317,75.351,7.451,1.0,0.6048,1.0,0.06285
140,82,741,80.673,118.95,1.0,0.0406,1.0,0.004215
140,41,1043,38.477,11.468,1.0,0.2007,1.0,0.020852
140,8,431,80.868,125.882,1.0,0.0384,1.0,0.003992
140,28,561,44.266,109.952,1.0,0.0241,1.0,0.002502
140,93,130,59.341,45.709,1.0,0.0776,1.0,0.008068
140,13,128,84.903,131.244,1.0,0.0387,1.0,0.00402
140,4,163,91.504,16.198,1.0,0.3379,1.0,0.035108
140,92,1459,97.163,78.118,1.0,0.0744,1.0,0.00773
141,51,179,98.694,83.761,1.0,0.0705,1.0,0.007323
141,61,1475,38.141,37.526,1.0,0.0608,1.0,0.006317
141,49,480,35.477,136.986,1.0,0.0155,1.0,0.00161
141,22,283,94.914,80.884,1.0,0.0702,1.0,0.007293
141,2,12078,21.031,42.426,1.0,0.0296,1.0,0.003081
141,70,1801,20.481,127.402,1.0,0.0096,1.0,0.000999
141,4,163,91.504,16.198,1.0,0.3379,1.0,0.035108
141,12,209,30.021,80.194,1.0,0.0224,1.0,0.002326
141,0,1844,79.656,68.637,1.0,0.0694,1.0,0.007212
141,30,590,85.405,5.968,1.0,0.8559,1.0,0.088938
141,56,2557,94.929,128.443,1.0,0.0442,1.0,0.004593
141,21,424,60.407,148.878,1.0,0.0243,1.0,0.002522
141,73,313,73.21,92.538,1.0,0.0473,1.0,0.004917
141,98,359,70.086,95.096,1.0,0.0441,1.0,0.00458
141,67,333,58.937,127.004,1.0,0.0278,1.0,0.002884
141,81,3468,71.412,12.804,1.0,0.3336,1.0,0.034661
141,19,411,43.694,116.931,1.0,0.0223,1.0,0.002322
141,54,328,75.625,111.414,1.0,0.0406,1.0,0.004218
141,90,1178,22.834,121.677,1.0,0.0112,1.0,0.001166
141,14,1317,75.351,7.451,1.0,0.6048,1.0,0.06285
141,24,1188,93.136,105.459,1.0,0.0528,1.0,0.005489
141,63,2751,67.438,148.762,1.0,0.0271,1.0,0.002817
141,79,3472,66.953,48.196,1.0,0.0831,1.0,0.008634
141,68,468,93.744,79.303,1.0,0.0707,1.0,0.007346
141,40,367,99.787,128.944,1.0,0.0463,1.0,0.004809
141,15,751,71.575,72.905,1.0,0.0587,1.0,0.006101
141,39,298,49.07,35.686,1.0,0.0822,1.0,0.008546
141,52,546,31.57,119.36,1.0,0.0158,1.0,0.001644
141,3,104,61.582,81.631,1.0,0.0451,1.0,0.004688
141,84,808,10.556,141.555,1.0,0.0045,1.0,0.000463
141,77,743,96.062,111.156,1.0,0.0517,1.0,0.005371
141,76,458,93.762,140.946,1.0,0.0398,1.0,0.004134
141,43,1353,13.989,73.407,1.0,0.0114,1.0,0.001184
141,78,1113,86.837,13.275,1.0,0.3912,1.0,0.040653
141,32,1443,90.494,80.505,1.0,0.0672,1.0,0.006986
141,89,2871,68.182,92.167,1.0,0.0442,1.0,0.004597
141,18,2841,39.186,8.936,1.0,0.2623,1.0,0.027252
141,38,1345,76.284,7.671,1.0,0.5948,1.0,0.061805
141,74,508,25.513,132.154,1.0,0.0115,1.0,0.0012
141,86,1201,69.326,73.457,1.0,0.0564,1.0,0.005865
141,80,694,84.282,30.465,1.0,0.1655,1.0,0.017193
141,16,335,37.811,132.576,1.0,0.0171,1.0,0.001772
141,88,484,50.795,16.315,1.0,0.1862,1.0,0.019349
141,99,639,76.267,149.618,1.0,0.0305,1.0,0.003168
141,57,447,55.543,86.938,1.0,0.0382,1.0,0.00397
141,85,1300,15.622,35.397,1.0,0.0264,1.0,0.002743
141,33,722,29.196,27.204,1.0,0.0642,1.0,0.00667
141,62,1852,85.471,105.361,1.0,0.0485,1.0,0.005042
141,58,2874,85.148,91.5,1.0,0.0557,1.0,0.005783
141,25,132,47.29,23.406,1.0,0.1208,1.0,0.012556
141,72,1537,75.51,25.613,1.0,0.1763,1.0,0.018322
141,35,683,80.734,84.92,1.0,0.0569,1.0,0.005908
141,34,171,82.57,147.901,1.0,0.0334,1.0,0.00347
141,92,1459,97.163,78.118,1.0,0.0744,1.0,0.00773
141,66,366,87.039,96.68,1.0,0.0538,1.0,0.005595
141,42,226,75.889,135.53,1.0,0.0335,1.0,0.00348
141,87,1334,44.588,38.916,1.0,0.0685,1.0,0.007121
141,45,900,61.368,118.613,1.0,0.0309,1.0,0.003215
141,65,312,68.368,74.265,1.0,0.0551,1.0,0.005721
141,83,4357,86.657,76.579,1.0,0.0677,1.0,0.007033
141,23,1483,14.265,80.142,1.0,0.0106,1.0,0.001106
141,69,2603,23.83,29.549,1.0,0.0482,1.0,0.005012
141,28,561,44.266,109.952,1.0,0.0241,1.0,0.002502
141,60,955,24.399,89.962,1.0,0.0162,1.0,0.001686
141,95,1166,87.236,44.882,1.0,0.1162,1.0,0.01208
141,31,874,54.337,48.988,1.0,0.0663,1.0,0.006893
141,11,2133,11.001,109.242,1.0,0.006,1.0,0.000626
141,9,545,94.82,49.535,1.0,0.1145,1.0,0.011896
141,17,1361,62.897,124.78,1.0,0.0301,1.0,0.003133
141,71,2037,16.352,26.876,1.0,0.0364,1.0,0.003781
141,97,376,47.509,88.82,1.0,0.032,1.0,0.003324
141,36,638,47.698,137.695,1.0,0.0207,1.0,0.002153
141,53,2420,58.731,137.43,1.0,0.0256,1.0,0.002656
141,46,380,28.562,106.962,1.0,0.016,1.0,0.00166
141,8,431,80.868,125.882,1.0,0.0384,1.0,0.003992
141,37,457,92.764,15.385,1.0,0.3606,1.0,0.037471
141,93,130,59.341,45.709,1.0,0.0776,1.0,0.008068
141,47,1284,61.82,116.641,1.0,0.0317,1.0,0.003294
141,27,600,62.234,81.394,1.0,0.0457,1.0,0.004752
141,1,783,68.707,11.347,1.0,0.3621,1.0,0.037629
141,7,601,42.657,91.017,1.0,0.028,1.0,0.002913
141,64,1386,98.417,10.858,1.0,0.5421,1.0,0.05633
141,44,2221,65.392,30.426,1.0,0.1285,1.0,0.013357
141,50,519,64.078,15.999,1.0,0.2395,1.0,0.024892
141,48,1450,43.51,103.875,1.0,0.0251,1.0,0.002603
141,5,397,76.762,114.282,1.0,0.0402,1.0,0.004174
141,75,963,88.751,27.893,1.0,0.1903,1.0,0.019775
141,82,741,80.673,118.95,1.0,0.0406,1.0,0.004215
141,55,1776,70.685,67.685,1.0,0.0625,1.0,0.00649
141,91,3278,97.764,79.27,1.0,0.0738,1.0,0.007665
141,59,1909,94.918,57.116,1.0,0.0994,1.0,0.010328
141,41,1043,38.477,11.468,1.0,0.2007,1.0,0.020852
141,13,128,84.903,131.244,1.0,0.0387,1.0,0.00402
141,94,539,21.47,15.183,1.0,0.0846,1.0,0.008788
141,20,709,64.839,113.427,1.0,0.0342,1.0,0.003553
141,96,4682,61.581,118.886,1.0,0.031,1.0,0.003219
141,29,3113,32.807,81.493,1.0,0.0241,1.0,0.002502
141,26,1079,53.593,128.007,1.0,0.025,1.0,0.002602
141,6,331,44.893,91.387,1.0,0.0294,1.0,0.003053
141,10,1009,65.419,88.263,1.0,0.0443,1.0,0.004606
142,55,1776,70.685,67.685,1.0,0.0625,1.0,0.00649
142,50,519,64.078,15.999,1.0,0.2395,1.0,0.024892
142,48,1450,43.51,103.875,1.0,0.0251,1.0,0.002603
142,82,741,80.673,118.95,1.0,0.0406,1.0,0.004215
142,51,179,98.694,83.761,1.0,0.0705,1.0,0.007323
142,38,1345,76.284,7.671,1.0,0.5948,1.0,0.061805
142,68,468,93.744,79.303,1.0,0.0707,1.0,0.007346
142,40,367,99.787,128.944,1.0,0.0463,1.0,0.004809
142,73,313,73.21,92.538,1.0,0.0473,1.0,0.004917
142,43,1353,13.989,73.407,1.0,0.0114,1.0,0.001184
142,4,163,91.504,16.198,1.0,0.3379,1.0,0.035108
142,65,312,68.368,74.265,1.0,0.0551,1.0,0.005721
142,24,1188,93.136,105.459,1.0,0.0528,1.0,0.005489
142,99,639,76.267,149.618,1.0,0.0305,1.0,0.003168
142,66,366,87.039,96.68,1.0,0.0538,1.0,0.005595
142,88,484,50.795,16.315,1.0,0.1862,1.0,0.019349
142,26,1079,53.593,128.007,1.0,0.025,1.0,0.002602
142,74,508,25.513,132.154,1.0,0.0115,1.0,0.0012
142,76,458,93.762,140.946,1.0,0.0398,1.0,0.004134
142,39,298,49.07,35.686,1.0,0.0822,1.0,0.008546
142,79,3472,66.953,48.196,1.0,0.0831,1.0,0.008634
142,62,1852,85.471,105.361,1.0,0.0485,1.0,0.005042
142,56,2557,94.929,128.443,1.0,0.0442,1.0,0.004593
142,3,104,61.582,81.631,1.0,0.0451,1.0,0.004688
142,86,1201,69.326,73.457,1.0,0.0564,1.0,0.005865
142,72,1537,75.51,25.613,1.0,0.1763,1.0,0.018322
142,63,2751,67.438,148.762,1.0,0.0271,1.0,0.002817
142,11,2133,11.001,109.242,1.0,0.006,1.0,0.000626
142,71,2037,16.352,26.876,1.0,0.0364,1.0,0.003781
142,15,751,71.575,72.905,1.0,0.0587,1.0,0.006101
142,91,3278,97.764,79.27,1.0,0.0738,1.0,0.007665
142,61,1475,38.141,37.526,1.0,0.0608,1.0,0.006317
142,8,431,80.868,125.882,1.0,0.0384,1.0,0.003992
142,54,328,75.625,111.414,1.0,0.0406,1.0,0.004218
142,47,1284,61.82,116.641,1.0,0.0317,1.0,0.003294
142,52,546,31.57,119.36,1.0,0.0158,1.0,0.001644
142,83,4357,86.657,76.579,1.0,0.0677,1.0,0.007033
142,35,683,80.734,84.92,1.0,0.0569,1.0,0.005908
142,19,411,43.694,116.931,1.0,0.0223,1.0,0.002322
142,31,874,54.337,48.988,1.0,0.0663,1.0,0.006893
142,13,128,84.903,131.244,1.0,0.0387,1.0,0.00402
142,27,600,62.234,81.394,1.0,0.0457,1.0,0.004752
142,45,900,61.368,118.613,1.0,0.0309,1.0,0.003215
142,18,2841,39.186,8.936,1.0,0.2623,1.0,0.027252
142,60,955,24.399,89.962,1.0,0.0162,1.0,0.001686
142,30,590,85.405,5.968,1.0,0.8559,1.0,0.088938
142,95,1166,87.236,44.882,1.0,0.1162,1.0,0.01208
142,87,1334,44.588,38.916,1.0,0.0685,1.0,0.007121
142,93,130,59.341,45.709,1.0,0.0776,1.0,0.008068
142,81,3468,71.412,12.804,1.0,0.3336,1.0,0.034661
142,25,132,47.29,23.406,1.0,0.1208,1.0,0.012556
142,20,709,64.839,113.427,1.0,0.0342,1.0,0.003553
142,92,1459,97.163,78.118,1.0,0.0744,1.0,0.00773
142,16,335,37.811,132.576,1.0,0.0171,1.0,0.001772
142,29,3113,32.807,81.493,1.0,0.0241,1.0,0.002502
142,69,2603,23.83,29.549,1.0,0.0482,1.0,0.005012
142,36,638,47.698,137.695,1.0,0.0207,1.0,0.002153
142,75,963,88.751,27.893,1.0,0.1903,1.0,0.019775
142,77,743,96.062,111.156,1.0,0.0517,1.0,0.005371
142,58,2874,85.148,91.5,1.0,0.0557,1.0,0.005783
142,96,4682,61.581,118.886,1.0,0.031,1.0,0.003219
142,64,1386,98.417,10.858,1.0,0.5421,1.0,0.05633
142,5,397,76.762,114.282,1.0,0.0402,1.0,0.004174
142,21,424,60.407,148.878,1.0,0.0243,1.0,0.002522
142,89,2871,68.182,92.167,1.0,0.0442,1.0,0.004597
142,85,1300,15.622,35.397,1.0,0.0264,1.0,0.002743
142,53,2420,58.731,137.43,1.0,0.0256,1.0,0.002656
142,34,171,82.57,147.901,1.0,0.0334,1.0,0.00347
142,67,333,58.937,127.004,1.0,0.0278,1.0,0.002884
142,78,1113,86.837,13.275,1.0,0.3912,1.0,0.040653
142,98,359,70.086,95.096,1.0,0.0441,1.0,0.00458
142,9,545,94.82,49.535,1.0,0.1145,1.0,0.011896
142,94,539,21.47,15.183,1.0,0.0846,1.0,0.008788
142,33,722,29.196,27.204,1.0,0.0642,1.0,0.00667
142,42,226,75.889,135.53,1.0,0.0335,1.0,0.00348
142,7,601,42.657,91.017,1.0,0.028,1.0,0.002913
142,28,561,44.266,109.952,1.0,0.0241,1.0,0.002502
142,46,380,28.562,106.962,1.0,0.016,1.0,0.00166
142,32,1443,90.494,80.505,1.0,0.0672,1.0,0.006986
142,41,1043,38.477,11.468,1.0,0.2007,1.0,0.020852
142,44,2221,65.392,30.426,1.0,0.1285,1.0,0.013357
142,2,12078,21.031,42.426,1.0,0.0296,1.0,0.003081
142,12,209,30.021,80.194,1.0,0.0224,1.0,0.002326
142,6,331,44.893,91.387,1.0,0.0294,1.0,0.003053
142,23,1483,14.265,80.142,1.0,0.0106,1.0,0.001106
142,90,1178,22.834,121.677,1.0,0.0112,1.0,0.001166
142,0,1844,79.656,68.637,1.0,0.0694,1.0,0.007212
142,59,1909,94.918,57.116,1.0,0.0994,1.0,0.010328
142,84,808,10.556,141.555,1.0,0.0045,1.0,0.000463
142,14,1317,75.351,7.451,1.0,0.6048,1.0,0.06285
142,10,1009,65.419,88.263,1.0,0.0443,1.0,0.004606
142,1,783,68.707,11.347,1.0,0.3621,1.0,0.037629
142,49,480,35.477,136.986,1.0,0.0155,1.0,0.00161
142,22,283,94.914,80.884,1.0,0.0702,1.0,0.007293
142,70,1801,20.481,127.402,1.0,0.0096,1.0,0.000999
142,17,1361,62.897,124.78,1.0,0.0301,1.0,0.003133
142,37,457,92.764,15.385,1.0,0.3606,1.0,0.037471
142,80,694,84.282,30.465,1.0,0.1655,1.0,0.017193
142,57,447,55.543,86.938,1.0,0.0382,1.0,0.00397
142,97,376,47.509,88.82,1.0,0.032,1.0,0.003324
