round,client,n_samples,throughput_mbps,latency_ms,node_trust,quality,behaviour,weight
62,12,54,30.021,80.194,1.0,0.0224,1.0,0.003191
62,47,276,61.82,116.641,1.0,0.0317,1.0,0.004517
62,1,70,68.707,11.347,1.0,0.3621,1.0,0.051605
62,6,350,44.893,91.387,1.0,0.0294,1.0,0.004187
62,42,122,75.889,135.53,1.0,0.0335,1.0,0.004772
62,26,107,53.593,128.007,1.0,0.025,1.0,0.003568
62,49,1050,35.477,136.986,1.0,0.0155,1.0,0.002207
62,55,517,70.685,67.685,1.0,0.0625,1.0,0.008901
62,30,943,85.405,5.968,1.0,0.8559,1.0,0.121969
62,36,259,47.698,137.695,1.0,0.0207,1.0,0.002952
62,64,1469,98.417,10.858,1.0,0.5421,1.0,0.077251
62,25,672,47.29,23.406,1.0,0.1208,1.0,0.01722
62,32,221,90.494,80.505,1.0,0.0672,1.0,0.00958
62,67,412,58.937,127.004,1.0,0.0278,1.0,0.003955
62,29,426,32.807,81.493,1.0,0.0241,1.0,0.003431
62,44,74,65.392,30.426,1.0,0.1285,1.0,0.018317
62,37,52,92.764,15.385,1.0,0.3606,1.0,0.051388
62,61,700,38.141,37.526,1.0,0.0608,1.0,0.008663
62,17,290,62.897,124.78,1.0,0.0301,1.0,0.004296
62,7,41,42.657,91.017,1.0,0.028,1.0,0.003994
62,56,579,94.929,128.443,1.0,0.0442,1.0,0.006299
62,54,418,75.625,111.414,1.0,0.0406,1.0,0.005785
62,11,679,11.001,109.242,1.0,0.006,1.0,0.000858
62,4,55,91.504,16.198,1.0,0.3379,1.0,0.048147
62,35,349,80.734,84.92,1.0,0.0569,1.0,0.008103
62,8,464,80.868,125.882,1.0,0.0384,1.0,0.005475
62,41,121,38.477,11.468,1.0,0.2007,1.0,0.028597
62,28,126,44.266,109.952,1.0,0.0241,1.0,0.003431
62,16,851,37.811,132.576,1.0,0.0171,1.0,0.002431
62,22,74,94.914,80.884,1.0,0.0702,1.0,0.010001
62,52,287,31.57,119.36,1.0,0.0158,1.0,0.002254
62,0,1546,79.656,68.637,1.0,0.0694,1.0,0.009891
62,58,388,85.148,91.5,1.0,0.0557,1.0,0.007931
62,19,565,43.694,116.931,1.0,0.0223,1.0,0.003185
62,69,225,23.83,29.549,1.0,0.0482,1.0,0.006873
62,50,813,64.078,15.999,1.0,0.2395,1.0,0.034136
62,48,905,43.51,103.875,1.0,0.0251,1.0,0.00357
62,65,412,68.368,74.265,1.0,0.0551,1.0,0.007846
62,5,330,76.762,114.282,1.0,0.0402,1.0,0.005725
62,33,324,29.196,27.204,1.0,0.0642,1.0,0.009147
62,20,301,64.839,113.427,1.0,0.0342,1.0,0.004872
62,51,262,98.694,83.761,1.0,0.0705,1.0,0.010042
62,34,252,82.57,147.901,1.0,0.0334,1.0,0.004758
62,63,251,67.438,148.762,1.0,0.0271,1.0,0.003864
62,31,133,54.337,48.988,1.0,0.0663,1.0,0.009453
62,10,1456,65.419,88.263,1.0,0.0443,1.0,0.006317
62,13,856,84.903,131.244,1.0,0.0387,1.0,0.005514
62,27,352,62.234,81.394,1.0,0.0457,1.0,0.006517
62,66,410,87.039,96.68,1.0,0.0538,1.0,0.007673
62,39,201,49.07,35.686,1.0,0.0822,1.0,0.011719
62,21,319,60.407,148.878,1.0,0.0243,1.0,0.003458
62,15,4958,71.575,72.905,1.0,0.0587,1.0,0.008367
62,2,357,21.031,42.426,1.0,0.0296,1.0,0.004225
62,45,415,61.368,118.613,1.0,0.0309,1.0,0.00441
62,23,342,14.265,80.142,1.0,0.0106,1.0,0.001517
62,14,643,75.351,7.451,1.0,0.6048,1.0,0.086192
62,24,508,93.136,105.459,1.0,0.0528,1.0,0.007527
62,46,910,28.562,106.962,1.0,0.016,1.0,0.002276
62,38,584,76.284,7.671,1.0,0.5948,1.0,0.084759
62,59,1597,94.918,57.116,1.0,0.0994,1.0,0.014164
62,40,224,99.787,128.944,1.0,0.0463,1.0,0.006596
62,9,492,94.82,49.535,1.0,0.1145,1.0,0.016314
62,68,802,93.744,79.303,1.0,0.0707,1.0,0.010075
62,62,732,85.471,105.361,1.0,0.0485,1.0,0.006914
62,60,184,24.399,89.962,1.0,0.0162,1.0,0.002312
62,57,156,55.543,86.938,1.0,0.0382,1.0,0.005445
62,3,95,61.582,81.631,1.0,0.0451,1.0,0.00643
62,53,133,58.731,137.43,1.0,0.0256,1.0,0.003642
62,18,662,39.186,8.936,1.0,0.2623,1.0,0.037373
62,43,337,13.989,73.407,1.0,0.0114,1.0,0.001624
63,1,70,68.707,11.347,1.0,0.3621,1.0,0.051605
63,16,851,37.811,132.576,1.0,0.0171,1.0,0.002431
63,50,813,64.078,15.999,1.0,0.2395,1.0,0.034136
63,30,943,85.405,5.968,1.0,0.8559,1.0,0.121969
63,49,1050,35.477,136.986,1.0,0.0155,1.0,0.002207
63,68,802,93.744,79.303,1.0,0.0707,1.0,0.010075
63,66,410,87.039,96.68,1.0,0.0538,1.0,0.007673
63,23,342,14.265,80.142,1.0,0.0106,1.0,0.001517
63,62,732,85.471,105.361,1.0,0.0485,1.0,0.006914
63,15,4958,71.575,72.905,1.0,0.0587,1.0,0.008367
63,56,579,94.929,128.443,1.0,0.0442,1.0,0.006299
63,24,508,93.136,105.459,1.0,0.0528,1.0,0.007527
63,60,184,24.399,89.962,1.0,0.0162,1.0,0.002312
63,13,856,84.903,131.244,1.0,0.0387,1.0,0.005514
63,57,156,55.543,86.938,1.0,0.0382,1.0,0.005445
63,12,54,30.021,80.194,1.0,0.0224,1.0,0.003191
63,52,287,31.57,119.36,1.0,0.0158,1.0,0.002254
63,27,352,62.234,81.394,1.0,0.0457,1.0,0.006517
63,8,464,80.868,125.882,1.0,0.0384,1.0,0.005475
63,40,224,99.787,128.944,1.0,0.0463,1.0,0.006596
63,37,52,92.764,15.385,1.0,0.3606,1.0,0.051388
63,17,290,62.897,124.78,1.0,0.0301,1.0,0.004296
63,59,1597,94.918,57.116,1.0,0.0994,1.0,0.014164
63,69,225,23.83,29.549,1.0,0.0482,1.0,0.006873
63,31,133,54.337,48.988,1.0,0.0663,1.0,0.009453
63,29,426,32.807,81.493,1.0,0.0241,1.0,0.003431
63,9,492,94.82,49.535,1.0,0.1145,1.0,0.016314
63,48,905,43.51,103.875,1.0,0.0251,1.0,0.00357
63,0,1546,79.656,68.637,1.0,0.0694,1.0,0.009891
63,63,251,67.438,148.762,1.0,0.0271,1.0,0.003864
63,20,301,64.839,113.427,1.0,0.0342,1.0,0.004872
63,67,412,58.937,127.004,1.0,0.0278,1.0,0.003955
63,65,412,68.368,74.265,1.0,0.0551,1.0,0.007846
63,22,74,94.914,80.884,1.0,0.0702,1.0,0.010001
63,36,259,47.698,137.695,1.0,0.0207,1.0,0.002952
63,46,910,28.562,106.962,1.0,0.016,1.0,0.002276
63,25,672,47.29,23.406,1.0,0.1208,1.0,0.01722
63,35,349,80.734,84.92,1.0,0.0569,1.0,0.008103
63,54,418,75.625,111.414,1.0,0.0406,1.0,0.005785
63,14,643,75.351,7.451,1.0,0.6048,1.0,0.086192
63,32,221,90.494,80.505,1.0,0.0672,1.0,0.00958
63,5,330,76.762,114.282,1.0,0.0402,1.0,0.005725
63,33,324,29.196,27.204,1.0,0.0642,1.0,0.009147
63,2,357,21.031,42.426,1.0,0.0296,1.0,0.004225
63,58,388,85.148,91.5,1.0,0.0557,1.0,0.007931
63,7,41,42.657,91.017,1.0,0.028,1.0,0.003994
63,4,55,91.504,16.198,1.0,0.3379,1.0,0.048147
63,39,201,49.07,35.686,1.0,0.0822,1.0,0.011719
63,42,122,75.889,135.53,1.0,0.0335,1.0,0.004772
63,28,126,44.266,109.952,1.0,0.0241,1.0,0.003431
63,3,95,61.582,81.631,1.0,0.0451,1.0,0.00643
63,44,74,65.392,30.426,1.0,0.1285,1.0,0.018317
63,45,415,61.368,118.613,1.0,0.0309,1.0,0.00441
63,21,319,60.407,148.878,1.0,0.0243,1.0,0.003458
63,6,350,44.893,91.387,1.0,0.0294,1.0,0.004187
63,43,337,13.989,73.407,1.0,0.0114,1.0,0.001624
63,34,252,82.57,147.901,1.0,0.0334,1.0,0.004758
63,64,1469,98.417,10.858,1.0,0.5421,1.0,0.077251
63,41,121,38.477,11.468,1.0,0.2007,1.0,0.028597
63,61,700,38.141,37.526,1.0,0.0608,1.0,0.008663
63,26,107,53.593,128.007,1.0,0.025,1.0,0.003568
63,19,565,43.694,116.931,1.0,0.0223,1.0,0.003185
63,10,1456,65.419,88.263,1.0,0.0443,1.0,0.006317
63,47,276,61.82,116.641,1.0,0.0317,1.0,0.004517
63,53,133,58.731,137.43,1.0,0.0256,1.0,0.003642
63,55,517,70.685,67.685,1.0,0.0625,1.0,0.008901
63,18,662,39.186,8.936,1.0,0.2623,1.0,0.037373
63,51,262,98.694,83.761,1.0,0.0705,1.0,0.010042
63,38,584,76.284,7.671,1.0,0.5948,1.0,0.084759
63,11,679,11.001,109.242,1.0,0.006,1.0,0.000858
64,66,410,87.039,96.68,1.0,0.0538,1.0,0.007673
64,47,276,61.82,116.641,1.0,0.0317,1.0,0.004517
64,9,492,94.82,49.535,1.0,0.1145,1.0,0.016314
64,27,352,62.234,81.394,1.0,0.0457,1.0,0.006517
64,23,342,14.265,80.142,1.0,0.0106,1.0,0.001517
64,52,287,31.57,119.36,1.0,0.0158,1.0,0.002254
64,10,1456,65.419,88.263,1.0,0.0443,1.0,0.006317
64,33,324,29.196,27.204,1.0,0.0642,1.0,0.009147
64,19,565,43.694,116.931,1.0,0.0223,1.0,0.003185
64,69,225,23.83,29.549,1.0,0.0482,1.0,0.006873
64,20,301,64.839,113.427,1.0,0.0342,1.0,0.004872
64,62,732,85.471,105.361,1.0,0.0485,1.0,0.006914
64,11,679,11.001,109.242,1.0,0.006,1.0,0.000858
64,36,259,47.698,137.695,1.0,0.0207,1.0,0.002952
64,25,672,47.29,23.406,1.0,0.1208,1.0,0.01722
64,7,41,42.657,91.017,1.0,0.028,1.0,0.003994
64,29,426,32.807,81.493,1.0,0.0241,1.0,0.003431
64,48,905,43.51,103.875,1.0,0.0251,1.0,0.00357
64,61,700,38.141,37.526,1.0,0.0608,1.0,0.008663
64,17,290,62.897,124.78,1.0,0.0301,1.0,0.004296
64,28,126,44.266,109.952,1.0,0.0241,1.0,0.003431
64,53,133,58.731,137.43,1.0,0.0256,1.0,0.003642
64,56,579,94.929,128.443,1.0,0.0442,1.0,0.006299
64,44,74,65.392,30.426,1.0,0.1285,1.0,0.018317
64,4,55,91.504,16.198,1.0,0.3379,1.0,0.048147
64,22,74,94.914,80.884,1.0,0.0702,1.0,0.010001
64,39,201,49.07,35.686,1.0,0.0822,1.0,0.011719
64,50,813,64.078,15.999,1.0,0.2395,1.0,0.034136
64,42,122,75.889,135.53,1.0,0.0335,1.0,0.004772
64,26,107,53.593,128.007,1.0,0.025,1.0,0.003568
64,1,70,68.707,11.347,1.0,0.3621,1.0,0.051605
64,46,910,28.562,106.962,1.0,0.016,1.0,0.002276
64,60,184,24.399,89.962,1.0,0.0162,1.0,0.002312
64,37,52,92.764,15.385,1.0,0.3606,1.0,0.051388
64,32,221,90.494,80.505,1.0,0.0672,1.0,0.00958
64,3,95,61.582,81.631,1.0,0.0451,1.0,0.00643
64,15,4958,71.575,72.905,1.0,0.0587,1.0,0.008367
64,0,1546,79.656,68.637,1.0,0.0694,1.0,0.009891
64,38,584,76.284,7.671,1.0,0.5948,1.0,0.084759
64,18,662,39.186,8.936,1.0,0.2623,1.0,0.037373
64,21,319,60.407,148.878,1.0,0.0243,1.0,0.003458
64,68,802,93.744,79.303,1.0,0.0707,1.0,0.010075
64,49,1050,35.477,136.986,1.0,0.0155,1.0,0.002207
64,58,388,85.148,91.5,1.0,0.0557,1.0,0.007931
64,54,418,75.625,111.414,1.0,0.0406,1.0,0.005785
64,45,415,61.368,118.613,1.0,0.0309,1.0,0.00441
64,35,349,80.734,84.92,1.0,0.0569,1.0,0.008103
64,59,1597,94.918,57.116,1.0,0.0994,1.0,0.014164
64,65,412,68.368,74.265,1.0,0.0551,1.0,0.007846
64,57,156,55.543,86.938,1.0,0.0382,1.0,0.005445
64,5,330,76.762,114.282,1.0,0.0402,1.0,0.005725
64,24,508,93.136,105.459,1.0,0.0528,1.0,0.007527
64,51,262,98.694,83.761,1.0,0.0705,1.0,0.010042
64,6,350,44.893,91.387,1.0,0.0294,1.0,0.004187
64,14,643,75.351,7.451,1.0,0.6048,1.0,0.086192
64,2,357,21.031,42.426,1.0,0.0296,1.0,0.004225
64,8,464,80.868,125.882,1.0,0.0384,1.0,0.005475
64,12,54,30.021,80.194,1.0,0.0224,1.0,0.003191
64,34,252,82.57,147.901,1.0,0.0334,1.0,0.004758
64,31,133,54.337,48.988,1.0,0.0663,1.0,0.009453
64,30,943,85.405,5.968,1.0,0.8559,1.0,0.121969
64,41,121,38.477,11.468,1.0,0.2007,1.0,0.028597
64,16,851,37.811,132.576,1.0,0.0171,1.0,0.002431
64,40,224,99.787,128.944,1.0,0.0463,1.0,0.006596
64,43,337,13.989,73.407,1.0,0.0114,1.0,0.001624
64,13,856,84.903,131.244,1.0,0.0387,1.0,0.005514
64,64,1469,98.417,10.858,1.0,0.5421,1.0,0.077251
64,55,517,70.685,67.685,1.0,0.0625,1.0,0.008901
64,63,251,67.438,148.762,1.0,0.0271,1.0,0.003864
64,67,412,58.937,127.004,1.0,0.0278,1.0,0.003955
65,61,700,38.141,37.526,1.0,0.0608,1.0,0.008663
65,58,388,85.148,91.5,1.0,0.0557,1.0,0.007931
65,17,290,62.897,124.78,1.0,0.0301,1.0,0.004296
65,19,565,43.694,116.931,1.0,0.0223,1.0,0.003185
65,9,492,94.82,49.535,1.0,0.1145,1.0,0.016314
65,49,1050,35.477,136.986,1.0,0.0155,1.0,0.002207
65,47,276,61.82,116.641,1.0,0.0317,1.0,0.004517
65,7,41,42.657,91.017,1.0,0.028,1.0,0.003994
65,23,342,14.265,80.142,1.0,0.0106,1.0,0.001517
65,33,324,29.196,27.204,1.0,0.0642,1.0,0.009147
65,8,464,80.868,125.882,1.0,0.0384,1.0,0.005475
65,63,251,67.438,148.762,1.0,0.0271,1.0,0.003864
65,40,224,99.787,128.944,1.0,0.0463,1.0,0.006596
65,3,95,61.582,81.631,1.0,0.0451,1.0,0.00643
65,64,1469,98.417,10.858,1.0,0.5421,1.0,0.077251
65,39,201,49.07,35.686,1.0,0.0822,1.0,0.011719
65,42,122,75.889,135.53,1.0,0.0335,1.0,0.004772
65,46,910,28.562,106.962,1.0,0.016,1.0,0.002276
65,52,287,31.57,119.36,1.0,0.0158,1.0,0.002254
65,54,418,75.625,111.414,1.0,0.0406,1.0,0.005785
65,59,1597,94.918,57.116,1.0,0.0994,1.0,0.014164
65,2,357,21.031,42.426,1.0,0.0296,1.0,0.004225
65,12,54,30.021,80.194,1.0,0.0224,1.0,0.003191
65,68,802,93.744,79.303,1.0,0.0707,1.0,0.010075
65,55,517,70.685,67.685,1.0,0.0625,1.0,0.008901
65,44,74,65.392,30.426,1.0,0.1285,1.0,0.018317
65,15,4958,71.575,72.905,1.0,0.0587,1.0,0.008367
65,38,584,76.284,7.671,1.0,0.5948,1.0,0.084759
65,48,905,43.51,103.875,1.0,0.0251,1.0,0.00357
65,22,74,94.914,80.884,1.0,0.0702,1.0,0.010001
65,51,262,98.694,83.761,1.0,0.0705,1.0,0.010042
65,34,252,82.57,147.901,1.0,0.0334,1.0,0.004758
65,14,643,75.351,7.451,1.0,0.6048,1.0,0.086192
65,50,813,64.078,15.999,1.0,0.2395,1.0,0.034136
65,41,121,38.477,11.468,1.0,0.2007,1.0,0.028597
65,65,412,68.368,74.265,1.0,0.0551,1.0,0.007846
65,31,133,54.337,48.988,1.0,0.0663,1.0,0.009453
65,27,352,62.234,81.394,1.0,0.0457,1.0,0.006517
65,30,943,85.405,5.968,1.0,0.8559,1.0,0.121969
65,10,1456,65.419,88.263,1.0,0.0443,1.0,0.006317
65,45,415,61.368,118.613,1.0,0.0309,1.0,0.00441
65,35,349,80.734,84.92,1.0,0.0569,1.0,0.008103
65,4,55,91.504,16.198,1.0,0.3379,1.0,0.048147
65,53,133,58.731,137.43,1.0,0.0256,1.0,0.003642
65,5,330,76.762,114.282,1.0,0.0402,1.0,0.005725
65,37,52,92.764,15.385,1.0,0.3606,1.0,0.051388
65,21,319,60.407,148.878,1.0,0.0243,1.0,0.003458
65,13,856,84.903,131.244,1.0,0.0387,1.0,0.005514
65,29,426,32.807,81.493,1.0,0.0241,1.0,0.003431
65,26,107,53.593,128.007,1.0,0.025,1.0,0.003568
65,1,70,68.707,11.347,1.0,0.3621,1.0,0.051605
65,0,1546,79.656,68.637,1.0,0.0694,1.0,0.009891
65,36,259,47.698,137.695,1.0,0.0207,1.0,0.002952
65,16,851,37.811,132.576,1.0,0.0171,1.0,0.002431
65,56,579,94.929,128.443,1.0,0.0442,1.0,0.006299
65,69,225,23.83,29.549,1.0,0.0482,1.0,0.006873
65,25,672,47.29,23.406,1.0,0.1208,1.0,0.01722
65,28,126,44.266,109.952,1.0,0.0241,1.0,0.003431
65,32,221,90.494,80.505,1.0,0.0672,1.0,0.00958
65,62,732,85.471,105.361,1.0,0.0485,1.0,0.006914
65,20,301,64.839,113.427,1.0,0.0342,1.0,0.004872
65,60,184,24.399,89.962,1.0,0.0162,1.0,0.002312
65,18,662,39.186,8.936,1.0,0.2623,1.0,0.037373
65,11,679,11.001,109.242,1.0,0.006,1.0,0.000858
65,67,412,58.937,127.004,1.0,0.0278,1.0,0.003955
65,66,410,87.039,96.68,1.0,0.0538,1.0,0.007673
65,57,156,55.543,86.938,1.0,0.0382,1.0,0.005445
65,43,337,13.989,73.407,1.0,0.0114,1.0,0.001624
65,6,350,44.893,91.387,1.0,0.0294,1.0,0.004187
65,24,508,93.136,105.459,1.0,0.0528,1.0,0.007527
66,45,415,61.368,118.613,1.0,0.0309,1.0,0.00441
66,20,301,64.839,113.427,1.0,0.0342,1.0,0.004872
66,67,412,58.937,127.004,1.0,0.0278,1.0,0.003955
66,58,388,85.148,91.5,1.0,0.0557,1.0,0.007931
66,56,579,94.929,128.443,1.0,0.0442,1.0,0.006299
66,39,201,49.07,35.686,1.0,0.0822,1.0,0.011719
66,13,856,84.903,131.244,1.0,0.0387,1.0,0.005514
66,63,251,67.438,148.762,1.0,0.0271,1.0,0.003864
66,4,55,91.504,16.198,1.0,0.3379,1.0,0.048147
66,23,342,14.265,80.142,1.0,0.0106,1.0,0.001517
66,52,287,31.57,119.36,1.0,0.0158,1.0,0.002254
66,44,74,65.392,30.426,1.0,0.1285,1.0,0.018317
66,57,156,55.543,86.938,1.0,0.0382,1.0,0.005445
66,25,672,47.29,23.406,1.0,0.1208,1.0,0.01722
66,18,662,39.186,8.936,1.0,0.2623,1.0,0.037373
66,62,732,85.471,105.361,1.0,0.0485,1.0,0.006914
66,24,508,93.136,105.459,1.0,0.0528,1.0,0.007527
66,37,52,92.764,15.385,1.0,0.3606,1.0,0.051388
66,68,802,93.744,79.303,1.0,0.0707,1.0,0.010075
66,43,337,13.989,73.407,1.0,0.0114,1.0,0.001624
66,11,679,11.001,109.242,1.0,0.006,1.0,0.000858
66,35,349,80.734,84.92,1.0,0.0569,1.0,0.008103
66,54,418,75.625,111.414,1.0,0.0406,1.0,0.005785
66,26,107,53.593,128.007,1.0,0.025,1.0,0.003568
66,29,426,32.807,81.493,1.0,0.0241,1.0,0.003431
66,65,412,68.368,74.265,1.0,0.0551,1.0,0.007846
66,64,1469,98.417,10.858,1.0,0.5421,1.0,0.077251
66,0,1546,79.656,68.637,1.0,0.0694,1.0,0.009891
66,46,910,28.562,106.962,1.0,0.016,1.0,0.002276
66,10,1456,65.419,88.263,1.0,0.0443,1.0,0.006317
66,61,700,38.141,37.526,1.0,0.0608,1.0,0.008663
66,59,1597,94.918,57.116,1.0,0.0994,1.0,0.014164
66,12,54,30.021,80.194,1.0,0.0224,1.0,0.003191
66,14,643,75.351,7.451,1.0,0.6048,1.0,0.086192
66,60,184,24.399,89.962,1.0,0.0162,1.0,0.002312
66,50,813,64.078,15.999,1.0,0.2395,1.0,0.034136
66,15,4958,71.575,72.905,1.0,0.0587,1.0,0.008367
66,9,492,94.82,49.535,1.0,0.1145,1.0,0.016314
66,3,95,61.582,81.631,1.0,0.0451,1.0,0.00643
66,47,276,61.82,116.641,1.0,0.0317,1.0,0.004517
66,5,330,76.762,114.282,1.0,0.0402,1.0,0.005725
66,2,357,21.031,42.426,1.0,0.0296,1.0,0.004225
66,41,121,38.477,11.468,1.0,0.2007,1.0,0.028597
66,69,225,23.83,29.549,1.0,0.0482,1.0,0.006873
66,33,324,29.196,27.204,1.0,0.0642,1.0,0.009147
66,42,122,75.889,135.53,1.0,0.0335,1.0,0.004772
66,48,905,43.51,103.875,1.0,0.0251,1.0,0.00357
66,8,464,80.868,125.882,1.0,0.0384,1.0,0.005475
66,36,259,47.698,137.695,1.0,0.0207,1.0,0.002952
66,7,41,42.657,91.017,1.0,0.028,1.0,0.003994
66,1,70,68.707,11.347,1.0,0.3621,1.0,0.051605
66,19,565,43.694,116.931,1.0,0.0223,1.0,0.003185
66,49,1050,35.477,136.986,1.0,0.0155,1.0,0.002207
66,34,252,82.57,147.901,1.0,0.0334,1.0,0.004758
66,55,517,70.685,67.685,1.0,0.0625,1.0,0.008901
66,28,126,44.266,109.952,1.0,0.0241,1.0,0.003431
66,30,943,85.405,5.968,1.0,0.8559,1.0,0.121969
66,21,319,60.407,148.878,1.0,0.0243,1.0,0.003458
66,51,262,98.694,83.761,1.0,0.0705,1.0,0.010042
66,32,221,90.494,80.505,1.0,0.0672,1.0,0.00958
66,40,224,99.787,128.944,1.0,0.0463,1.0,0.006596
66,66,410,87.039,96.68,1.0,0.0538,1.0,0.007673
66,27,352,62.234,81.394,1.0,0.0457,1.0,0.006517
66,22,74,94.914,80.884,1.0,0.0702,1.0,0.010001
66,6,350,44.893,91.387,1.0,0.0294,1.0,0.004187
66,53,133,58.731,137.43,1.0,0.0256,1.0,0.003642
66,31,133,54.337,48.988,1.0,0.0663,1.0,0.009453
66,16,851,37.811,132.576,1.0,0.0171,1.0,0.002431
66,38,584,76.284,7.671,1.0,0.5948,1.0,0.084759
66,17,290,62.897,124.78,1.0,0.0301,1.0,0.004296
67,19,565,43.694,116.931,1.0,0.0223,1.0,0.003185
67,64,1469,98.417,10.858,1.0,0.5421,1.0,0.077251
67,53,133,58.731,137.43,1.0,0.0256,1.0,0.003642
67,32,221,90.494,80.505,1.0,0.0672,1.0,0.00958
67,3,95,61.582,81.631,1.0,0.0451,1.0,0.00643
67,1,70,68.707,11.347,1.0,0.3621,1.0,0.051605
67,22,74,94.914,80.884,1.0,0.0702,1.0,0.010001
67,30,943,85.405,5.968,1.0,0.8559,1.0,0.121969
67,10,1456,65.419,88.263,1.0,0.0443,1.0,0.006317
67,48,905,43.51,103.875,1.0,0.0251,1.0,0.00357
67,33,324,29.196,27.204,1.0,0.0642,1.0,0.009147
67,60,184,24.399,89.962,1.0,0.0162,1.0,0.002312
67,6,350,44.893,91.387,1.0,0.0294,1.0,0.004187
67,31,133,54.337,48.988,1.0,0.0663,1.0,0.009453
67,51,262,98.694,83.761,1.0,0.0705,1.0,0.010042
67,16,851,37.811,132.576,1.0,0.0171,1.0,0.002431
67,45,415,61.368,118.613,1.0,0.0309,1.0,0.00441
67,11,679,11.001,109.242,1.0,0.006,1.0,0.000858
67,42,122,75.889,135.53,1.0,0.0335,1.0,0.004772
67,67,412,58.937,127.004,1.0,0.0278,1.0,0.003955
67,34,252,82.57,147.901,1.0,0.0334,1.0,0.004758
67,44,74,65.392,30.426,1.0,0.1285,1.0,0.018317
67,23,342,14.265,80.142,1.0,0.0106,1.0,0.001517
67,35,349,80.734,84.92,1.0,0.0569,1.0,0.008103
67,28,126,44.266,109.952,1.0,0.0241,1.0,0.003431
67,49,1050,35.477,136.986,1.0,0.0155,1.0,0.002207
67,8,464,80.868,125.882,1.0,0.0384,1.0,0.005475
67,69,225,23.83,29.549,1.0,0.0482,1.0,0.006873
67,7,41,42.657,91.017,1.0,0.028,1.0,0.003994
67,12,54,30.021,80.194,1.0,0.0224,1.0,0.003191
67,36,259,47.698,137.695,1.0,0.0207,1.0,0.002952
67,56,579,94.929,128.443,1.0,0.0442,1.0,0.006299
67,57,156,55.543,86.938,1.0,0.0382,1.0,0.005445
67,15,4958,71.575,72.905,1.0,0.0587,1.0,0.008367
67,9,492,94.82,49.535,1.0,0.1145,1.0,0.016314
67,63,251,67.438,148.762,1.0,0.0271,1.0,0.003864
67,14,643,75.351,7.451,1.0,0.6048,1.0,0.086192
67,43,337,13.989,73.407,1.0,0.0114,1.0,0.001624
67,68,802,93.744,79.303,1.0,0.0707,1.0,0.010075
67,66,410,87.039,96.68,1.0,0.0538,1.0,0.007673
67,25,672,47.29,23.406,1.0,0.1208,1.0,0.01722
67,39,201,49.07,35.686,1.0,0.0822,1.0,0.011719
67,4,55,91.504,16.198,1.0,0.3379,1.0,0.048147
67,2,357,21.031,42.426,1.0,0.0296,1.0,0.004225
67,62,732,85.471,105.361,1.0,0.0485,1.0,0.006914
67,52,287,31.57,119.36,1.0,0.0158,1.0,0.002254
67,59,1597,94.918,57.116,1.0,0.0994,1.0,0.014164
67,46,910,28.562,106.962,1.0,0.016,1.0,0.002276
67,54,418,75.625,111.414,1.0,0.0406,1.0,0.005785
67,29,426,32.807,81.493,1.0,0.0241,1.0,0.003431
67,65,412,68.368,74.265,1.0,0.0551,1.0,0.007846
67,27,352,62.234,81.394,1.0,0.0457,1.0,0.006517
67,17,290,62.897,124.78,1.0,0.0301,1.0,0.004296
67,58,388,85.148,91.5,1.0,0.0557,1.0,0.007931
67,20,301,64.839,113.427,1.0,0.0342,1.0,0.004872
67,26,107,53.593,128.007,1.0,0.025,1.0,0.003568
67,24,508,93.136,105.459,1.0,0.0528,1.0,0.007527
67,37,52,92.764,15.385,1.0,0.3606,1.0,0.051388
67,61,700,38.141,37.526,1.0,0.0608,1.0,0.008663
67,40,224,99.787,128.944,1.0,0.0463,1.0,0.006596
67,38,584,76.284,7.671,1.0,0.5948,1.0,0.084759
67,21,319,60.407,148.878,1.0,0.0243,1.0,0.003458
67,18,662,39.186,8.936,1.0,0.2623,1.0,0.037373
67,50,813,64.078,15.999,1.0,0.2395,1.0,0.034136
67,47,276,61.82,116.641,1.0,0.0317,1.0,0.004517
67,5,330,76.762,114.282,1.0,0.0402,1.0,0.005725
67,41,121,38.477,11.468,1.0,0.2007,1.0,0.028597
67,13,856,84.903,131.244,1.0,0.0387,1.0,0.005514
67,55,517,70.685,67.685,1.0,0.0625,1.0,0.008901
67,0,1546,79.656,68.637,1.0,0.0694,1.0,0.009891
68,33,324,29.196,27.204,1.0,0.0642,1.0,0.009147
68,21,319,60.407,148.878,1.0,0.0243,1.0,0.003458
68,60,184,24.399,89.962,1.0,0.0162,1.0,0.002312
68,22,74,94.914,80.884,1.0,0.0702,1.0,0.010001
68,53,133,58.731,137.43,1.0,0.0256,1.0,0.003642
68,11,679,11.001,109.242,1.0,0.006,1.0,0.000858
68,68,802,93.744,79.303,1.0,0.0707,1.0,0.010075
68,59,1597,94.918,57.116,1.0,0.0994,1.0,0.014164
68,63,251,67.438,148.762,1.0,0.0271,1.0,0.003864
68,7,41,42.657,91.017,1.0,0.028,1.0,0.003994
68,35,349,80.734,84.92,1.0,0.0569,1.0,0.008103
68,0,1546,79.656,68.637,1.0,0.0694,1.0,0.009891
68,24,508,93.136,105.459,1.0,0.0528,1.0,0.007527
68,38,584,76.284,7.671,1.0,0.5948,1.0,0.084759
68,17,290,62.897,124.78,1.0,0.0301,1.0,0.004296
68,3,95,61.582,81.631,1.0,0.0451,1.0,0.00643
68,9,492,94.82,49.535,1.0,0.1145,1.0,0.016314
68,62,732,85.471,105.361,1.0,0.0485,1.0,0.006914
68,56,579,94.929,128.443,1.0,0.0442,1.0,0.006299
68,26,107,53.593,128.007,1.0,0.025,1.0,0.003568
68,16,851,37.811,132.576,1.0,0.0171,1.0,0.002431
68,39,201,49.07,35.686,1.0,0.0822,1.0,0.011719
68,25,672,47.29,23.406,1.0,0.1208,1.0,0.01722
68,47,276,61.82,116.641,1.0,0.0317,1.0,0.004517
68,19,565,43.694,116.931,1.0,0.0223,1.0,0.003185
68,10,1456,65.419,88.263,1.0,0.0443,1.0,0.006317
68,58,388,85.148,91.5,1.0,0.0557,1.0,0.007931
68,1,70,68.707,11.347,1.0,0.3621,1.0,0.051605
68,14,643,75.351,7.451,1.0,0.6048,1.0,0.086192
68,18,662,39.186,8.936,1.0,0.2623,1.0,0.037373
68,43,337,13.989,73.407,1.0,0.0114,1.0,0.001624
68,5,330,76.762,114.282,1.0,0.0402,1.0,0.005725
68,36,259,47.698,137.695,1.0,0.0207,1.0,0.002952
68,46,910,28.562,106.962,1.0,0.016,1.0,0.002276
68,41,121,38.477,11.468,1.0,0.2007,1.0,0.028597
68,13,856,84.903,131.244,1.0,0.0387,1.0,0.005514
68,6,350,44.893,91.387,1.0,0.0294,1.0,0.004187
68,61,700,38.141,37.526,1.0,0.0608,1.0,0.008663
68,45,415,61.368,118.613,1.0,0.0309,1.0,0.00441
68,65,412,68.368,74.265,1.0,0.0551,1.0,0.007846
68,12,54,30.021,80.194,1.0,0.0224,1.0,0.003191
68,30,943,85.405,5.968,1.0,0.8559,1.0,0.121969
68,34,252,82.57,147.901,1.0,0.0334,1.0,0.004758
68,2,357,21.031,42.426,1.0,0.0296,1.0,0.004225
68,55,517,70.685,67.685,1.0,0.0625,1.0,0.008901
68,42,122,75.889,135.53,1.0,0.0335,1.0,0.004772
68,49,1050,35.477,136.986,1.0,0.0155,1.0,0.002207
68,29,426,32.807,81.493,1.0,0.0241,1.0,0.003431
68,44,74,65.392,30.426,1.0,0.1285,1.0,0.018317
68,64,1469,98.417,10.858,1.0,0.5421,1.0,0.077251
68,28,126,44.266,109.952,1.0,0.0241,1.0,0.003431
68,20,301,64.839,113.427,1.0,0.0342,1.0,0.004872
68,32,221,90.494,80.505,1.0,0.0672,1.0,0.00958
68,52,287,31.57,119.36,1.0,0.0158,1.0,0.002254
68,69,225,23.83,29.549,1.0,0.0482,1.0,0.006873
68,54,418,75.625,111.414,1.0,0.0406,1.0,0.005785
68,15,4958,71.575,72.905,1.0,0.0587,1.0,0.008367
68,48,905,43.51,103.875,1.0,0.0251,1.0,0.00357
68,23,342,14.265,80.142,1.0,0.0106,1.0,0.001517
68,37,52,92.764,15.385,1.0,0.3606,1.0,0.051388
68,40,224,99.787,128.944,1.0,0.0463,1.0,0.006596
68,50,813,64.078,15.999,1.0,0.2395,1.0,0.034136
68,66,410,87.039,96.68,1.0,0.0538,1.0,0.007673
68,27,352,62.234,81.394,1.0,0.0457,1.0,0.006517
68,8,464,80.868,125.882,1.0,0.0384,1.0,0.005475
68,51,262,98.694,83.761,1.0,0.0705,1.0,0.010042
68,31,133,54.337,48.988,1.0,0.0663,1.0,0.009453
68,4,55,91.504,16.198,1.0,0.3379,1.0,0.048147
68,57,156,55.543,86.938,1.0,0.0382,1.0,0.005445
68,67,412,58.937,127.004,1.0,0.0278,1.0,0.003955
69,36,259,47.698,137.695,1.0,0.0207,1.0,0.002952
69,50,813,64.078,15.999,1.0,0.2395,1.0,0.034136
69,21,319,60.407,148.878,1.0,0.0243,1.0,0.003458
69,65,412,68.368,74.265,1.0,0.0551,1.0,0.007846
69,18,662,39.186,8.936,1.0,0.2623,1.0,0.037373
69,13,856,84.903,131.244,1.0,0.0387,1.0,0.005514
69,25,672,47.29,23.406,1.0,0.1208,1.0,0.01722
69,48,905,43.51,103.875,1.0,0.0251,1.0,0.00357
69,44,74,65.392,30.426,1.0,0.1285,1.0,0.018317
69,59,1597,94.918,57.116,1.0,0.0994,1.0,0.014164
69,61,700,38.141,37.526,1.0,0.0608,1.0,0.008663
69,6,350,44.893,91.387,1.0,0.0294,1.0,0.004187
69,60,184,24.399,89.962,1.0,0.0162,1.0,0.002312
69,38,584,76.284,7.671,1.0,0.5948,1.0,0.084759
69,49,1050,35.477,136.986,1.0,0.0155,1.0,0.002207
69,52,287,31.57,119.36,1.0,0.0158,1.0,0.002254
69,62,732,85.471,105.361,1.0,0.0485,1.0,0.006914
69,41,121,38.477,11.468,1.0,0.2007,1.0,0.028597
69,1,70,68.707,11.347,1.0,0.3621,1.0,0.051605
69,8,464,80.868,125.882,1.0,0.0384,1.0,0.005475
69,23,342,14.265,80.142,1.0,0.0106,1.0,0.001517
69,57,156,55.543,86.938,1.0,0.0382,1.0,0.005445
69,66,410,87.039,96.68,1.0,0.0538,1.0,0.007673
69,14,643,75.351,7.451,1.0,0.6048,1.0,0.086192
69,19,565,43.694,116.931,1.0,0.0223,1.0,0.003185
69,4,55,91.504,16.198,1.0,0.3379,1.0,0.048147
69,42,122,75.889,135.53,1.0,0.0335,1.0,0.004772
69,0,1546,79.656,68.637,1.0,0.0694,1.0,0.009891
69,32,221,90.494,80.505,1.0,0.0672,1.0,0.00958
69,43,337,13.989,73.407,1.0,0.0114,1.0,0.001624
69,11,679,11.001,109.242,1.0,0.006,1.0,0.000858
69,47,276,61.82,116.641,1.0,0.0317,1.0,0.004517
69,37,52,92.764,15.385,1.0,0.3606,1.0,0.051388
69,46,910,28.562,106.962,1.0,0.016,1.0,0.002276
69,29,426,32.807,81.493,1.0,0.0241,1.0,0.003431
69,56,579,94.929,128.443,1.0,0.0442,1.0,0.006299
69,39,201,49.07,35.686,1.0,0.0822,1.0,0.011719
69,17,290,62.897,124.78,1.0,0.0301,1.0,0.004296
69,45,415,61.368,118.613,1.0,0.0309,1.0,0.00441
69,35,349,80.734,84.92,1.0,0.0569,1.0,0.008103
69,58,388,85.148,91.5,1.0,0.0557,1.0,0.007931
69,68,802,93.744,79.303,1.0,0.0707,1.0,0.010075
69,10,1456,65.419,88.263,1.0,0.0443,1.0,0.006317
69,16,851,37.811,132.576,1.0,0.0171,1.0,0.002431
69,26,107,53.593,128.007,1.0,0.025,1.0,0.003568
69,28,126,44.266,109.952,1.0,0.0241,1.0,0.003431
69,2,357,21.031,42.426,1.0,0.0296,1.0,0.004225
69,15,4958,71.575,72.905,1.0,0.0587,1.0,0.008367
69,27,352,62.234,81.394,1.0,0.0457,1.0,0.006517
69,51,262,98.694,83.761,1.0,0.0705,1.0,0.010042
69,3,95,61.582,81.631,1.0,0.0451,1.0,0.00643
69,53,133,58.731,137.43,1.0,0.0256,1.0,0.003642
69,20,301,64.839,113.427,1.0,0.0342,1.0,0.004872
69,24,508,93.136,105.459,1.0,0.0528,1.0,0.007527
69,30,943,85.405,5.968,1.0,0.8559,1.0,0.121969
69,67,412,58.937,127.004,1.0,0.0278,1.0,0.003955
69,9,492,94.82,49.535,1.0,0.1145,1.0,0.016314
69,54,418,75.625,111.414,1.0,0.0406,1.0,0.005785
69,40,224,99.787,128.944,1.0,0.0463,1.0,0.006596
69,63,251,67.438,148.762,1.0,0.0271,1.0,0.003864
69,5,330,76.762,114.282,1.0,0.0402,1.0,0.005725
69,69,225,23.83,29.549,1.0,0.0482,1.0,0.006873
69,33,324,29.196,27.204,1.0,0.0642,1.0,0.009147
69,64,1469,98.417,10.858,1.0,0.5421,1.0,0.077251
69,7,41,42.657,91.017,1.0,0.028,1.0,0.003994
69,55,517,70.685,67.685,1.0,0.0625,1.0,0.008901
69,12,54,30.021,80.194,1.0,0.0224,1.0,0.003191
69,34,252,82.57,147.901,1.0,0.0334,1.0,0.004758
69,22,74,94.914,80.884,1.0,0.0702,1.0,0.010001
69,31,133,54.337,48.988,1.0,0.0663,1.0,0.009453
70,52,287,31.57,119.36,1.0,0.0158,1.0,0.002254
70,50,813,64.078,15.999,1.0,0.2395,1.0,0.034136
70,15,4958,71.575,72.905,1.0,0.0587,1.0,0.008367
70,40,224,99.787,128.944,1.0,0.0463,1.0,0.006596
70,9,492,94.82,49.535,1.0,0.1145,1.0,0.016314
70,56,579,94.929,128.443,1.0,0.0442,1.0,0.006299
70,64,1469,98.417,10.858,1.0,0.5421,1.0,0.077251
70,27,352,62.234,81.394,1.0,0.0457,1.0,0.006517
70,43,337,13.989,73.407,1.0,0.0114,1.0,0.001624
70,60,184,24.399,89.962,1.0,0.0162,1.0,0.002312
70,14,643,75.351,7.451,1.0,0.6048,1.0,0.086192
70,57,156,55.543,86.938,1.0,0.0382,1.0,0.005445
70,18,662,39.186,8.936,1.0,0.2623,1.0,0.037373
70,2,357,21.031,42.426,1.0,0.0296,1.0,0.004225
70,47,276,61.82,116.641,1.0,0.0317,1.0,0.004517
70,48,905,43.51,103.875,1.0,0.0251,1.0,0.00357
70,45,415,61.368,118.613,1.0,0.0309,1.0,0.00441
70,51,262,98.694,83.761,1.0,0.0705,1.0,0.010042
70,1,70,68.707,11.347,1.0,0.3621,1.0,0.051605
70,34,252,82.57,147.901,1.0,0.0334,1.0,0.004758
70,33,324,29.196,27.204,1.0,0.0642,1.0,0.009147
70,32,221,90.494,80.505,1.0,0.0672,1.0,0.00958
70,3,95,61.582,81.631,1.0,0.0451,1.0,0.00643
70,26,107,53.593,128.007,1.0,0.025,1.0,0.003568
70,0,1546,79.656,68.637,1.0,0.0694,1.0,0.009891
70,58,388,85.148,91.5,1.0,0.0557,1.0,0.007931
70,28,126,44.266,109.952,1.0,0.0241,1.0,0.003431
70,39,201,49.07,35.686,1.0,0.0822,1.0,0.011719
70,41,121,38.477,11.468,1.0,0.2007,1.0,0.028597
70,8,464,80.868,125.882,1.0,0.0384,1.0,0.005475
70,61,700,38.141,37.526,1.0,0.0608,1.0,0.008663
70,65,412,68.368,74.265,1.0,0.0551,1.0,0.007846
70,16,851,37.811,132.576,1.0,0.0171,1.0,0.002431
70,69,225,23.83,29.549,1.0,0.0482,1.0,0.006873
70,53,133,58.731,137.43,1.0,0.0256,1.0,0.003642
70,23,342,14.265,80.142,1.0,0.0106,1.0,0.001517
70,54,418,75.625,111.414,1.0,0.0406,1.0,0.005785
70,5,330,76.762,114.282,1.0,0.0402,1.0,0.005725
70,6,350,44.893,91.387,1.0,0.0294,1.0,0.004187
70,38,584,76.284,7.671,1.0,0.5948,1.0,0.084759
70,25,672,47.29,23.406,1.0,0.1208,1.0,0.01722
70,46,910,28.562,106.962,1.0,0.016,1.0,0.002276
70,29,426,32.807,81.493,1.0,0.0241,1.0,0.003431
70,44,74,65.392,30.426,1.0,0.1285,1.0,0.018317
70,35,349,80.734,84.92,1.0,0.0569,1.0,0.008103
70,11,679,11.001,109.242,1.0,0.006,1.0,0.000858
70,68,802,93.744,79.303,1.0,0.0707,1.0,0.010075
70,31,133,54.337,48.988,1.0,0.0663,1.0,0.009453
70,21,319,60.407,148.878,1.0,0.0243,1.0,0.003458
70,20,301,64.839,113.427,1.0,0.0342,1.0,0.004872
70,24,508,93.136,105.459,1.0,0.0528,1.0,0.007527
70,66,410,87.039,96.68,1.0,0.0538,1.0,0.007673
70,42,122,75.889,135.53,1.0,0.0335,1.0,0.004772
70,30,943,85.405,5.968,1.0,0.8559,1.0,0.121969
70,36,259,47.698,137.695,1.0,0.0207,1.0,0.002952
70,59,1597,94.918,57.116,1.0,0.0994,1.0,0.014164
70,4,55,91.504,16.198,1.0,0.3379,1.0,0.048147
70,19,565,43.694,116.931,1.0,0.0223,1.0,0.003185
70,7,41,42.657,91.017,1.0,0.028,1.0,0.003994
70,63,251,67.438,148.762,1.0,0.0271,1.0,0.003864
70,49,1050,35.477,136.986,1.0,0.0155,1.0,0.002207
70,37,52,92.764,15.385,1.0,0.3606,1.0,0.051388
70,22,74,94.914,80.884,1.0,0.0702,1.0,0.010001
70,62,732,85.471,105.361,1.0,0.0485,1.0,0.006914
70,67,412,58.937,127.004,1.0,0.0278,1.0,0.003955
70,55,517,70.685,67.685,1.0,0.0625,1.0,0.008901
70,10,1456,65.419,88.263,1.0,0.0443,1.0,0.006317
70,12,54,30.021,80.194,1.0,0.0224,1.0,0.003191
70,17,290,62.897,124.78,1.0,0.0301,1.0,0.004296
70,13,856,84.903,131.244,1.0,0.0387,1.0,0.005514
71,13,856,84.903,131.244,1.0,0.0387,1.0,0.005514
71,4,55,91.504,16.198,1.0,0.3379,1.0,0.048147
71,8,464,80.868,125.882,1.0,0.0384,1.0,0.005475
71,62,732,85.471,105.361,1.0,0.0485,1.0,0.006914
71,6,350,44.893,91.387,1.0,0.0294,1.0,0.004187
71,61,700,38.141,37.526,1.0,0.0608,1.0,0.008663
71,34,252,82.57,147.901,1.0,0.0334,1.0,0.004758
71,36,259,47.698,137.695,1.0,0.0207,1.0,0.002952
71,11,679,11.001,109.242,1.0,0.006,1.0,0.000858
71,0,1546,79.656,68.637,1.0,0.0694,1.0,0.009891
71,31,133,54.337,48.988,1.0,0.0663,1.0,0.009453
71,33,324,29.196,27.204,1.0,0.0642,1.0,0.009147
71,46,910,28.562,106.962,1.0,0.016,1.0,0.002276
71,19,565,43.694,116.931,1.0,0.0223,1.0,0.003185
71,69,225,23.83,29.549,1.0,0.0482,1.0,0.006873
71,54,418,75.625,111.414,1.0,0.0406,1.0,0.005785
71,51,262,98.694,83.761,1.0,0.0705,1.0,0.010042
71,16,851,37.811,132.576,1.0,0.0171,1.0,0.002431
71,1,70,68.707,11.347,1.0,0.3621,1.0,0.051605
71,43,337,13.989,73.407,1.0,0.0114,1.0,0.001624
71,41,121,38.477,11.468,1.0,0.2007,1.0,0.028597
71,65,412,68.368,74.265,1.0,0.0551,1.0,0.007846
71,40,224,99.787,128.944,1.0,0.0463,1.0,0.006596
71,56,579,94.929,128.443,1.0,0.0442,1.0,0.006299
71,23,342,14.265,80.142,1.0,0.0106,1.0,0.001517
71,66,410,87.039,96.68,1.0,0.0538,1.0,0.007673
71,52,287,31.57,119.36,1.0,0.0158,1.0,0.002254
71,24,508,93.136,105.459,1.0,0.0528,1.0,0.007527
71,21,319,60.407,148.878,1.0,0.0243,1.0,0.003458
71,39,201,49.07,35.686,1.0,0.0822,1.0,0.011719
71,60,184,24.399,89.962,1.0,0.0162,1.0,0.002312
71,12,54,30.021,80.194,1.0,0.0224,1.0,0.003191
71,3,95,61.582,81.631,1.0,0.0451,1.0,0.00643
71,64,1469,98.417,10.858,1.0,0.5421,1.0,0.077251
71,68,802,93.744,79.303,1.0,0.0707,1.0,0.010075
71,67,412,58.937,127.004,1.0,0.0278,1.0,0.003955
71,22,74,94.914,80.884,1.0,0.0702,1.0,0.010001
71,58,388,85.148,91.5,1.0,0.0557,1.0,0.007931
71,15,4958,71.575,72.905,1.0,0.0587,1.0,0.008367
71,38,584,76.284,7.671,1.0,0.5948,1.0,0.084759
71,50,813,64.078,15.999,1.0,0.2395,1.0,0.034136
71,32,221,90.494,80.505,1.0,0.0672,1.0,0.00958
71,10,1456,65.419,88.263,1.0,0.0443,1.0,0.006317
71,45,415,61.368,118.613,1.0,0.0309,1.0,0.00441
71,44,74,65.392,30.426,1.0,0.1285,1.0,0.018317
71,49,1050,35.477,136.986,1.0,0.0155,1.0,0.002207
71,20,301,64.839,113.427,1.0,0.0342,1.0,0.004872
71,2,357,21.031,42.426,1.0,0.0296,1.0,0.004225
71,7,41,42.657,91.017,1.0,0.028,1.0,0.003994
71,53,133,58.731,137.43,1.0,0.0256,1.0,0.003642
71,28,126,44.266,109.952,1.0,0.0241,1.0,0.003431
71,48,905,43.51,103.875,1.0,0.0251,1.0,0.00357
71,42,122,75.889,135.53,1.0,0.0335,1.0,0.004772
71,35,349,80.734,84.92,1.0,0.0569,1.0,0.008103
71,27,352,62.234,81.394,1.0,0.0457,1.0,0.006517
71,55,517,70.685,67.685,1.0,0.0625,1.0,0.008901
71,29,426,32.807,81.493,1.0,0.0241,1.0,0.003431
71,57,156,55.543,86.938,1.0,0.0382,1.0,0.005445
71,63,251,67.438,148.762,1.0,0.0271,1.0,0.003864
71,25,672,47.29,23.406,1.0,0.1208,1.0,0.01722
71,26,107,53.593,128.007,1.0,0.025,1.0,0.003568
71,37,52,92.764,15.385,1.0,0.3606,1.0,0.051388
71,59,1597,94.918,57.116,1.0,0.0994,1.0,0.014164
71,9,492,94.82,49.535,1.0,0.1145,1.0,0.016314
71,17,290,62.897,124.78,1.0,0.0301,1.0,0.004296
71,5,330,76.762,114.282,1.0,0.0402,1.0,0.005725
71,14,643,75.351,7.451,1.0,0.6048,1.0,0.086192
71,47,276,61.82,116.641,1.0,0.0317,1.0,0.004517
71,30,943,85.405,5.968,1.0,0.8559,1.0,0.121969
71,18,662,39.186,8.936,1.0,0.2623,1.0,0.037373
72,29,426,32.807,81.493,1.0,0.0241,1.0,0.003431
72,36,259,47.698,137.695,1.0,0.0207,1.0,0.002952
72,68,802,93.744,79.303,1.0,0.0707,1.0,0.010075
72,27,352,62.234,81.394,1.0,0.0457,1.0,0.006517
72,6,350,44.893,91.387,1.0,0.0294,1.0,0.004187
72,57,156,55.543,86.938,1.0,0.0382,1.0,0.005445
72,58,388,85.148,91.5,1.0,0.0557,1.0,0.007931
72,11,679,11.001,109.242,1.0,0.006,1.0,0.000858
72,34,252,82.57,147.901,1.0,0.0334,1.0,0.004758
72,28,126,44.266,109.952,1.0,0.0241,1.0,0.003431
72,10,1456,65.419,88.263,1.0,0.0443,1.0,0.006317
72,18,662,39.186,8.936,1.0,0.2623,1.0,0.037373
72,13,856,84.903,131.244,1.0,0.0387,1.0,0.005514
72,7,41,42.657,91.017,1.0,0.028,1.0,0.003994
72,2,357,21.031,42.426,1.0,0.0296,1.0,0.004225
72,26,107,53.593,128.007,1.0,0.025,1.0,0.003568
72,42,122,75.889,135.53,1.0,0.0335,1.0,0.004772
72,56,579,94.929,128.443,1.0,0.0442,1.0,0.006299
72,63,251,67.438,148.762,1.0,0.0271,1.0,0.003864
72,16,851,37.811,132.576,1.0,0.0171,1.0,0.002431
72,15,4958,71.575,72.905,1.0,0.0587,1.0,0.008367
72,20,301,64.839,113.427,1.0,0.0342,1.0,0.004872
72,62,732,85.471,105.361,1.0,0.0485,1.0,0.006914
72,4,55,91.504,16.198,1.0,0.3379,1.0,0.048147
72,53,133,58.731,137.43,1.0,0.0256,1.0,0.003642
72,43,337,13.989,73.407,1.0,0.0114,1.0,0.001624
72,5,330,76.762,114.282,1.0,0.0402,1.0,0.005725
72,12,54,30.021,80.194,1.0,0.0224,1.0,0.003191
72,50,813,64.078,15.999,1.0,0.2395,1.0,0.034136
72,32,221,90.494,80.505,1.0,0.0672,1.0,0.00958
72,33,324,29.196,27.204,1.0,0.0642,1.0,0.009147
72,24,508,93.136,105.459,1.0,0.0528,1.0,0.007527
72,39,201,49.07,35.686,1.0,0.0822,1.0,0.011719
72,3,95,61.582,81.631,1.0,0.0451,1.0,0.00643
72,0,1546,79.656,68.637,1.0,0.0694,1.0,0.009891
72,69,225,23.83,29.549,1.0,0.0482,1.0,0.006873
72,41,121,38.477,11.468,1.0,0.2007,1.0,0.028597
72,38,584,76.284,7.671,1.0,0.5948,1.0,0.084759
72,31,133,54.337,48.988,1.0,0.0663,1.0,0.009453
72,25,672,47.29,23.406,1.0,0.1208,1.0,0.01722
72,47,276,61.82,116.641,1.0,0.0317,1.0,0.004517
72,55,517,70.685,67.685,1.0,0.0625,1.0,0.008901
72,22,74,94.914,80.884,1.0,0.0702,1.0,0.010001
72,35,349,80.734,84.92,1.0,0.0569,1.0,0.008103
72,52,287,31.57,119.36,1.0,0.0158,1.0,0.002254
72,45,415,61.368,118.613,1.0,0.0309,1.0,0.00441
72,8,464,80.868,125.882,1.0,0.0384,1.0,0.005475
72,14,643,75.351,7.451,1.0,0.6048,1.0,0.086192
72,60,184,24.399,89.962,1.0,0.0162,1.0,0.002312
72,37,52,92.764,15.385,1.0,0.3606,1.0,0.051388
72,40,224,99.787,128.944,1.0,0.0463,1.0,0.006596
72,1,70,68.707,11.347,1.0,0.3621,1.0,0.051605
72,49,1050,35.477,136.986,1.0,0.0155,1.0,0.002207
72,19,565,43.694,116.931,1.0,0.0223,1.0,0.003185
72,64,1469,98.417,10.858,1.0,0.5421,1.0,0.077251
72,66,410,87.039,96.68,1.0,0.0538,1.0,0.007673
72,54,418,75.625,111.414,1.0,0.0406,1.0,0.005785
72,46,910,28.562,106.962,1.0,0.016,1.0,0.002276
72,17,290,62.897,124.78,1.0,0.0301,1.0,0.004296
72,23,342,14.265,80.142,1.0,0.0106,1.0,0.001517
72,51,262,98.694,83.761,1.0,0.0705,1.0,0.010042
72,30,943,85.405,5.968,1.0,0.8559,1.0,0.121969
72,61,700,38.141,37.526,1.0,0.0608,1.0,0.008663
72,9,492,94.82,49.535,1.0,0.1145,1.0,0.016314
72,48,905,43.51,103.875,1.0,0.0251,1.0,0.00357
72,67,412,58.937,127.004,1.0,0.0278,1.0,0.003955
72,21,319,60.407,148.878,1.0,0.0243,1.0,0.003458
72,65,412,68.368,74.265,1.0,0.0551,1.0,0.007846
72,59,1597,94.918,57.116,1.0,0.0994,1.0,0.014164
72,44,74,65.392,30.426,1.0,0.1285,1.0,0.018317
73,67,412,58.937,127.004,1.0,0.0278,1.0,0.003955
73,15,4958,71.575,72.905,1.0,0.0587,1.0,0.008367
73,24,508,93.136,105.459,1.0,0.0528,1.0,0.007527
73,16,851,37.811,132.576,1.0,0.0171,1.0,0.002431
73,18,662,39.186,8.936,1.0,0.2623,1.0,0.037373
73,47,276,61.82,116.641,1.0,0.0317,1.0,0.004517
73,4,55,91.504,16.198,1.0,0.3379,1.0,0.048147
73,28,126,44.266,109.952,1.0,0.0241,1.0,0.003431
73,2,357,21.031,42.426,1.0,0.0296,1.0,0.004225
73,32,221,90.494,80.505,1.0,0.0672,1.0,0.00958
73,46,910,28.562,106.962,1.0,0.016,1.0,0.002276
73,45,415,61.368,118.613,1.0,0.0309,1.0,0.00441
73,63,251,67.438,148.762,1.0,0.0271,1.0,0.003864
73,13,856,84.903,131.244,1.0,0.0387,1.0,0.005514
73,37,52,92.764,15.385,1.0,0.3606,1.0,0.051388
73,1,70,68.707,11.347,1.0,0.3621,1.0,0.051605
73,10,1456,65.419,88.263,1.0,0.0443,1.0,0.006317
73,35,349,80.734,84.92,1.0,0.0569,1.0,0.008103
73,31,133,54.337,48.988,1.0,0.0663,1.0,0.009453
73,27,352,62.234,81.394,1.0,0.0457,1.0,0.006517
73,8,464,80.868,125.882,1.0,0.0384,1.0,0.005475
73,0,1546,79.656,68.637,1.0,0.0694,1.0,0.009891
73,61,700,38.141,37.526,1.0,0.0608,1.0,0.008663
73,59,1597,94.918,57.116,1.0,0.0994,1.0,0.014164
73,21,319,60.407,148.878,1.0,0.0243,1.0,0.003458
73,6,350,44.893,91.387,1.0,0.0294,1.0,0.004187
73,58,388,85.148,91.5,1.0,0.0557,1.0,0.007931
73,9,492,94.82,49.535,1.0,0.1145,1.0,0.016314
73,23,342,14.265,80.142,1.0,0.0106,1.0,0.001517
73,68,802,93.744,79.303,1.0,0.0707,1.0,0.010075
73,38,584,76.284,7.671,1.0,0.5948,1.0,0.084759
73,39,201,49.07,35.686,1.0,0.0822,1.0,0.011719
73,49,1050,35.477,136.986,1.0,0.0155,1.0,0.002207
73,11,679,11.001,109.242,1.0,0.006,1.0,0.000858
73,34,252,82.57,147.901,1.0,0.0334,1.0,0.004758
73,62,732,85.471,105.361,1.0,0.0485,1.0,0.006914
73,56,579,94.929,128.443,1.0,0.0442,1.0,0.006299
73,50,813,64.078,15.999,1.0,0.2395,1.0,0.034136
73,36,259,47.698,137.695,1.0,0.0207,1.0,0.002952
73,51,262,98.694,83.761,1.0,0.0705,1.0,0.010042
73,5,330,76.762,114.282,1.0,0.0402,1.0,0.005725
73,26,107,53.593,128.007,1.0,0.025,1.0,0.003568
73,48,905,43.51,103.875,1.0,0.0251,1.0,0.00357
73,22,74,94.914,80.884,1.0,0.0702,1.0,0.010001
73,60,184,24.399,89.962,1.0,0.0162,1.0,0.002312
73,69,225,23.83,29.549,1.0,0.0482,1.0,0.006873
73,64,1469,98.417,10.858,1.0,0.5421,1.0,0.077251
73,66,410,87.039,96.68,1.0,0.0538,1.0,0.007673
73,53,133,58.731,137.43,1.0,0.0256,1.0,0.003642
73,55,517,70.685,67.685,1.0,0.0625,1.0,0.008901
73,20,301,64.839,113.427,1.0,0.0342,1.0,0.004872
73,19,565,43.694,116.931,1.0,0.0223,1.0,0.003185
73,40,224,99.787,128.944,1.0,0.0463,1.0,0.006596
73,42,122,75.889,135.53,1.0,0.0335,1.0,0.004772
73,3,95,61.582,81.631,1.0,0.0451,1.0,0.00643
73,33,324,29.196,27.204,1.0,0.0642,1.0,0.009147
73,54,418,75.625,111.414,1.0,0.0406,1.0,0.005785
73,41,121,38.477,11.468,1.0,0.2007,1.0,0.028597
73,25,672,47.29,23.406,1.0,0.1208,1.0,0.01722
73,44,74,65.392,30.426,1.0,0.1285,1.0,0.018317
73,43,337,13.989,73.407,1.0,0.0114,1.0,0.001624
73,7,41,42.657,91.017,1.0,0.028,1.0,0.003994
73,29,426,32.807,81.493,1.0,0.0241,1.0,0.003431
73,14,643,75.351,7.451,1.0,0.6048,1.0,0.086192
73,52,287,31.57,119.36,1.0,0.0158,1.0,0.002254
73,57,156,55.543,86.938,1.0,0.0382,1.0,0.005445
73,12,54,30.021,80.194,1.0,0.0224,1.0,0.003191
73,17,290,62.897,124.78,1.0,0.0301,1.0,0.004296
73,30,943,85.405,5.968,1.0,0.8559,1.0,0.121969
73,65,412,68.368,74.265,1.0,0.0551,1.0,0.007846
74,7,41,42.657,91.017,1.0,0.028,1.0,0.003994
74,42,122,75.889,135.53,1.0,0.0335,1.0,0.004772
74,63,251,67.438,148.762,1.0,0.0271,1.0,0.003864
74,41,121,38.477,11.468,1.0,0.2007,1.0,0.028597
74,25,672,47.29,23.406,1.0,0.1208,1.0,0.01722
74,2,357,21.031,42.426,1.0,0.0296,1.0,0.004225
74,59,1597,94.918,57.116,1.0,0.0994,1.0,0.014164
74,67,412,58.937,127.004,1.0,0.0278,1.0,0.003955
74,52,287,31.57,119.36,1.0,0.0158,1.0,0.002254
74,20,301,64.839,113.427,1.0,0.0342,1.0,0.004872
74,38,584,76.284,7.671,1.0,0.5948,1.0,0.084759
74,69,225,23.83,29.549,1.0,0.0482,1.0,0.006873
74,0,1546,79.656,68.637,1.0,0.0694,1.0,0.009891
74,43,337,13.989,73.407,1.0,0.0114,1.0,0.001624
74,31,133,54.337,48.988,1.0,0.0663,1.0,0.009453
74,64,1469,98.417,10.858,1.0,0.5421,1.0,0.077251
74,44,74,65.392,30.426,1.0,0.1285,1.0,0.018317
74,23,342,14.265,80.142,1.0,0.0106,1.0,0.001517
74,13,856,84.903,131.244,1.0,0.0387,1.0,0.005514
74,14,643,75.351,7.451,1.0,0.6048,1.0,0.086192
74,45,415,61.368,118.613,1.0,0.0309,1.0,0.00441
74,28,126,44.266,109.952,1.0,0.0241,1.0,0.003431
74,30,943,85.405,5.968,1.0,0.8559,1.0,0.121969
74,17,290,62.897,124.78,1.0,0.0301,1.0,0.004296
74,39,201,49.07,35.686,1.0,0.0822,1.0,0.011719
74,48,905,43.51,103.875,1.0,0.0251,1.0,0.00357
74,22,74,94.914,80.884,1.0,0.0702,1.0,0.010001
74,29,426,32.807,81.493,1.0,0.0241,1.0,0.003431
74,10,1456,65.419,88.263,1.0,0.0443,1.0,0.006317
74,57,156,55.543,86.938,1.0,0.0382,1.0,0.005445
74,66,410,87.039,96.68,1.0,0.0538,1.0,0.007673
74,40,224,99.787,128.944,1.0,0.0463,1.0,0.006596
74,65,412,68.368,74.265,1.0,0.0551,1.0,0.007846
74,32,221,90.494,80.505,1.0,0.0672,1.0,0.00958
74,15,4958,71.575,72.905,1.0,0.0587,1.0,0.008367
74,53,133,58.731,137.43,1.0,0.0256,1.0,0.003642
74,56,579,94.929,128.443,1.0,0.0442,1.0,0.006299
74,62,732,85.471,105.361,1.0,0.0485,1.0,0.006914
74,35,349,80.734,84.92,1.0,0.0569,1.0,0.008103
74,3,95,61.582,81.631,1.0,0.0451,1.0,0.00643
74,16,851,37.811,132.576,1.0,0.0171,1.0,0.002431
74,19,565,43.694,116.931,1.0,0.0223,1.0,0.003185
74,11,679,11.001,109.242,1.0,0.006,1.0,0.000858
74,8,464,80.868,125.882,1.0,0.0384,1.0,0.005475
74,68,802,93.744,79.303,1.0,0.0707,1.0,0.010075
74,58,388,85.148,91.5,1.0,0.0557,1.0,0.007931
74,51,262,98.694,83.761,1.0,0.0705,1.0,0.010042
74,18,662,39.186,8.936,1.0,0.2623,1.0,0.037373
74,34,252,82.57,147.901,1.0,0.0334,1.0,0.004758
74,27,352,62.234,81.394,1.0,0.0457,1.0,0.006517
74,6,350,44.893,91.387,1.0,0.0294,1.0,0.004187
74,5,330,76.762,114.282,1.0,0.0402,1.0,0.005725
74,49,1050,35.477,136.986,1.0,0.0155,1.0,0.002207
74,33,324,29.196,27.204,1.0,0.0642,1.0,0.009147
74,50,813,64.078,15.999,1.0,0.2395,1.0,0.034136
74,54,418,75.625,111.414,1.0,0.0406,1.0,0.005785
74,21,319,60.407,148.878,1.0,0.0243,1.0,0.003458
74,36,259,47.698,137.695,1.0,0.0207,1.0,0.002952
74,47,276,61.82,116.641,1.0,0.0317,1.0,0.004517
74,46,910,28.562,106.962,1.0,0.016,1.0,0.002276
74,37,52,92.764,15.385,1.0,0.3606,1.0,0.051388
74,26,107,53.593,128.007,1.0,0.025,1.0,0.003568
74,60,184,24.399,89.962,1.0,0.0162,1.0,0.002312
74,24,508,93.136,105.459,1.0,0.0528,1.0,0.007527
74,55,517,70.685,67.685,1.0,0.0625,1.0,0.008901
74,4,55,91.504,16.198,1.0,0.3379,1.0,0.048147
74,1,70,68.707,11.347,1.0,0.3621,1.0,0.051605
74,12,54,30.021,80.194,1.0,0.0224,1.0,0.003191
74,61,700,38.141,37.526,1.0,0.0608,1.0,0.008663
74,9,492,94.82,49.535,1.0,0.1145,1.0,0.016314
75,7,41,42.657,91.017,1.0,0.028,1.0,0.003994
75,20,301,64.839,113.427,1.0,0.0342,1.0,0.004872
75,49,1050,35.477,136.986,1.0,0.0155,1.0,0.002207
75,47,276,61.82,116.641,1.0,0.0317,1.0,0.004517
75,40,224,99.787,128.944,1.0,0.0463,1.0,0.006596
75,9,492,94.82,49.535,1.0,0.1145,1.0,0.016314
75,4,55,91.504,16.198,1.0,0.3379,1.0,0.048147
75,5,330,76.762,114.282,1.0,0.0402,1.0,0.005725
75,68,802,93.744,79.303,1.0,0.0707,1.0,0.010075
75,1,70,68.707,11.347,1.0,0.3621,1.0,0.051605
75,38,584,76.284,7.671,1.0,0.5948,1.0,0.084759
75,53,133,58.731,137.43,1.0,0.0256,1.0,0.003642
75,51,262,98.694,83.761,1.0,0.0705,1.0,0.010042
75,26,107,53.593,128.007,1.0,0.025,1.0,0.003568
75,32,221,90.494,80.505,1.0,0.0672,1.0,0.00958
75,11,679,11.001,109.242,1.0,0.006,1.0,0.000858
75,34,252,82.57,147.901,1.0,0.0334,1.0,0.004758
75,37,52,92.764,15.385,1.0,0.3606,1.0,0.051388
75,66,410,87.039,96.68,1.0,0.0538,1.0,0.007673
75,54,418,75.625,111.414,1.0,0.0406,1.0,0.005785
75,29,426,32.807,81.493,1.0,0.0241,1.0,0.003431
75,43,337,13.989,73.407,1.0,0.0114,1.0,0.001624
75,35,349,80.734,84.92,1.0,0.0569,1.0,0.008103
75,39,201,49.07,35.686,1.0,0.0822,1.0,0.011719
75,21,319,60.407,148.878,1.0,0.0243,1.0,0.003458
75,36,259,47.698,137.695,1.0,0.0207,1.0,0.002952
75,12,54,30.021,80.194,1.0,0.0224,1.0,0.003191
75,14,643,75.351,7.451,1.0,0.6048,1.0,0.086192
75,15,4958,71.575,72.905,1.0,0.0587,1.0,0.008367
75,25,672,47.29,23.406,1.0,0.1208,1.0,0.01722
75,31,133,54.337,48.988,1.0,0.0663,1.0,0.009453
75,27,352,62.234,81.394,1.0,0.0457,1.0,0.006517
75,64,1469,98.417,10.858,1.0,0.5421,1.0,0.077251
75,23,342,14.265,80.142,1.0,0.0106,1.0,0.001517
75,3,95,61.582,81.631,1.0,0.0451,1.0,0.00643
75,63,251,67.438,148.762,1.0,0.0271,1.0,0.003864
75,13,856,84.903,131.244,1.0,0.0387,1.0,0.005514
75,0,1546,79.656,68.637,1.0,0.0694,1.0,0.009891
75,60,184,24.399,89.962,1.0,0.0162,1.0,0.002312
75,10,1456,65.419,88.263,1.0,0.0443,1.0,0.006317
75,57,156,55.543,86.938,1.0,0.0382,1.0,0.005445
75,16,851,37.811,132.576,1.0,0.0171,1.0,0.002431
75,50,813,64.078,15.999,1.0,0.2395,1.0,0.034136
75,42,122,75.889,135.53,1.0,0.0335,1.0,0.004772
75,65,412,68.368,74.265,1.0,0.0551,1.0,0.007846
75,69,225,23.83,29.549,1.0,0.0482,1.0,0.006873
75,46,910,28.562,106.962,1.0,0.016,1.0,0.002276
75,41,121,38.477,11.468,1.0,0.2007,1.0,0.028597
75,22,74,94.914,80.884,1.0,0.0702,1.0,0.010001
75,18,662,39.186,8.936,1.0,0.2623,1.0,0.037373
75,55,517,70.685,67.685,1.0,0.0625,1.0,0.008901
75,58,388,85.148,91.5,1.0,0.0557,1.0,0.007931
75,61,700,38.141,37.526,1.0,0.0608,1.0,0.008663
75,52,287,31.57,119.36,1.0,0.0158,1.0,0.002254
75,17,290,62.897,124.78,1.0,0.0301,1.0,0.004296
75,6,350,44.893,91.387,1.0,0.0294,1.0,0.004187
75,44,74,65.392,30.426,1.0,0.1285,1.0,0.018317
75,28,126,44.266,109.952,1.0,0.0241,1.0,0.003431
75,59,1597,94.918,57.116,1.0,0.0994,1.0,0.014164
75,8,464,80.868,125.882,1.0,0.0384,1.0,0.005475
75,48,905,43.51,103.875,1.0,0.0251,1.0,0.00357
75,2,357,21.031,42.426,1.0,0.0296,1.0,0.004225
75,30,943,85.405,5.968,1.0,0.8559,1.0,0.121969
75,24,508,93.136,105.459,1.0,0.0528,1.0,0.007527
75,19,565,43.694,116.931,1.0,0.0223,1.0,0.003185
75,62,732,85.471,105.361,1.0,0.0485,1.0,0.006914
75,33,324,29.196,27.204,1.0,0.0642,1.0,0.009147
75,45,415,61.368,118.613,1.0,0.0309,1.0,0.00441
75,56,579,94.929,128.443,1.0,0.0442,1.0,0.006299
75,67,412,58.937,127.004,1.0,0.0278,1.0,0.003955
76,69,225,23.83,29.549,1.0,0.0482,1.0,0.006873
76,30,943,85.405,5.968,1.0,0.8559,1.0,0.121969
76,10,1456,65.419,88.263,1.0,0.0443,1.0,0.006317
76,53,133,58.731,137.43,1.0,0.0256,1.0,0.003642
76,34,252,82.57,147.901,1.0,0.0334,1.0,0.004758
76,41,121,38.477,11.468,1.0,0.2007,1.0,0.028597
76,18,662,39.186,8.936,1.0,0.2623,1.0,0.037373
76,25,672,47.29,23.406,1.0,0.1208,1.0,0.01722
76,38,584,76.284,7.671,1.0,0.5948,1.0,0.084759
76,33,324,29.196,27.204,1.0,0.0642,1.0,0.009147
76,43,337,13.989,73.407,1.0,0.0114,1.0,0.001624
76,4,55,91.504,16.198,1.0,0.3379,1.0,0.048147
76,1,70,68.707,11.347,1.0,0.3621,1.0,0.051605
76,27,352,62.234,81.394,1.0,0.0457,1.0,0.006517
76,54,418,75.625,111.414,1.0,0.0406,1.0,0.005785
76,46,910,28.562,106.962,1.0,0.016,1.0,0.002276
76,6,350,44.893,91.387,1.0,0.0294,1.0,0.004187
76,9,492,94.82,49.535,1.0,0.1145,1.0,0.016314
76,37,52,92.764,15.385,1.0,0.3606,1.0,0.051388
76,64,1469,98.417,10.858,1.0,0.5421,1.0,0.077251
76,24,508,93.136,105.459,1.0,0.0528,1.0,0.007527
76,32,221,90.494,80.505,1.0,0.0672,1.0,0.00958
76,63,251,67.438,148.762,1.0,0.0271,1.0,0.003864
76,26,107,53.593,128.007,1.0,0.025,1.0,0.003568
76,21,319,60.407,148.878,1.0,0.0243,1.0,0.003458
76,3,95,61.582,81.631,1.0,0.0451,1.0,0.00643
76,58,388,85.148,91.5,1.0,0.0557,1.0,0.007931
76,11,679,11.001,109.242,1.0,0.006,1.0,0.000858
76,17,290,62.897,124.78,1.0,0.0301,1.0,0.004296
76,57,156,55.543,86.938,1.0,0.0382,1.0,0.005445
76,66,410,87.039,96.68,1.0,0.0538,1.0,0.007673
76,13,856,84.903,131.244,1.0,0.0387,1.0,0.005514
76,52,287,31.57,119.36,1.0,0.0158,1.0,0.002254
76,23,342,14.265,80.142,1.0,0.0106,1.0,0.001517
76,7,41,42.657,91.017,1.0,0.028,1.0,0.003994
76,29,426,32.807,81.493,1.0,0.0241,1.0,0.003431
76,49,1050,35.477,136.986,1.0,0.0155,1.0,0.002207
76,56,579,94.929,128.443,1.0,0.0442,1.0,0.006299
76,16,851,37.811,132.576,1.0,0.0171,1.0,0.002431
76,36,259,47.698,137.695,1.0,0.0207,1.0,0.002952
76,44,74,65.392,30.426,1.0,0.1285,1.0,0.018317
76,12,54,30.021,80.194,1.0,0.0224,1.0,0.003191
76,45,415,61.368,118.613,1.0,0.0309,1.0,0.00441
76,2,357,21.031,42.426,1.0,0.0296,1.0,0.004225
76,59,1597,94.918,57.116,1.0,0.0994,1.0,0.014164
76,60,184,24.399,89.962,1.0,0.0162,1.0,0.002312
76,67,412,58.937,127.004,1.0,0.0278,1.0,0.003955
76,68,802,93.744,79.303,1.0,0.0707,1.0,0.010075
76,20,301,64.839,113.427,1.0,0.0342,1.0,0.004872
76,5,330,76.762,114.282,1.0,0.0402,1.0,0.005725
76,22,74,94.914,80.884,1.0,0.0702,1.0,0.010001
76,51,262,98.694,83.761,1.0,0.0705,1.0,0.010042
76,8,464,80.868,125.882,1.0,0.0384,1.0,0.005475
76,65,412,68.368,74.265,1.0,0.0551,1.0,0.007846
76,62,732,85.471,105.361,1.0,0.0485,1.0,0.006914
76,14,643,75.351,7.451,1.0,0.6048,1.0,0.086192
76,15,4958,71.575,72.905,1.0,0.0587,1.0,0.008367
76,42,122,75.889,135.53,1.0,0.0335,1.0,0.004772
76,40,224,99.787,128.944,1.0,0.0463,1.0,0.006596
76,19,565,43.694,116.931,1.0,0.0223,1.0,0.003185
76,0,1546,79.656,68.637,1.0,0.0694,1.0,0.009891
76,35,349,80.734,84.92,1.0,0.0569,1.0,0.008103
76,48,905,43.51,103.875,1.0,0.0251,1.0,0.00357
76,31,133,54.337,48.988,1.0,0.0663,1.0,0.009453
76,50,813,64.078,15.999,1.0,0.2395,1.0,0.034136
76,28,126,44.266,109.952,1.0,0.0241,1.0,0.003431
76,47,276,61.82,116.641,1.0,0.0317,1.0,0.004517
76,55,517,70.685,67.685,1.0,0.0625,1.0,0.008901
76,61,700,38.141,37.526,1.0,0.0608,1.0,0.008663
76,39,201,49.07,35.686,1.0,0.0822,1.0,0.011719
77,32,221,90.494,80.505,1.0,0.0672,1.0,0.00958
77,45,415,61.368,118.613,1.0,0.0309,1.0,0.00441
77,5,330,76.762,114.282,1.0,0.0402,1.0,0.005725
77,66,410,87.039,96.68,1.0,0.0538,1.0,0.007673
77,57,156,55.543,86.938,1.0,0.0382,1.0,0.005445
77,29,426,32.807,81.493,1.0,0.0241,1.0,0.003431
77,55,517,70.685,67.685,1.0,0.0625,1.0,0.008901
77,3,95,61.582,81.631,1.0,0.0451,1.0,0.00643
77,6,350,44.893,91.387,1.0,0.0294,1.0,0.004187
77,38,584,76.284,7.671,1.0,0.5948,1.0,0.084759
77,40,224,99.787,128.944,1.0,0.0463,1.0,0.006596
77,30,943,85.405,5.968,1.0,0.8559,1.0,0.121969
77,13,856,84.903,131.244,1.0,0.0387,1.0,0.005514
77,58,388,85.148,91.5,1.0,0.0557,1.0,0.007931
77,8,464,80.868,125.882,1.0,0.0384,1.0,0.005475
77,43,337,13.989,73.407,1.0,0.0114,1.0,0.001624
77,1,70,68.707,11.347,1.0,0.3621,1.0,0.051605
77,50,813,64.078,15.999,1.0,0.2395,1.0,0.034136
77,23,342,14.265,80.142,1.0,0.0106,1.0,0.001517
77,26,107,53.593,128.007,1.0,0.025,1.0,0.003568
77,19,565,43.694,116.931,1.0,0.0223,1.0,0.003185
77,47,276,61.82,116.641,1.0,0.0317,1.0,0.004517
77,49,1050,35.477,136.986,1.0,0.0155,1.0,0.002207
77,54,418,75.625,111.414,1.0,0.0406,1.0,0.005785
77,65,412,68.368,74.265,1.0,0.0551,1.0,0.007846
77,4,55,91.504,16.198,1.0,0.3379,1.0,0.048147
77,53,133,58.731,137.43,1.0,0.0256,1.0,0.003642
77,15,4958,71.575,72.905,1.0,0.0587,1.0,0.008367
77,31,133,54.337,48.988,1.0,0.0663,1.0,0.009453
77,61,700,38.141,37.526,1.0,0.0608,1.0,0.008663
77,60,184,24.399,89.962,1.0,0.0162,1.0,0.002312
77,56,579,94.929,128.443,1.0,0.0442,1.0,0.006299
77,0,1546,79.656,68.637,1.0,0.0694,1.0,0.009891
77,27,352,62.234,81.394,1.0,0.0457,1.0,0.006517
77,18,662,39.186,8.936,1.0,0.2623,1.0,0.037373
77,51,262,98.694,83.761,1.0,0.0705,1.0,0.010042
77,10,1456,65.419,88.263,1.0,0.0443,1.0,0.006317
77,41,121,38.477,11.468,1.0,0.2007,1.0,0.028597
77,63,251,67.438,148.762,1.0,0.0271,1.0,0.003864
77,46,910,28.562,106.962,1.0,0.016,1.0,0.002276
77,44,74,65.392,30.426,1.0,0.1285,1.0,0.018317
77,48,905,43.51,103.875,1.0,0.0251,1.0,0.00357
77,64,1469,98.417,10.858,1.0,0.5421,1.0,0.077251
77,9,492,94.82,49.535,1.0,0.1145,1.0,0.016314
77,62,732,85.471,105.361,1.0,0.0485,1.0,0.006914
77,16,851,37.811,132.576,1.0,0.0171,1.0,0.002431
77,17,290,62.897,124.78,1.0,0.0301,1.0,0.004296
77,67,412,58.937,127.004,1.0,0.0278,1.0,0.003955
77,22,74,94.914,80.884,1.0,0.0702,1.0,0.010001
77,21,319,60.407,148.878,1.0,0.0243,1.0,0.003458
77,12,54,30.021,80.194,1.0,0.0224,1.0,0.003191
77,28,126,44.266,109.952,1.0,0.0241,1.0,0.003431
77,59,1597,94.918,57.116,1.0,0.0994,1.0,0.014164
77,7,41,42.657,91.017,1.0,0.028,1.0,0.003994
77,37,52,92.764,15.385,1.0,0.3606,1.0,0.051388
77,24,508,93.136,105.459,1.0,0.0528,1.0,0.007527
77,11,679,11.001,109.242,1.0,0.006,1.0,0.000858
77,33,324,29.196,27.204,1.0,0.0642,1.0,0.009147
77,2,357,21.031,42.426,1.0,0.0296,1.0,0.004225
77,34,252,82.57,147.901,1.0,0.0334,1.0,0.004758
77,68,802,93.744,79.303,1.0,0.0707,1.0,0.010075
77,36,259,47.698,137.695,1.0,0.0207,1.0,0.002952
77,52,287,31.57,119.36,1.0,0.0158,1.0,0.002254
77,35,349,80.734,84.92,1.0,0.0569,1.0,0.008103
77,14,643,75.351,7.451,1.0,0.6048,1.0,0.086192
77,69,225,23.83,29.549,1.0,0.0482,1.0,0.006873
77,42,122,75.889,135.53,1.0,0.0335,1.0,0.004772
77,39,201,49.07,35.686,1.0,0.0822,1.0,0.011719
77,20,301,64.839,113.427,1.0,0.0342,1.0,0.004872
77,25,672,47.29,23.406,1.0,0.1208,1.0,0.01722
78,24,508,93.136,105.459,1.0,0.0528,1.0,0.007527
78,22,74,94.914,80.884,1.0,0.0702,1.0,0.010001
78,15,4958,71.575,72.905,1.0,0.0587,1.0,0.008367
78,14,643,75.351,7.451,1.0,0.6048,1.0,0.086192
78,13,856,84.903,131.244,1.0,0.0387,1.0,0.005514
78,54,418,75.625,111.414,1.0,0.0406,1.0,0.005785
78,67,412,58.937,127.004,1.0,0.0278,1.0,0.003955
78,4,55,91.504,16.198,1.0,0.3379,1.0,0.048147
78,7,41,42.657,91.017,1.0,0.028,1.0,0.003994
78,44,74,65.392,30.426,1.0,0.1285,1.0,0.018317
78,56,579,94.929,128.443,1.0,0.0442,1.0,0.006299
78,63,251,67.438,148.762,1.0,0.0271,1.0,0.003864
78,68,802,93.744,79.303,1.0,0.0707,1.0,0.010075
78,12,54,30.021,80.194,1.0,0.0224,1.0,0.003191
78,41,121,38.477,11.468,1.0,0.2007,1.0,0.028597
78,3,95,61.582,81.631,1.0,0.0451,1.0,0.00643
78,28,126,44.266,109.952,1.0,0.0241,1.0,0.003431
78,19,565,43.694,116.931,1.0,0.0223,1.0,0.003185
78,11,679,11.001,109.242,1.0,0.006,1.0,0.000858
78,48,905,43.51,103.875,1.0,0.0251,1.0,0.00357
78,55,517,70.685,67.685,1.0,0.0625,1.0,0.008901
78,69,225,23.83,29.549,1.0,0.0482,1.0,0.006873
78,26,107,53.593,128.007,1.0,0.025,1.0,0.003568
78,17,290,62.897,124.78,1.0,0.0301,1.0,0.004296
78,53,133,58.731,137.43,1.0,0.0256,1.0,0.003642
78,65,412,68.368,74.265,1.0,0.0551,1.0,0.007846
78,42,122,75.889,135.53,1.0,0.0335,1.0,0.004772
78,52,287,31.57,119.36,1.0,0.0158,1.0,0.002254
78,27,352,62.234,81.394,1.0,0.0457,1.0,0.006517
78,32,221,90.494,80.505,1.0,0.0672,1.0,0.00958
78,61,700,38.141,37.526,1.0,0.0608,1.0,0.008663
78,46,910,28.562,106.962,1.0,0.016,1.0,0.002276
78,0,1546,79.656,68.637,1.0,0.0694,1.0,0.009891
78,58,388,85.148,91.5,1.0,0.0557,1.0,0.007931
78,57,156,55.543,86.938,1.0,0.0382,1.0,0.005445
78,39,201,49.07,35.686,1.0,0.0822,1.0,0.011719
78,8,464,80.868,125.882,1.0,0.0384,1.0,0.005475
78,40,224,99.787,128.944,1.0,0.0463,1.0,0.006596
78,31,133,54.337,48.988,1.0,0.0663,1.0,0.009453
78,38,584,76.284,7.671,1.0,0.5948,1.0,0.084759
78,6,350,44.893,91.387,1.0,0.0294,1.0,0.004187
78,1,70,68.707,11.347,1.0,0.3621,1.0,0.051605
78,34,252,82.57,147.901,1.0,0.0334,1.0,0.004758
78,59,1597,94.918,57.116,1.0,0.0994,1.0,0.014164
78,43,337,13.989,73.407,1.0,0.0114,1.0,0.001624
78,50,813,64.078,15.999,1.0,0.2395,1.0,0.034136
78,5,330,76.762,114.282,1.0,0.0402,1.0,0.005725
78,29,426,32.807,81.493,1.0,0.0241,1.0,0.003431
78,33,324,29.196,27.204,1.0,0.0642,1.0,0.009147
78,49,1050,35.477,136.986,1.0,0.0155,1.0,0.002207
78,36,259,47.698,137.695,1.0,0.0207,1.0,0.002952
78,51,262,98.694,83.761,1.0,0.0705,1.0,0.010042
78,16,851,37.811,132.576,1.0,0.0171,1.0,0.002431
78,35,349,80.734,84.92,1.0,0.0569,1.0,0.008103
78,66,410,87.039,96.68,1.0,0.0538,1.0,0.007673
78,18,662,39.186,8.936,1.0,0.2623,1.0,0.037373
78,37,52,92.764,15.385,1.0,0.3606,1.0,0.051388
78,2,357,21.031,42.426,1.0,0.0296,1.0,0.004225
78,23,342,14.265,80.142,1.0,0.0106,1.0,0.001517
78,10,1456,65.419,88.263,1.0,0.0443,1.0,0.006317
78,25,672,47.29,23.406,1.0,0.1208,1.0,0.01722
78,47,276,61.82,116.641,1.0,0.0317,1.0,0.004517
78,9,492,94.82,49.535,1.0,0.1145,1.0,0.016314
78,64,1469,98.417,10.858,1.0,0.5421,1.0,0.077251
78,45,415,61.368,118.613,1.0,0.0309,1.0,0.00441
78,62,732,85.471,105.361,1.0,0.0485,1.0,0.006914
78,21,319,60.407,148.878,1.0,0.0243,1.0,0.003458
78,30,943,85.405,5.968,1.0,0.8559,1.0,0.121969
78,60,184,24.399,89.962,1.0,0.0162,1.0,0.002312
78,20,301,64.839,113.427,1.0,0.0342,1.0,0.004872
79,4,55,91.504,16.198,1.0,0.3379,1.0,0.048147
79,23,342,14.265,80.142,1.0,0.0106,1.0,0.001517
79,18,662,39.186,8.936,1.0,0.2623,1.0,0.037373
79,1,70,68.707,11.347,1.0,0.3621,1.0,0.051605
79,25,672,47.29,23.406,1.0,0.1208,1.0,0.01722
79,59,1597,94.918,57.116,1.0,0.0994,1.0,0.014164
79,38,584,76.284,7.671,1.0,0.5948,1.0,0.084759
79,68,802,93.744,79.303,1.0,0.0707,1.0,0.010075
79,67,412,58.937,127.004,1.0,0.0278,1.0,0.003955
79,54,418,75.625,111.414,1.0,0.0406,1.0,0.005785
79,8,464,80.868,125.882,1.0,0.0384,1.0,0.005475
79,24,508,93.136,105.459,1.0,0.0528,1.0,0.007527
79,26,107,53.593,128.007,1.0,0.025,1.0,0.003568
79,5,330,76.762,114.282,1.0,0.0402,1.0,0.005725
79,39,201,49.07,35.686,1.0,0.0822,1.0,0.011719
79,3,95,61.582,81.631,1.0,0.0451,1.0,0.00643
79,31,133,54.337,48.988,1.0,0.0663,1.0,0.009453
79,19,565,43.694,116.931,1.0,0.0223,1.0,0.003185
79,44,74,65.392,30.426,1.0,0.1285,1.0,0.018317
79,43,337,13.989,73.407,1.0,0.0114,1.0,0.001624
79,62,732,85.471,105.361,1.0,0.0485,1.0,0.006914
79,50,813,64.078,15.999,1.0,0.2395,1.0,0.034136
79,12,54,30.021,80.194,1.0,0.0224,1.0,0.003191
79,49,1050,35.477,136.986,1.0,0.0155,1.0,0.002207
79,11,679,11.001,109.242,1.0,0.006,1.0,0.000858
79,30,943,85.405,5.968,1.0,0.8559,1.0,0.121969
79,14,643,75.351,7.451,1.0,0.6048,1.0,0.086192
79,64,1469,98.417,10.858,1.0,0.5421,1.0,0.077251
79,35,349,80.734,84.92,1.0,0.0569,1.0,0.008103
79,34,252,82.57,147.901,1.0,0.0334,1.0,0.004758
79,45,415,61.368,118.613,1.0,0.0309,1.0,0.00441
79,15,4958,71.575,72.905,1.0,0.0587,1.0,0.008367
79,16,851,37.811,132.576,1.0,0.0171,1.0,0.002431
79,10,1456,65.419,88.263,1.0,0.0443,1.0,0.006317
79,40,224,99.787,128.944,1.0,0.0463,1.0,0.006596
79,22,74,94.914,80.884,1.0,0.0702,1.0,0.010001
79,42,122,75.889,135.53,1.0,0.0335,1.0,0.004772
79,48,905,43.51,103.875,1.0,0.0251,1.0,0.00357
79,55,517,70.685,67.685,1.0,0.0625,1.0,0.008901
79,63,251,67.438,148.762,1.0,0.0271,1.0,0.003864
79,29,426,32.807,81.493,1.0,0.0241,1.0,0.003431
79,27,352,62.234,81.394,1.0,0.0457,1.0,0.006517
79,17,290,62.897,124.78,1.0,0.0301,1.0,0.004296
79,33,324,29.196,27.204,1.0,0.0642,1.0,0.009147
79,52,287,31.57,119.36,1.0,0.0158,1.0,0.002254
79,53,133,58.731,137.43,1.0,0.0256,1.0,0.003642
79,60,184,24.399,89.962,1.0,0.0162,1.0,0.002312
79,9,492,94.82,49.535,1.0,0.1145,1.0,0.016314
79,20,301,64.839,113.427,1.0,0.0342,1.0,0.004872
79,47,276,61.82,116.641,1.0,0.0317,1.0,0.004517
79,32,221,90.494,80.505,1.0,0.0672,1.0,0.00958
79,69,225,23.83,29.549,1.0,0.0482,1.0,0.006873
79,58,388,85.148,91.5,1.0,0.0557,1.0,0.007931
79,13,856,84.903,131.244,1.0,0.0387,1.0,0.005514
79,6,350,44.893,91.387,1.0,0.0294,1.0,0.004187
79,41,121,38.477,11.468,1.0,0.2007,1.0,0.028597
79,61,700,38.141,37.526,1.0,0.0608,1.0,0.008663
79,65,412,68.368,74.265,1.0,0.0551,1.0,0.007846
79,57,156,55.543,86.938,1.0,0.0382,1.0,0.005445
79,2,357,21.031,42.426,1.0,0.0296,1.0,0.004225
79,21,319,60.407,148.878,1.0,0.0243,1.0,0.003458
79,36,259,47.698,137.695,1.0,0.0207,1.0,0.002952
79,7,41,42.657,91.017,1.0,0.028,1.0,0.003994
79,0,1546,79.656,68.637,1.0,0.0694,1.0,0.009891
79,51,262,98.694,83.761,1.0,0.0705,1.0,0.010042
79,46,910,28.562,106.962,1.0,0.016,1.0,0.002276
79,28,126,44.266,109.952,1.0,0.0241,1.0,0.003431
79,37,52,92.764,15.385,1.0,0.3606,1.0,0.051388
79,66,410,87.039,96.68,1.0,0.0538,1.0,0.007673
79,56,579,94.929,128.443,1.0,0.0442,1.0,0.006299
80,0,1546,79.656,68.637,1.0,0.0694,1.0,0.009891
80,10,1456,65.419,88.263,1.0,0.0443,1.0,0.006317
80,6,350,44.893,91.387,1.0,0.0294,1.0,0.004187
80,39,201,49.07,35.686,1.0,0.0822,1.0,0.011719
80,69,225,23.83,29.549,1.0,0.0482,1.0,0.006873
80,27,352,62.234,81.394,1.0,0.0457,1.0,0.006517
80,18,662,39.186,8.936,1.0,0.2623,1.0,0.037373
80,33,324,29.196,27.204,1.0,0.0642,1.0,0.009147
80,63,251,67.438,148.762,1.0,0.0271,1.0,0.003864
80,36,259,47.698,137.695,1.0,0.0207,1.0,0.002952
80,34,252,82.57,147.901,1.0,0.0334,1.0,0.004758
80,47,276,61.82,116.641,1.0,0.0317,1.0,0.004517
80,3,95,61.582,81.631,1.0,0.0451,1.0,0.00643
80,38,584,76.284,7.671,1.0,0.5948,1.0,0.084759
80,13,856,84.903,131.244,1.0,0.0387,1.0,0.005514
80,32,221,90.494,80.505,1.0,0.0672,1.0,0.00958
80,14,643,75.351,7.451,1.0,0.6048,1.0,0.086192
80,55,517,70.685,67.685,1.0,0.0625,1.0,0.008901
80,8,464,80.868,125.882,1.0,0.0384,1.0,0.005475
80,17,290,62.897,124.78,1.0,0.0301,1.0,0.004296
80,24,508,93.136,105.459,1.0,0.0528,1.0,0.007527
80,9,492,94.82,49.535,1.0,0.1145,1.0,0.016314
80,59,1597,94.918,57.116,1.0,0.0994,1.0,0.014164
80,16,851,37.811,132.576,1.0,0.0171,1.0,0.002431
80,57,156,55.543,86.938,1.0,0.0382,1.0,0.005445
80,46,910,28.562,106.962,1.0,0.016,1.0,0.002276
80,58,388,85.148,91.5,1.0,0.0557,1.0,0.007931
80,30,943,85.405,5.968,1.0,0.8559,1.0,0.121969
80,66,410,87.039,96.68,1.0,0.0538,1.0,0.007673
80,22,74,94.914,80.884,1.0,0.0702,1.0,0.010001
80,19,565,43.694,116.931,1.0,0.0223,1.0,0.003185
80,50,813,64.078,15.999,1.0,0.2395,1.0,0.034136
80,49,1050,35.477,136.986,1.0,0.0155,1.0,0.002207
80,23,342,14.265,80.142,1.0,0.0106,1.0,0.001517
80,21,319,60.407,148.878,1.0,0.0243,1.0,0.003458
80,35,349,80.734,84.92,1.0,0.0569,1.0,0.008103
80,5,330,76.762,114.282,1.0,0.0402,1.0,0.005725
80,26,107,53.593,128.007,1.0,0.025,1.0,0.003568
80,42,122,75.889,135.53,1.0,0.0335,1.0,0.004772
80,25,672,47.29,23.406,1.0,0.1208,1.0,0.01722
80,68,802,93.744,79.303,1.0,0.0707,1.0,0.010075
80,7,41,42.657,91.017,1.0,0.028,1.0,0.003994
80,45,415,61.368,118.613,1.0,0.0309,1.0,0.00441
80,31,133,54.337,48.988,1.0,0.0663,1.0,0.009453
80,29,426,32.807,81.493,1.0,0.0241,1.0,0.003431
80,60,184,24.399,89.962,1.0,0.0162,1.0,0.002312
80,67,412,58.937,127.004,1.0,0.0278,1.0,0.003955
80,56,579,94.929,128.443,1.0,0.0442,1.0,0.006299
80,37,52,92.764,15.385,1.0,0.3606,1.0,0.051388
80,28,126,44.266,109.952,1.0,0.0241,1.0,0.003431
80,1,70,68.707,11.347,1.0,0.3621,1.0,0.051605
80,41,121,38.477,11.468,1.0,0.2007,1.0,0.028597
80,4,55,91.504,16.198,1.0,0.3379,1.0,0.048147
80,12,54,30.021,80.194,1.0,0.0224,1.0,0.003191
80,15,4958,71.575,72.905,1.0,0.0587,1.0,0.008367
80,44,74,65.392,30.426,1.0,0.1285,1.0,0.018317
80,20,301,64.839,113.427,1.0,0.0342,1.0,0.004872
80,51,262,98.694,83.761,1.0,0.0705,1.0,0.010042
80,53,133,58.731,137.43,1.0,0.0256,1.0,0.003642
80,54,418,75.625,111.414,1.0,0.0406,1.0,0.005785
80,64,1469,98.417,10.858,1.0,0.5421,1.0,0.077251
80,40,224,99.787,128.944,1.0,0.0463,1.0,0.006596
80,43,337,13.989,73.407,1.0,0.0114,1.0,0.001624
80,62,732,85.471,105.361,1.0,0.0485,1.0,0.006914
80,52,287,31.57,119.36,1.0,0.0158,1.0,0.002254
80,61,700,38.141,37.526,1.0,0.0608,1.0,0.008663
80,48,905,43.51,103.875,1.0,0.0251,1.0,0.00357
80,2,357,21.031,42.426,1.0,0.0296,1.0,0.004225
80,11,679,11.001,109.242,1.0,0.006,1.0,0.000858
80,65,412,68.368,74.265,1.0,0.0551,1.0,0.007846
81,24,508,93.136,105.459,1.0,0.0528,1.0,0.007527
81,53,133,58.731,137.43,1.0,0.0256,1.0,0.003642
81,40,224,99.787,128.944,1.0,0.0463,1.0,0.006596
81,31,133,54.337,48.988,1.0,0.0663,1.0,0.009453
81,12,54,30.021,80.194,1.0,0.0224,1.0,0.003191
81,50,813,64.078,15.999,1.0,0.2395,1.0,0.034136
81,38,584,76.284,7.671,1.0,0.5948,1.0,0.084759
81,45,415,61.368,118.613,1.0,0.0309,1.0,0.00441
81,51,262,98.694,83.761,1.0,0.0705,1.0,0.010042
81,67,412,58.937,127.004,1.0,0.0278,1.0,0.003955
81,56,579,94.929,128.443,1.0,0.0442,1.0,0.006299
81,34,252,82.57,147.901,1.0,0.0334,1.0,0.004758
81,30,943,85.405,5.968,1.0,0.8559,1.0,0.121969
81,17,290,62.897,124.78,1.0,0.0301,1.0,0.004296
81,29,426,32.807,81.493,1.0,0.0241,1.0,0.003431
81,3,95,61.582,81.631,1.0,0.0451,1.0,0.00643
81,63,251,67.438,148.762,1.0,0.0271,1.0,0.003864
81,20,301,64.839,113.427,1.0,0.0342,1.0,0.004872
81,35,349,80.734,84.92,1.0,0.0569,1.0,0.008103
81,49,1050,35.477,136.986,1.0,0.0155,1.0,0.002207
81,33,324,29.196,27.204,1.0,0.0642,1.0,0.009147
81,47,276,61.82,116.641,1.0,0.0317,1.0,0.004517
81,1,70,68.707,11.347,1.0,0.3621,1.0,0.051605
81,6,350,44.893,91.387,1.0,0.0294,1.0,0.004187
81,65,412,68.368,74.265,1.0,0.0551,1.0,0.007846
81,18,662,39.186,8.936,1.0,0.2623,1.0,0.037373
81,59,1597,94.918,57.116,1.0,0.0994,1.0,0.014164
81,52,287,31.57,119.36,1.0,0.0158,1.0,0.002254
81,16,851,37.811,132.576,1.0,0.0171,1.0,0.002431
81,8,464,80.868,125.882,1.0,0.0384,1.0,0.005475
81,58,388,85.148,91.5,1.0,0.0557,1.0,0.007931
81,11,679,11.001,109.242,1.0,0.006,1.0,0.000858
81,21,319,60.407,148.878,1.0,0.0243,1.0,0.003458
81,13,856,84.903,131.244,1.0,0.0387,1.0,0.005514
81,41,121,38.477,11.468,1.0,0.2007,1.0,0.028597
81,25,672,47.29,23.406,1.0,0.1208,1.0,0.01722
81,4,55,91.504,16.198,1.0,0.3379,1.0,0.048147
81,37,52,92.764,15.385,1.0,0.3606,1.0,0.051388
81,22,74,94.914,80.884,1.0,0.0702,1.0,0.010001
81,9,492,94.82,49.535,1.0,0.1145,1.0,0.016314
81,2,357,21.031,42.426,1.0,0.0296,1.0,0.004225
81,14,643,75.351,7.451,1.0,0.6048,1.0,0.086192
81,57,156,55.543,86.938,1.0,0.0382,1.0,0.005445
81,44,74,65.392,30.426,1.0,0.1285,1.0,0.018317
81,66,410,87.039,96.68,1.0,0.0538,1.0,0.007673
81,10,1456,65.419,88.263,1.0,0.0443,1.0,0.006317
81,26,107,53.593,128.007,1.0,0.025,1.0,0.003568
81,48,905,43.51,103.875,1.0,0.0251,1.0,0.00357
81,62,732,85.471,105.361,1.0,0.0485,1.0,0.006914
81,46,910,28.562,106.962,1.0,0.016,1.0,0.002276
81,61,700,38.141,37.526,1.0,0.0608,1.0,0.008663
81,54,418,75.625,111.414,1.0,0.0406,1.0,0.005785
81,7,41,42.657,91.017,1.0,0.028,1.0,0.003994
81,68,802,93.744,79.303,1.0,0.0707,1.0,0.010075
81,39,201,49.07,35.686,1.0,0.0822,1.0,0.011719
81,42,122,75.889,135.53,1.0,0.0335,1.0,0.004772
81,55,517,70.685,67.685,1.0,0.0625,1.0,0.008901
81,15,4958,71.575,72.905,1.0,0.0587,1.0,0.008367
81,69,225,23.83,29.549,1.0,0.0482,1.0,0.006873
81,36,259,47.698,137.695,1.0,0.0207,1.0,0.002952
81,5,330,76.762,114.282,1.0,0.0402,1.0,0.005725
81,60,184,24.399,89.962,1.0,0.0162,1.0,0.002312
81,64,1469,98.417,10.858,1.0,0.5421,1.0,0.077251
81,23,342,14.265,80.142,1.0,0.0106,1.0,0.001517
81,28,126,44.266,109.952,1.0,0.0241,1.0,0.003431
81,32,221,90.494,80.505,1.0,0.0672,1.0,0.00958
81,0,1546,79.656,68.637,1.0,0.0694,1.0,0.009891
81,27,352,62.234,81.394,1.0,0.0457,1.0,0.006517
81,43,337,13.989,73.407,1.0,0.0114,1.0,0.001624
81,19,565,43.694,116.931,1.0,0.0223,1.0,0.003185
82,63,251,67.438,148.762,1.0,0.0271,1.0,0.003864
82,28,126,44.266,109.952,1.0,0.0241,1.0,0.003431
82,66,410,87.039,96.68,1.0,0.0538,1.0,0.007673
82,18,662,39.186,8.936,1.0,0.2623,1.0,0.037373
82,65,412,68.368,74.265,1.0,0.0551,1.0,0.007846
82,43,337,13.989,73.407,1.0,0.0114,1.0,0.001624
82,13,856,84.903,131.244,1.0,0.0387,1.0,0.005514
82,15,4958,71.575,72.905,1.0,0.0587,1.0,0.008367
82,55,517,70.685,67.685,1.0,0.0625,1.0,0.008901
82,26,107,53.593,128.007,1.0,0.025,1.0,0.003568
82,69,225,23.83,29.549,1.0,0.0482,1.0,0.006873
82,42,122,75.889,135.53,1.0,0.0335,1.0,0.004772
82,23,342,14.265,80.142,1.0,0.0106,1.0,0.001517
82,54,418,75.625,111.414,1.0,0.0406,1.0,0.005785
82,45,415,61.368,118.613,1.0,0.0309,1.0,0.00441
82,0,1546,79.656,68.637,1.0,0.0694,1.0,0.009891
82,46,910,28.562,106.962,1.0,0.016,1.0,0.002276
82,61,700,38.141,37.526,1.0,0.0608,1.0,0.008663
82,67,412,58.937,127.004,1.0,0.0278,1.0,0.003955
82,51,262,98.694,83.761,1.0,0.0705,1.0,0.010042
82,4,55,91.504,16.198,1.0,0.3379,1.0,0.048147
82,35,349,80.734,84.92,1.0,0.0569,1.0,0.008103
82,64,1469,98.417,10.858,1.0,0.5421,1.0,0.077251
82,19,565,43.694,116.931,1.0,0.0223,1.0,0.003185
82,68,802,93.744,79.303,1.0,0.0707,1.0,0.010075
82,6,350,44.893,91.387,1.0,0.0294,1.0,0.004187
82,40,224,99.787,128.944,1.0,0.0463,1.0,0.006596
82,44,74,65.392,30.426,1.0,0.1285,1.0,0.018317
82,17,290,62.897,124.78,1.0,0.0301,1.0,0.004296
82,27,352,62.234,81.394,1.0,0.0457,1.0,0.006517
82,1,70,68.707,11.347,1.0,0.3621,1.0,0.051605
82,59,1597,94.918,57.116,1.0,0.0994,1.0,0.014164
82,39,201,49.07,35.686,1.0,0.0822,1.0,0.011719
82,29,426,32.807,81.493,1.0,0.0241,1.0,0.003431
82,14,643,75.351,7.451,1.0,0.6048,1.0,0.086192
82,30,943,85.405,5.968,1.0,0.8559,1.0,0.121969
82,20,301,64.839,113.427,1.0,0.0342,1.0,0.004872
82,11,679,11.001,109.242,1.0,0.006,1.0,0.000858
82,32,221,90.494,80.505,1.0,0.0672,1.0,0.00958
82,60,184,24.399,89.962,1.0,0.0162,1.0,0.002312
82,47,276,61.82,116.641,1.0,0.0317,1.0,0.004517
82,34,252,82.57,147.901,1.0,0.0334,1.0,0.004758
82,38,584,76.284,7.671,1.0,0.5948,1.0,0.084759
82,52,287,31.57,119.36,1.0,0.0158,1.0,0.002254
82,5,330,76.762,114.282,1.0,0.0402,1.0,0.005725
82,3,95,61.582,81.631,1.0,0.0451,1.0,0.00643
82,12,54,30.021,80.194,1.0,0.0224,1.0,0.003191
82,53,133,58.731,137.43,1.0,0.0256,1.0,0.003642
82,49,1050,35.477,136.986,1.0,0.0155,1.0,0.002207
82,16,851,37.811,132.576,1.0,0.0171,1.0,0.002431
82,41,121,38.477,11.468,1.0,0.2007,1.0,0.028597
82,33,324,29.196,27.204,1.0,0.0642,1.0,0.009147
82,57,156,55.543,86.938,1.0,0.0382,1.0,0.005445
82,9,492,94.82,49.535,1.0,0.1145,1.0,0.016314
82,7,41,42.657,91.017,1.0,0.028,1.0,0.003994
82,2,357,21.031,42.426,1.0,0.0296,1.0,0.004225
82,48,905,43.51,103.875,1.0,0.0251,1.0,0.00357
82,62,732,85.471,105.361,1.0,0.0485,1.0,0.006914
82,56,579,94.929,128.443,1.0,0.0442,1.0,0.006299
82,24,508,93.136,105.459,1.0,0.0528,1.0,0.007527
82,25,672,47.29,23.406,1.0,0.1208,1.0,0.01722
82,22,74,94.914,80.884,1.0,0.0702,1.0,0.010001
82,58,388,85.148,91.5,1.0,0.0557,1.0,0.007931
82,31,133,54.337,48.988,1.0,0.0663,1.0,0.009453
82,36,259,47.698,137.695,1.0,0.0207,1.0,0.002952
82,50,813,64.078,15.999,1.0,0.2395,1.0,0.034136
82,21,319,60.407,148.878,1.0,0.0243,1.0,0.003458
82,8,464,80.868,125.882,1.0,0.0384,1.0,0.005475
82,10,1456,65.419,88.263,1.0,0.0443,1.0,0.006317
82,37,52,92.764,15.385,1.0,0.3606,1.0,0.051388
83,66,410,87.039,96.68,1.0,0.0538,1.0,0.007673
83,40,224,99.787,128.944,1.0,0.0463,1.0,0.006596
83,17,290,62.897,124.78,1.0,0.0301,1.0,0.004296
83,0,1546,79.656,68.637,1.0,0.0694,1.0,0.009891
83,48,905,43.51,103.875,1.0,0.0251,1.0,0.00357
83,51,262,98.694,83.761,1.0,0.0705,1.0,0.010042
83,39,201,49.07,35.686,1.0,0.0822,1.0,0.011719
83,58,388,85.148,91.5,1.0,0.0557,1.0,0.007931
83,15,4958,71.575,72.905,1.0,0.0587,1.0,0.008367
83,19,565,43.694,116.931,1.0,0.0223,1.0,0.003185
83,54,418,75.625,111.414,1.0,0.0406,1.0,0.005785
83,57,156,55.543,86.938,1.0,0.0382,1.0,0.005445
83,36,259,47.698,137.695,1.0,0.0207,1.0,0.002952
83,34,252,82.57,147.901,1.0,0.0334,1.0,0.004758
83,37,52,92.764,15.385,1.0,0.3606,1.0,0.051388
83,13,856,84.903,131.244,1.0,0.0387,1.0,0.005514
83,27,352,62.234,81.394,1.0,0.0457,1.0,0.006517
83,25,672,47.29,23.406,1.0,0.1208,1.0,0.01722
83,7,41,42.657,91.017,1.0,0.028,1.0,0.003994
83,12,54,30.021,80.194,1.0,0.0224,1.0,0.003191
83,69,225,23.83,29.549,1.0,0.0482,1.0,0.006873
83,2,357,21.031,42.426,1.0,0.0296,1.0,0.004225
83,42,122,75.889,135.53,1.0,0.0335,1.0,0.004772
83,21,319,60.407,148.878,1.0,0.0243,1.0,0.003458
83,56,579,94.929,128.443,1.0,0.0442,1.0,0.006299
83,63,251,67.438,148.762,1.0,0.0271,1.0,0.003864
83,8,464,80.868,125.882,1.0,0.0384,1.0,0.005475
83,38,584,76.284,7.671,1.0,0.5948,1.0,0.084759
83,49,1050,35.477,136.986,1.0,0.0155,1.0,0.002207
83,11,679,11.001,109.242,1.0,0.006,1.0,0.000858
83,52,287,31.57,119.36,1.0,0.0158,1.0,0.002254
83,3,95,61.582,81.631,1.0,0.0451,1.0,0.00643
83,1,70,68.707,11.347,1.0,0.3621,1.0,0.051605
83,29,426,32.807,81.493,1.0,0.0241,1.0,0.003431
83,6,350,44.893,91.387,1.0,0.0294,1.0,0.004187
83,5,330,76.762,114.282,1.0,0.0402,1.0,0.005725
83,30,943,85.405,5.968,1.0,0.8559,1.0,0.121969
83,16,851,37.811,132.576,1.0,0.0171,1.0,0.002431
83,28,126,44.266,109.952,1.0,0.0241,1.0,0.003431
83,35,349,80.734,84.92,1.0,0.0569,1.0,0.008103
83,26,107,53.593,128.007,1.0,0.025,1.0,0.003568
83,62,732,85.471,105.361,1.0,0.0485,1.0,0.006914
83,68,802,93.744,79.303,1.0,0.0707,1.0,0.010075
83,64,1469,98.417,10.858,1.0,0.5421,1.0,0.077251
83,24,508,93.136,105.459,1.0,0.0528,1.0,0.007527
83,43,337,13.989,73.407,1.0,0.0114,1.0,0.001624
83,45,415,61.368,118.613,1.0,0.0309,1.0,0.00441
83,59,1597,94.918,57.116,1.0,0.0994,1.0,0.014164
83,47,276,61.82,116.641,1.0,0.0317,1.0,0.004517
83,18,662,39.186,8.936,1.0,0.2623,1.0,0.037373
83,4,55,91.504,16.198,1.0,0.3379,1.0,0.048147
83,46,910,28.562,106.962,1.0,0.016,1.0,0.002276
83,44,74,65.392,30.426,1.0,0.1285,1.0,0.018317
83,22,74,94.914,80.884,1.0,0.0702,1.0,0.010001
83,14,643,75.351,7.451,1.0,0.6048,1.0,0.086192
83,20,301,64.839,113.427,1.0,0.0342,1.0,0.004872
83,65,412,68.368,74.265,1.0,0.0551,1.0,0.007846
83,31,133,54.337,48.988,1.0,0.0663,1.0,0.009453
83,32,221,90.494,80.505,1.0,0.0672,1.0,0.00958
83,9,492,94.82,49.535,1.0,0.1145,1.0,0.016314
83,60,184,24.399,89.962,1.0,0.0162,1.0,0.002312
83,53,133,58.731,137.43,1.0,0.0256,1.0,0.003642
83,61,700,38.141,37.526,1.0,0.0608,1.0,0.008663
83,50,813,64.078,15.999,1.0,0.2395,1.0,0.034136
83,67,412,58.937,127.004,1.0,0.0278,1.0,0.003955
83,10,1456,65.419,88.263,1.0,0.0443,1.0,0.006317
83,23,342,14.265,80.142,1.0,0.0106,1.0,0.001517
83,55,517,70.685,67.685,1.0,0.0625,1.0,0.008901
83,33,324,29.196,27.204,1.0,0.0642,1.0,0.009147
83,41,121,38.477,11.468,1.0,0.2007,1.0,0.028597
84,5,330,76.762,114.282,1.0,0.0402,1.0,0.005725
84,67,412,58.937,127.004,1.0,0.0278,1.0,0.003955
84,29,426,32.807,81.493,1.0,0.0241,1.0,0.003431
84,62,732,85.471,105.361,1.0,0.0485,1.0,0.006914
84,22,74,94.914,80.884,1.0,0.0702,1.0,0.010001
84,6,350,44.893,91.387,1.0,0.0294,1.0,0.004187
84,66,410,87.039,96.68,1.0,0.0538,1.0,0.007673
84,50,813,64.078,15.999,1.0,0.2395,1.0,0.034136
84,28,126,44.266,109.952,1.0,0.0241,1.0,0.003431
84,65,412,68.368,74.265,1.0,0.0551,1.0,0.007846
84,61,700,38.141,37.526,1.0,0.0608,1.0,0.008663
84,44,74,65.392,30.426,1.0,0.1285,1.0,0.018317
84,58,388,85.148,91.5,1.0,0.0557,1.0,0.007931
84,1,70,68.707,11.347,1.0,0.3621,1.0,0.051605
84,36,259,47.698,137.695,1.0,0.0207,1.0,0.002952
84,10,1456,65.419,88.263,1.0,0.0443,1.0,0.006317
84,27,352,62.234,81.394,1.0,0.0457,1.0,0.006517
84,54,418,75.625,111.414,1.0,0.0406,1.0,0.005785
84,2,357,21.031,42.426,1.0,0.0296,1.0,0.004225
84,40,224,99.787,128.944,1.0,0.0463,1.0,0.006596
84,25,672,47.29,23.406,1.0,0.1208,1.0,0.01722
84,21,319,60.407,148.878,1.0,0.0243,1.0,0.003458
84,33,324,29.196,27.204,1.0,0.0642,1.0,0.009147
84,13,856,84.903,131.244,1.0,0.0387,1.0,0.005514
84,31,133,54.337,48.988,1.0,0.0663,1.0,0.009453
84,15,4958,71.575,72.905,1.0,0.0587,1.0,0.008367
84,35,349,80.734,84.92,1.0,0.0569,1.0,0.008103
84,46,910,28.562,106.962,1.0,0.016,1.0,0.002276
84,49,1050,35.477,136.986,1.0,0.0155,1.0,0.002207
84,52,287,31.57,119.36,1.0,0.0158,1.0,0.002254
84,69,225,23.83,29.549,1.0,0.0482,1.0,0.006873
84,60,184,24.399,89.962,1.0,0.0162,1.0,0.002312
84,68,802,93.744,79.303,1.0,0.0707,1.0,0.010075
84,56,579,94.929,128.443,1.0,0.0442,1.0,0.006299
84,41,121,38.477,11.468,1.0,0.2007,1.0,0.028597
84,45,415,61.368,118.613,1.0,0.0309,1.0,0.00441
84,42,122,75.889,135.53,1.0,0.0335,1.0,0.004772
84,26,107,53.593,128.007,1.0,0.025,1.0,0.003568
84,0,1546,79.656,68.637,1.0,0.0694,1.0,0.009891
84,34,252,82.57,147.901,1.0,0.0334,1.0,0.004758
84,12,54,30.021,80.194,1.0,0.0224,1.0,0.003191
84,19,565,43.694,116.931,1.0,0.0223,1.0,0.003185
84,18,662,39.186,8.936,1.0,0.2623,1.0,0.037373
84,9,492,94.82,49.535,1.0,0.1145,1.0,0.016314
84,59,1597,94.918,57.116,1.0,0.0994,1.0,0.014164
84,23,342,14.265,80.142,1.0,0.0106,1.0,0.001517
84,16,851,37.811,132.576,1.0,0.0171,1.0,0.002431
84,48,905,43.51,103.875,1.0,0.0251,1.0,0.00357
84,7,41,42.657,91.017,1.0,0.028,1.0,0.003994
84,57,156,55.543,86.938,1.0,0.0382,1.0,0.005445
84,43,337,13.989,73.407,1.0,0.0114,1.0,0.001624
84,38,584,76.284,7.671,1.0,0.5948,1.0,0.084759
84,47,276,61.82,116.641,1.0,0.0317,1.0,0.004517
84,51,262,98.694,83.761,1.0,0.0705,1.0,0.010042
84,37,52,92.764,15.385,1.0,0.3606,1.0,0.051388
84,8,464,80.868,125.882,1.0,0.0384,1.0,0.005475
84,53,133,58.731,137.43,1.0,0.0256,1.0,0.003642
84,32,221,90.494,80.505,1.0,0.0672,1.0,0.00958
84,64,1469,98.417,10.858,1.0,0.5421,1.0,0.077251
84,4,55,91.504,16.198,1.0,0.3379,1.0,0.048147
84,30,943,85.405,5.968,1.0,0.8559,1.0,0.121969
84,39,201,49.07,35.686,1.0,0.0822,1.0,0.011719
84,20,301,64.839,113.427,1.0,0.0342,1.0,0.004872
84,24,508,93.136,105.459,1.0,0.0528,1.0,0.007527
84,14,643,75.351,7.451,1.0,0.6048,1.0,0.086192
84,17,290,62.897,124.78,1.0,0.0301,1.0,0.004296
84,55,517,70.685,67.685,1.0,0.0625,1.0,0.008901
84,3,95,61.582,81.631,1.0,0.0451,1.0,0.00643
84,63,251,67.438,148.762,1.0,0.0271,1.0,0.003864
84,11,679,11.001,109.242,1.0,0.006,1.0,0.000858
85,31,133,54.337,48.988,1.0,0.0663,1.0,0.009453
85,63,251,67.438,148.762,1.0,0.0271,1.0,0.003864
85,52,287,31.57,119.36,1.0,0.0158,1.0,0.002254
85,9,492,94.82,49.535,1.0,0.1145,1.0,0.016314
85,12,54,30.021,80.194,1.0,0.0224,1.0,0.003191
85,21,319,60.407,148.878,1.0,0.0243,1.0,0.003458
85,54,418,75.625,111.414,1.0,0.0406,1.0,0.005785
85,60,184,24.399,89.962,1.0,0.0162,1.0,0.002312
85,42,122,75.889,135.53,1.0,0.0335,1.0,0.004772
85,61,700,38.141,37.526,1.0,0.0608,1.0,0.008663
85,62,732,85.471,105.361,1.0,0.0485,1.0,0.006914
85,14,643,75.351,7.451,1.0,0.6048,1.0,0.086192
85,67,412,58.937,127.004,1.0,0.0278,1.0,0.003955
85,35,349,80.734,84.92,1.0,0.0569,1.0,0.008103
85,3,95,61.582,81.631,1.0,0.0451,1.0,0.00643
85,34,252,82.57,147.901,1.0,0.0334,1.0,0.004758
85,50,813,64.078,15.999,1.0,0.2395,1.0,0.034136
85,24,508,93.136,105.459,1.0,0.0528,1.0,0.007527
85,6,350,44.893,91.387,1.0,0.0294,1.0,0.004187
85,46,910,28.562,106.962,1.0,0.016,1.0,0.002276
85,18,662,39.186,8.936,1.0,0.2623,1.0,0.037373
85,58,388,85.148,91.5,1.0,0.0557,1.0,0.007931
85,0,1546,79.656,68.637,1.0,0.0694,1.0,0.009891
85,69,225,23.83,29.549,1.0,0.0482,1.0,0.006873
85,28,126,44.266,109.952,1.0,0.0241,1.0,0.003431
85,4,55,91.504,16.198,1.0,0.3379,1.0,0.048147
85,8,464,80.868,125.882,1.0,0.0384,1.0,0.005475
85,20,301,64.839,113.427,1.0,0.0342,1.0,0.004872
85,43,337,13.989,73.407,1.0,0.0114,1.0,0.001624
85,44,74,65.392,30.426,1.0,0.1285,1.0,0.018317
85,48,905,43.51,103.875,1.0,0.0251,1.0,0.00357
85,66,410,87.039,96.68,1.0,0.0538,1.0,0.007673
85,1,70,68.707,11.347,1.0,0.3621,1.0,0.051605
85,23,342,14.265,80.142,1.0,0.0106,1.0,0.001517
85,47,276,61.82,116.641,1.0,0.0317,1.0,0.004517
85,27,352,62.234,81.394,1.0,0.0457,1.0,0.006517
85,15,4958,71.575,72.905,1.0,0.0587,1.0,0.008367
85,65,412,68.368,74.265,1.0,0.0551,1.0,0.007846
85,17,290,62.897,124.78,1.0,0.0301,1.0,0.004296
85,36,259,47.698,137.695,1.0,0.0207,1.0,0.002952
85,25,672,47.29,23.406,1.0,0.1208,1.0,0.01722
85,45,415,61.368,118.613,1.0,0.0309,1.0,0.00441
85,41,121,38.477,11.468,1.0,0.2007,1.0,0.028597
85,68,802,93.744,79.303,1.0,0.0707,1.0,0.010075
85,16,851,37.811,132.576,1.0,0.0171,1.0,0.002431
85,51,262,98.694,83.761,1.0,0.0705,1.0,0.010042
85,22,74,94.914,80.884,1.0,0.0702,1.0,0.010001
85,55,517,70.685,67.685,1.0,0.0625,1.0,0.008901
85,40,224,99.787,128.944,1.0,0.0463,1.0,0.006596
85,56,579,94.929,128.443,1.0,0.0442,1.0,0.006299
85,59,1597,94.918,57.116,1.0,0.0994,1.0,0.014164
85,53,133,58.731,137.43,1.0,0.0256,1.0,0.003642
85,10,1456,65.419,88.263,1.0,0.0443,1.0,0.006317
85,7,41,42.657,91.017,1.0,0.028,1.0,0.003994
85,39,201,49.07,35.686,1.0,0.0822,1.0,0.011719
85,26,107,53.593,128.007,1.0,0.025,1.0,0.003568
85,5,330,76.762,114.282,1.0,0.0402,1.0,0.005725
85,11,679,11.001,109.242,1.0,0.006,1.0,0.000858
85,38,584,76.284,7.671,1.0,0.5948,1.0,0.084759
85,32,221,90.494,80.505,1.0,0.0672,1.0,0.00958
85,37,52,92.764,15.385,1.0,0.3606,1.0,0.051388
85,33,324,29.196,27.204,1.0,0.0642,1.0,0.009147
85,19,565,43.694,116.931,1.0,0.0223,1.0,0.003185
85,30,943,85.405,5.968,1.0,0.8559,1.0,0.121969
85,49,1050,35.477,136.986,1.0,0.0155,1.0,0.002207
85,57,156,55.543,86.938,1.0,0.0382,1.0,0.005445
85,2,357,21.031,42.426,1.0,0.0296,1.0,0.004225
85,13,856,84.903,131.244,1.0,0.0387,1.0,0.005514
85,64,1469,98.417,10.858,1.0,0.5421,1.0,0.077251
85,29,426,32.807,81.493,1.0,0.0241,1.0,0.003431
86,65,412,68.368,74.265,1.0,0.0551,1.0,0.007846
86,51,262,98.694,83.761,1.0,0.0705,1.0,0.010042
86,20,301,64.839,113.427,1.0,0.0342,1.0,0.004872
86,42,122,75.889,135.53,1.0,0.0335,1.0,0.004772
86,64,1469,98.417,10.858,1.0,0.5421,1.0,0.077251
86,58,388,85.148,91.5,1.0,0.0557,1.0,0.007931
86,56,579,94.929,128.443,1.0,0.0442,1.0,0.006299
86,33,324,29.196,27.204,1.0,0.0642,1.0,0.009147
86,24,508,93.136,105.459,1.0,0.0528,1.0,0.007527
86,46,910,28.562,106.962,1.0,0.016,1.0,0.002276
86,38,584,76.284,7.671,1.0,0.5948,1.0,0.084759
86,36,259,47.698,137.695,1.0,0.0207,1.0,0.002952
86,32,221,90.494,80.505,1.0,0.0672,1.0,0.00958
86,23,342,14.265,80.142,1.0,0.0106,1.0,0.001517
86,7,41,42.657,91.017,1.0,0.028,1.0,0.003994
86,0,1546,79.656,68.637,1.0,0.0694,1.0,0.009891
86,31,133,54.337,48.988,1.0,0.0663,1.0,0.009453
86,26,107,53.593,128.007,1.0,0.025,1.0,0.003568
86,3,95,61.582,81.631,1.0,0.0451,1.0,0.00643
86,34,252,82.57,147.901,1.0,0.0334,1.0,0.004758
86,48,905,43.51,103.875,1.0,0.0251,1.0,0.00357
86,63,251,67.438,148.762,1.0,0.0271,1.0,0.003864
86,69,225,23.83,29.549,1.0,0.0482,1.0,0.006873
86,27,352,62.234,81.394,1.0,0.0457,1.0,0.006517
86,6,350,44.893,91.387,1.0,0.0294,1.0,0.004187
86,1,70,68.707,11.347,1.0,0.3621,1.0,0.051605
86,49,1050,35.477,136.986,1.0,0.0155,1.0,0.002207
86,39,201,49.07,35.686,1.0,0.0822,1.0,0.011719
86,12,54,30.021,80.194,1.0,0.0224,1.0,0.003191
86,55,517,70.685,67.685,1.0,0.0625,1.0,0.008901
86,11,679,11.001,109.242,1.0,0.006,1.0,0.000858
86,41,121,38.477,11.468,1.0,0.2007,1.0,0.028597
86,13,856,84.903,131.244,1.0,0.0387,1.0,0.005514
86,28,126,44.266,109.952,1.0,0.0241,1.0,0.003431
86,9,492,94.82,49.535,1.0,0.1145,1.0,0.016314
86,25,672,47.29,23.406,1.0,0.1208,1.0,0.01722
86,16,851,37.811,132.576,1.0,0.0171,1.0,0.002431
86,43,337,13.989,73.407,1.0,0.0114,1.0,0.001624
86,10,1456,65.419,88.263,1.0,0.0443,1.0,0.006317
86,5,330,76.762,114.282,1.0,0.0402,1.0,0.005725
86,47,276,61.82,116.641,1.0,0.0317,1.0,0.004517
86,15,4958,71.575,72.905,1.0,0.0587,1.0,0.008367
86,40,224,99.787,128.944,1.0,0.0463,1.0,0.006596
86,37,52,92.764,15.385,1.0,0.3606,1.0,0.051388
86,44,74,65.392,30.426,1.0,0.1285,1.0,0.018317
86,67,412,58.937,127.004,1.0,0.0278,1.0,0.003955
86,30,943,85.405,5.968,1.0,0.8559,1.0,0.121969
86,50,813,64.078,15.999,1.0,0.2395,1.0,0.034136
86,22,74,94.914,80.884,1.0,0.0702,1.0,0.010001
86,57,156,55.543,86.938,1.0,0.0382,1.0,0.005445
86,61,700,38.141,37.526,1.0,0.0608,1.0,0.008663
86,62,732,85.471,105.361,1.0,0.0485,1.0,0.006914
86,21,319,60.407,148.878,1.0,0.0243,1.0,0.003458
86,59,1597,94.918,57.116,1.0,0.0994,1.0,0.014164
86,68,802,93.744,79.303,1.0,0.0707,1.0,0.010075
86,29,426,32.807,81.493,1.0,0.0241,1.0,0.003431
86,66,410,87.039,96.68,1.0,0.0538,1.0,0.007673
86,54,418,75.625,111.414,1.0,0.0406,1.0,0.005785
86,17,290,62.897,124.78,1.0,0.0301,1.0,0.004296
86,35,349,80.734,84.92,1.0,0.0569,1.0,0.008103
86,14,643,75.351,7.451,1.0,0.6048,1.0,0.086192
86,60,184,24.399,89.962,1.0,0.0162,1.0,0.002312
86,2,357,21.031,42.426,1.0,0.0296,1.0,0.004225
86,19,565,43.694,116.931,1.0,0.0223,1.0,0.003185
86,52,287,31.57,119.36,1.0,0.0158,1.0,0.002254
86,18,662,39.186,8.936,1.0,0.2623,1.0,0.037373
86,4,55,91.504,16.198,1.0,0.3379,1.0,0.048147
86,8,464,80.868,125.882,1.0,0.0384,1.0,0.005475
86,53,133,58.731,137.43,1.0,0.0256,1.0,0.003642
86,45,415,61.368,118.613,1.0,0.0309,1.0,0.00441
87,12,54,30.021,80.194,1.0,0.0224,1.0,0.003191
87,35,349,80.734,84.92,1.0,0.0569,1.0,0.008103
87,39,201,49.07,35.686,1.0,0.0822,1.0,0.011719
87,53,133,58.731,137.43,1.0,0.0256,1.0,0.003642
87,4,55,91.504,16.198,1.0,0.3379,1.0,0.048147
87,48,905,43.51,103.875,1.0,0.0251,1.0,0.00357
87,67,412,58.937,127.004,1.0,0.0278,1.0,0.003955
87,18,662,39.186,8.936,1.0,0.2623,1.0,0.037373
87,63,251,67.438,148.762,1.0,0.0271,1.0,0.003864
87,64,1469,98.417,10.858,1.0,0.5421,1.0,0.077251
87,47,276,61.82,116.641,1.0,0.0317,1.0,0.004517
87,24,508,93.136,105.459,1.0,0.0528,1.0,0.007527
87,69,225,23.83,29.549,1.0,0.0482,1.0,0.006873
87,55,517,70.685,67.685,1.0,0.0625,1.0,0.008901
87,66,410,87.039,96.68,1.0,0.0538,1.0,0.007673
87,8,464,80.868,125.882,1.0,0.0384,1.0,0.005475
87,23,342,14.265,80.142,1.0,0.0106,1.0,0.001517
87,43,337,13.989,73.407,1.0,0.0114,1.0,0.001624
87,21,319,60.407,148.878,1.0,0.0243,1.0,0.003458
87,13,856,84.903,131.244,1.0,0.0387,1.0,0.005514
87,6,350,44.893,91.387,1.0,0.0294,1.0,0.004187
87,9,492,94.82,49.535,1.0,0.1145,1.0,0.016314
87,27,352,62.234,81.394,1.0,0.0457,1.0,0.006517
87,44,74,65.392,30.426,1.0,0.1285,1.0,0.018317
87,54,418,75.625,111.414,1.0,0.0406,1.0,0.005785
87,38,584,76.284,7.671,1.0,0.5948,1.0,0.084759
87,42,122,75.889,135.53,1.0,0.0335,1.0,0.004772
87,65,412,68.368,74.265,1.0,0.0551,1.0,0.007846
87,17,290,62.897,124.78,1.0,0.0301,1.0,0.004296
87,1,70,68.707,11.347,1.0,0.3621,1.0,0.051605
87,45,415,61.368,118.613,1.0,0.0309,1.0,0.00441
87,20,301,64.839,113.427,1.0,0.0342,1.0,0.004872
87,59,1597,94.918,57.116,1.0,0.0994,1.0,0.014164
87,46,910,28.562,106.962,1.0,0.016,1.0,0.002276
87,26,107,53.593,128.007,1.0,0.025,1.0,0.003568
87,62,732,85.471,105.361,1.0,0.0485,1.0,0.006914
87,11,679,11.001,109.242,1.0,0.006,1.0,0.000858
87,61,700,38.141,37.526,1.0,0.0608,1.0,0.008663
87,51,262,98.694,83.761,1.0,0.0705,1.0,0.010042
87,68,802,93.744,79.303,1.0,0.0707,1.0,0.010075
87,52,287,31.57,119.36,1.0,0.0158,1.0,0.002254
87,25,672,47.29,23.406,1.0,0.1208,1.0,0.01722
87,7,41,42.657,91.017,1.0,0.028,1.0,0.003994
87,5,330,76.762,114.282,1.0,0.0402,1.0,0.005725
87,41,121,38.477,11.468,1.0,0.2007,1.0,0.028597
87,3,95,61.582,81.631,1.0,0.0451,1.0,0.00643
87,49,1050,35.477,136.986,1.0,0.0155,1.0,0.002207
87,58,388,85.148,91.5,1.0,0.0557,1.0,0.007931
87,36,259,47.698,137.695,1.0,0.0207,1.0,0.002952
87,60,184,24.399,89.962,1.0,0.0162,1.0,0.002312
87,30,943,85.405,5.968,1.0,0.8559,1.0,0.121969
87,56,579,94.929,128.443,1.0,0.0442,1.0,0.006299
87,34,252,82.57,147.901,1.0,0.0334,1.0,0.004758
87,57,156,55.543,86.938,1.0,0.0382,1.0,0.005445
87,50,813,64.078,15.999,1.0,0.2395,1.0,0.034136
87,29,426,32.807,81.493,1.0,0.0241,1.0,0.003431
87,14,643,75.351,7.451,1.0,0.6048,1.0,0.086192
87,28,126,44.266,109.952,1.0,0.0241,1.0,0.003431
87,33,324,29.196,27.204,1.0,0.0642,1.0,0.009147
87,32,221,90.494,80.505,1.0,0.0672,1.0,0.00958
87,10,1456,65.419,88.263,1.0,0.0443,1.0,0.006317
87,22,74,94.914,80.884,1.0,0.0702,1.0,0.010001
87,31,133,54.337,48.988,1.0,0.0663,1.0,0.009453
87,19,565,43.694,116.931,1.0,0.0223,1.0,0.003185
87,37,52,92.764,15.385,1.0,0.3606,1.0,0.051388
87,16,851,37.811,132.576,1.0,0.0171,1.0,0.002431
87,0,1546,79.656,68.637,1.0,0.0694,1.0,0.009891
87,2,357,21.031,42.426,1.0,0.0296,1.0,0.004225
87,15,4958,71.575,72.905,1.0,0.0587,1.0,0.008367
87,40,224,99.787,128.944,1.0,0.0463,1.0,0.006596
88,2,357,21.031,42.426,1.0,0.0296,1.0,0.004225
88,9,492,94.82,49.535,1.0,0.1145,1.0,0.016314
88,17,290,62.897,124.78,1.0,0.0301,1.0,0.004296
88,19,565,43.694,116.931,1.0,0.0223,1.0,0.003185
88,65,412,68.368,74.265,1.0,0.0551,1.0,0.007846
88,69,225,23.83,29.549,1.0,0.0482,1.0,0.006873
88,58,388,85.148,91.5,1.0,0.0557,1.0,0.007931
88,1,70,68.707,11.347,1.0,0.3621,1.0,0.051605
88,22,74,94.914,80.884,1.0,0.0702,1.0,0.010001
88,59,1597,94.918,57.116,1.0,0.0994,1.0,0.014164
88,18,662,39.186,8.936,1.0,0.2623,1.0,0.037373
88,28,126,44.266,109.952,1.0,0.0241,1.0,0.003431
88,60,184,24.399,89.962,1.0,0.0162,1.0,0.002312
88,33,324,29.196,27.204,1.0,0.0642,1.0,0.009147
88,46,910,28.562,106.962,1.0,0.016,1.0,0.002276
88,62,732,85.471,105.361,1.0,0.0485,1.0,0.006914
88,55,517,70.685,67.685,1.0,0.0625,1.0,0.008901
88,26,107,53.593,128.007,1.0,0.025,1.0,0.003568
88,49,1050,35.477,136.986,1.0,0.0155,1.0,0.002207
88,64,1469,98.417,10.858,1.0,0.5421,1.0,0.077251
88,14,643,75.351,7.451,1.0,0.6048,1.0,0.086192
88,12,54,30.021,80.194,1.0,0.0224,1.0,0.003191
88,5,330,76.762,114.282,1.0,0.0402,1.0,0.005725
88,15,4958,71.575,72.905,1.0,0.0587,1.0,0.008367
88,36,259,47.698,137.695,1.0,0.0207,1.0,0.002952
88,11,679,11.001,109.242,1.0,0.006,1.0,0.000858
88,39,201,49.07,35.686,1.0,0.0822,1.0,0.011719
88,31,133,54.337,48.988,1.0,0.0663,1.0,0.009453
88,25,672,47.29,23.406,1.0,0.1208,1.0,0.01722
88,0,1546,79.656,68.637,1.0,0.0694,1.0,0.009891
88,51,262,98.694,83.761,1.0,0.0705,1.0,0.010042
88,50,813,64.078,15.999,1.0,0.2395,1.0,0.034136
88,41,121,38.477,11.468,1.0,0.2007,1.0,0.028597
88,7,41,42.657,91.017,1.0,0.028,1.0,0.003994
88,13,856,84.903,131.244,1.0,0.0387,1.0,0.005514
88,61,700,38.141,37.526,1.0,0.0608,1.0,0.008663
88,8,464,80.868,125.882,1.0,0.0384,1.0,0.005475
88,43,337,13.989,73.407,1.0,0.0114,1.0,0.001624
88,52,287,31.57,119.36,1.0,0.0158,1.0,0.002254
88,66,410,87.039,96.68,1.0,0.0538,1.0,0.007673
88,56,579,94.929,128.443,1.0,0.0442,1.0,0.006299
88,42,122,75.889,135.53,1.0,0.0335,1.0,0.004772
88,4,55,91.504,16.198,1.0,0.3379,1.0,0.048147
88,68,802,93.744,79.303,1.0,0.0707,1.0,0.010075
88,37,52,92.764,15.385,1.0,0.3606,1.0,0.051388
88,34,252,82.57,147.901,1.0,0.0334,1.0,0.004758
88,53,133,58.731,137.43,1.0,0.0256,1.0,0.003642
88,63,251,67.438,148.762,1.0,0.0271,1.0,0.003864
88,32,221,90.494,80.505,1.0,0.0672,1.0,0.00958
88,54,418,75.625,111.414,1.0,0.0406,1.0,0.005785
88,47,276,61.82,116.641,1.0,0.0317,1.0,0.004517
88,6,350,44.893,91.387,1.0,0.0294,1.0,0.004187
88,44,74,65.392,30.426,1.0,0.1285,1.0,0.018317
88,35,349,80.734,84.92,1.0,0.0569,1.0,0.008103
88,38,584,76.284,7.671,1.0,0.5948,1.0,0.084759
88,57,156,55.543,86.938,1.0,0.0382,1.0,0.005445
88,16,851,37.811,132.576,1.0,0.0171,1.0,0.002431
88,20,301,64.839,113.427,1.0,0.0342,1.0,0.004872
88,27,352,62.234,81.394,1.0,0.0457,1.0,0.006517
88,29,426,32.807,81.493,1.0,0.0241,1.0,0.003431
88,10,1456,65.419,88.263,1.0,0.0443,1.0,0.006317
88,40,224,99.787,128.944,1.0,0.0463,1.0,0.006596
88,45,415,61.368,118.613,1.0,0.0309,1.0,0.00441
88,3,95,61.582,81.631,1.0,0.0451,1.0,0.00643
88,23,342,14.265,80.142,1.0,0.0106,1.0,0.001517
88,30,943,85.405,5.968,1.0,0.8559,1.0,0.121969
88,24,508,93.136,105.459,1.0,0.0528,1.0,0.007527
88,48,905,43.51,103.875,1.0,0.0251,1.0,0.00357
88,67,412,58.937,127.004,1.0,0.0278,1.0,0.003955
88,21,319,60.407,148.878,1.0,0.0243,1.0,0.003458
89,36,259,47.698,137.695,1.0,0.0207,1.0,0.002952
89,25,672,47.29,23.406,1.0,0.1208,1.0,0.01722
89,43,337,13.989,73.407,1.0,0.0114,1.0,0.001624
89,49,1050,35.477,136.986,1.0,0.0155,1.0,0.002207
89,60,184,24.399,89.962,1.0,0.0162,1.0,0.002312
89,52,287,31.57,119.36,1.0,0.0158,1.0,0.002254
89,68,802,93.744,79.303,1.0,0.0707,1.0,0.010075
89,35,349,80.734,84.92,1.0,0.0569,1.0,0.008103
89,17,290,62.897,124.78,1.0,0.0301,1.0,0.004296
89,9,492,94.82,49.535,1.0,0.1145,1.0,0.016314
89,63,251,67.438,148.762,1.0,0.0271,1.0,0.003864
89,31,133,54.337,48.988,1.0,0.0663,1.0,0.009453
89,14,643,75.351,7.451,1.0,0.6048,1.0,0.086192
89,62,732,85.471,105.361,1.0,0.0485,1.0,0.006914
89,59,1597,94.918,57.116,1.0,0.0994,1.0,0.014164
89,46,910,28.562,106.962,1.0,0.016,1.0,0.002276
89,69,225,23.83,29.549,1.0,0.0482,1.0,0.006873
89,64,1469,98.417,10.858,1.0,0.5421,1.0,0.077251
89,33,324,29.196,27.204,1.0,0.0642,1.0,0.009147
89,47,276,61.82,116.641,1.0,0.0317,1.0,0.004517
89,0,1546,79.656,68.637,1.0,0.0694,1.0,0.009891
89,61,700,38.141,37.526,1.0,0.0608,1.0,0.008663
89,66,410,87.039,96.68,1.0,0.0538,1.0,0.007673
89,30,943,85.405,5.968,1.0,0.8559,1.0,0.121969
89,3,95,61.582,81.631,1.0,0.0451,1.0,0.00643
89,42,122,75.889,135.53,1.0,0.0335,1.0,0.004772
89,67,412,58.937,127.004,1.0,0.0278,1.0,0.003955
89,32,221,90.494,80.505,1.0,0.0672,1.0,0.00958
89,40,224,99.787,128.944,1.0,0.0463,1.0,0.006596
89,41,121,38.477,11.468,1.0,0.2007,1.0,0.028597
89,1,70,68.707,11.347,1.0,0.3621,1.0,0.051605
89,12,54,30.021,80.194,1.0,0.0224,1.0,0.003191
89,20,301,64.839,113.427,1.0,0.0342,1.0,0.004872
89,50,813,64.078,15.999,1.0,0.2395,1.0,0.034136
89,65,412,68.368,74.265,1.0,0.0551,1.0,0.007846
89,48,905,43.51,103.875,1.0,0.0251,1.0,0.00357
89,16,851,37.811,132.576,1.0,0.0171,1.0,0.002431
89,38,584,76.284,7.671,1.0,0.5948,1.0,0.084759
89,58,388,85.148,91.5,1.0,0.0557,1.0,0.007931
89,21,319,60.407,148.878,1.0,0.0243,1.0,0.003458
89,5,330,76.762,114.282,1.0,0.0402,1.0,0.005725
89,23,342,14.265,80.142,1.0,0.0106,1.0,0.001517
89,44,74,65.392,30.426,1.0,0.1285,1.0,0.018317
89,51,262,98.694,83.761,1.0,0.0705,1.0,0.010042
89,19,565,43.694,116.931,1.0,0.0223,1.0,0.003185
89,13,856,84.903,131.244,1.0,0.0387,1.0,0.005514
89,53,133,58.731,137.43,1.0,0.0256,1.0,0.003642
89,55,517,70.685,67.685,1.0,0.0625,1.0,0.008901
89,6,350,44.893,91.387,1.0,0.0294,1.0,0.004187
89,2,357,21.031,42.426,1.0,0.0296,1.0,0.004225
89,15,4958,71.575,72.905,1.0,0.0587,1.0,0.008367
89,11,679,11.001,109.242,1.0,0.006,1.0,0.000858
89,57,156,55.543,86.938,1.0,0.0382,1.0,0.005445
89,7,41,42.657,91.017,1.0,0.028,1.0,0.003994
89,24,508,93.136,105.459,1.0,0.0528,1.0,0.007527
89,54,418,75.625,111.414,1.0,0.0406,1.0,0.005785
89,34,252,82.57,147.901,1.0,0.0334,1.0,0.004758
89,18,662,39.186,8.936,1.0,0.2623,1.0,0.037373
89,22,74,94.914,80.884,1.0,0.0702,1.0,0.010001
89,45,415,61.368,118.613,1.0,0.0309,1.0,0.00441
89,4,55,91.504,16.198,1.0,0.3379,1.0,0.048147
89,10,1456,65.419,88.263,1.0,0.0443,1.0,0.006317
89,39,201,49.07,35.686,1.0,0.0822,1.0,0.011719
89,27,352,62.234,81.394,1.0,0.0457,1.0,0.006517
89,8,464,80.868,125.882,1.0,0.0384,1.0,0.005475
89,29,426,32.807,81.493,1.0,0.0241,1.0,0.003431
89,37,52,92.764,15.385,1.0,0.3606,1.0,0.051388
89,28,126,44.266,109.952,1.0,0.0241,1.0,0.003431
89,26,107,53.593,128.007,1.0,0.025,1.0,0.003568
89,56,579,94.929,128.443,1.0,0.0442,1.0,0.006299
90,18,662,39.186,8.936,1.0,0.2623,1.0,0.037373
90,48,905,43.51,103.875,1.0,0.0251,1.0,0.00357
90,42,122,75.889,135.53,1.0,0.0335,1.0,0.004772
90,32,221,90.494,80.505,1.0,0.0672,1.0,0.00958
90,16,851,37.811,132.576,1.0,0.0171,1.0,0.002431
90,36,259,47.698,137.695,1.0,0.0207,1.0,0.002952
90,2,357,21.031,42.426,1.0,0.0296,1.0,0.004225
90,65,412,68.368,74.265,1.0,0.0551,1.0,0.007846
90,62,732,85.471,105.361,1.0,0.0485,1.0,0.006914
90,14,643,75.351,7.451,1.0,0.6048,1.0,0.086192
90,47,276,61.82,116.641,1.0,0.0317,1.0,0.004517
90,7,41,42.657,91.017,1.0,0.028,1.0,0.003994
90,40,224,99.787,128.944,1.0,0.0463,1.0,0.006596
90,37,52,92.764,15.385,1.0,0.3606,1.0,0.051388
90,53,133,58.731,137.43,1.0,0.0256,1.0,0.003642
90,56,579,94.929,128.443,1.0,0.0442,1.0,0.006299
90,12,54,30.021,80.194,1.0,0.0224,1.0,0.003191
90,17,290,62.897,124.78,1.0,0.0301,1.0,0.004296
90,4,55,91.504,16.198,1.0,0.3379,1.0,0.048147
90,60,184,24.399,89.962,1.0,0.0162,1.0,0.002312
90,43,337,13.989,73.407,1.0,0.0114,1.0,0.001624
90,26,107,53.593,128.007,1.0,0.025,1.0,0.003568
90,25,672,47.29,23.406,1.0,0.1208,1.0,0.01722
90,29,426,32.807,81.493,1.0,0.0241,1.0,0.003431
90,39,201,49.07,35.686,1.0,0.0822,1.0,0.011719
90,5,330,76.762,114.282,1.0,0.0402,1.0,0.005725
90,23,342,14.265,80.142,1.0,0.0106,1.0,0.001517
90,68,802,93.744,79.303,1.0,0.0707,1.0,0.010075
90,61,700,38.141,37.526,1.0,0.0608,1.0,0.008663
90,3,95,61.582,81.631,1.0,0.0451,1.0,0.00643
90,34,252,82.57,147.901,1.0,0.0334,1.0,0.004758
90,24,508,93.136,105.459,1.0,0.0528,1.0,0.007527
90,52,287,31.57,119.36,1.0,0.0158,1.0,0.002254
90,69,225,23.83,29.549,1.0,0.0482,1.0,0.006873
90,28,126,44.266,109.952,1.0,0.0241,1.0,0.003431
90,63,251,67.438,148.762,1.0,0.0271,1.0,0.003864
90,57,156,55.543,86.938,1.0,0.0382,1.0,0.005445
90,11,679,11.001,109.242,1.0,0.006,1.0,0.000858
90,1,70,68.707,11.347,1.0,0.3621,1.0,0.051605
90,33,324,29.196,27.204,1.0,0.0642,1.0,0.009147
90,22,74,94.914,80.884,1.0,0.0702,1.0,0.010001
90,13,856,84.903,131.244,1.0,0.0387,1.0,0.005514
90,38,584,76.284,7.671,1.0,0.5948,1.0,0.084759
90,66,410,87.039,96.68,1.0,0.0538,1.0,0.007673
90,58,388,85.148,91.5,1.0,0.0557,1.0,0.007931
90,10,1456,65.419,88.263,1.0,0.0443,1.0,0.006317
90,50,813,64.078,15.999,1.0,0.2395,1.0,0.034136
90,20,301,64.839,113.427,1.0,0.0342,1.0,0.004872
90,49,1050,35.477,136.986,1.0,0.0155,1.0,0.002207
90,35,349,80.734,84.92,1.0,0.0569,1.0,0.008103
90,55,517,70.685,67.685,1.0,0.0625,1.0,0.008901
90,19,565,43.694,116.931,1.0,0.0223,1.0,0.003185
90,59,1597,94.918,57.116,1.0,0.0994,1.0,0.014164
90,30,943,85.405,5.968,1.0,0.8559,1.0,0.121969
90,46,910,28.562,106.962,1.0,0.016,1.0,0.002276
90,45,415,61.368,118.613,1.0,0.0309,1.0,0.00441
90,31,133,54.337,48.988,1.0,0.0663,1.0,0.009453
90,54,418,75.625,111.414,1.0,0.0406,1.0,0.005785
90,0,1546,79.656,68.637,1.0,0.0694,1.0,0.009891
90,21,319,60.407,148.878,1.0,0.0243,1.0,0.003458
90,27,352,62.234,81.394,1.0,0.0457,1.0,0.006517
90,15,4958,71.575,72.905,1.0,0.0587,1.0,0.008367
90,44,74,65.392,30.426,1.0,0.1285,1.0,0.018317
90,51,262,98.694,83.761,1.0,0.0705,1.0,0.010042
90,67,412,58.937,127.004,1.0,0.0278,1.0,0.003955
90,41,121,38.477,11.468,1.0,0.2007,1.0,0.028597
90,64,1469,98.417,10.858,1.0,0.5421,1.0,0.077251
90,9,492,94.82,49.535,1.0,0.1145,1.0,0.016314
90,6,350,44.893,91.387,1.0,0.0294,1.0,0.004187
90,8,464,80.868,125.882,1.0,0.0384,1.0,0.005475
91,4,55,91.504,16.198,1.0,0.3379,1.0,0.048147
91,32,221,90.494,80.505,1.0,0.0672,1.0,0.00958
91,53,133,58.731,137.43,1.0,0.0256,1.0,0.003642
91,44,74,65.392,30.426,1.0,0.1285,1.0,0.018317
91,60,184,24.399,89.962,1.0,0.0162,1.0,0.002312
91,54,418,75.625,111.414,1.0,0.0406,1.0,0.005785
91,22,74,94.914,80.884,1.0,0.0702,1.0,0.010001
91,63,251,67.438,148.762,1.0,0.0271,1.0,0.003864
91,64,1469,98.417,10.858,1.0,0.5421,1.0,0.077251
91,51,262,98.694,83.761,1.0,0.0705,1.0,0.010042
91,9,492,94.82,49.535,1.0,0.1145,1.0,0.016314
91,61,700,38.141,37.526,1.0,0.0608,1.0,0.008663
91,12,54,30.021,80.194,1.0,0.0224,1.0,0.003191
91,33,324,29.196,27.204,1.0,0.0642,1.0,0.009147
91,14,643,75.351,7.451,1.0,0.6048,1.0,0.086192
91,20,301,64.839,113.427,1.0,0.0342,1.0,0.004872
91,21,319,60.407,148.878,1.0,0.0243,1.0,0.003458
91,29,426,32.807,81.493,1.0,0.0241,1.0,0.003431
91,58,388,85.148,91.5,1.0,0.0557,1.0,0.007931
91,27,352,62.234,81.394,1.0,0.0457,1.0,0.006517
91,43,337,13.989,73.407,1.0,0.0114,1.0,0.001624
91,62,732,85.471,105.361,1.0,0.0485,1.0,0.006914
91,39,201,49.07,35.686,1.0,0.0822,1.0,0.011719
91,55,517,70.685,67.685,1.0,0.0625,1.0,0.008901
91,17,290,62.897,124.78,1.0,0.0301,1.0,0.004296
91,41,121,38.477,11.468,1.0,0.2007,1.0,0.028597
91,50,813,64.078,15.999,1.0,0.2395,1.0,0.034136
91,40,224,99.787,128.944,1.0,0.0463,1.0,0.006596
91,42,122,75.889,135.53,1.0,0.0335,1.0,0.004772
91,66,410,87.039,96.68,1.0,0.0538,1.0,0.007673
91,25,672,47.29,23.406,1.0,0.1208,1.0,0.01722
91,31,133,54.337,48.988,1.0,0.0663,1.0,0.009453
91,69,225,23.83,29.549,1.0,0.0482,1.0,0.006873
91,59,1597,94.918,57.116,1.0,0.0994,1.0,0.014164
91,18,662,39.186,8.936,1.0,0.2623,1.0,0.037373
91,45,415,61.368,118.613,1.0,0.0309,1.0,0.00441
91,11,679,11.001,109.242,1.0,0.006,1.0,0.000858
91,35,349,80.734,84.92,1.0,0.0569,1.0,0.008103
91,68,802,93.744,79.303,1.0,0.0707,1.0,0.010075
91,48,905,43.51,103.875,1.0,0.0251,1.0,0.00357
91,65,412,68.368,74.265,1.0,0.0551,1.0,0.007846
91,7,41,42.657,91.017,1.0,0.028,1.0,0.003994
91,49,1050,35.477,136.986,1.0,0.0155,1.0,0.002207
91,56,579,94.929,128.443,1.0,0.0442,1.0,0.006299
91,8,464,80.868,125.882,1.0,0.0384,1.0,0.005475
91,24,508,93.136,105.459,1.0,0.0528,1.0,0.007527
91,46,910,28.562,106.962,1.0,0.016,1.0,0.002276
91,15,4958,71.575,72.905,1.0,0.0587,1.0,0.008367
91,0,1546,79.656,68.637,1.0,0.0694,1.0,0.009891
91,1,70,68.707,11.347,1.0,0.3621,1.0,0.051605
91,34,252,82.57,147.901,1.0,0.0334,1.0,0.004758
91,10,1456,65.419,88.263,1.0,0.0443,1.0,0.006317
91,13,856,84.903,131.244,1.0,0.0387,1.0,0.005514
91,57,156,55.543,86.938,1.0,0.0382,1.0,0.005445
91,38,584,76.284,7.671,1.0,0.5948,1.0,0.084759
91,23,342,14.265,80.142,1.0,0.0106,1.0,0.001517
91,6,350,44.893,91.387,1.0,0.0294,1.0,0.004187
91,26,107,53.593,128.007,1.0,0.025,1.0,0.003568
91,37,52,92.764,15.385,1.0,0.3606,1.0,0.051388
91,67,412,58.937,127.004,1.0,0.0278,1.0,0.003955
91,2,357,21.031,42.426,1.0,0.0296,1.0,0.004225
91,3,95,61.582,81.631,1.0,0.0451,1.0,0.00643
91,28,126,44.266,109.952,1.0,0.0241,1.0,0.003431
91,30,943,85.405,5.968,1.0,0.8559,1.0,0.121969
91,52,287,31.57,119.36,1.0,0.0158,1.0,0.002254
91,16,851,37.811,132.576,1.0,0.0171,1.0,0.002431
91,47,276,61.82,116.641,1.0,0.0317,1.0,0.004517
91,19,565,43.694,116.931,1.0,0.0223,1.0,0.003185
91,5,330,76.762,114.282,1.0,0.0402,1.0,0.005725
91,36,259,47.698,137.695,1.0,0.0207,1.0,0.002952
