2026-08-14 09:01:06,513 - INFO - Thiet bi: cuda | pool 100 client | 30 round/task | Flower simulation (Ray)
2026-08-14 09:01:06,514 - INFO - Client co du lieu tung task: task0=50, task1=60, task2=70, task3=80, task4=100
2026-08-14 09:01:06,847 - INFO - Chay tiep tu checkpoint round 30
2026-08-14 09:01:06,847 - INFO - Tiep tuc: task0=30/30
2026-08-14 09:01:06,855 - INFO - [task 0] da xong 30/30 round — bo qua
2026-08-14 09:01:06,856 - INFO - Nap global test: /kaggle/input/datasets/tongxuanvu/100clientiov/global_test_data.pt
2026-08-14 09:01:31,091 - INFO - Global test goc: n=42048683
2026-08-14 09:01:32,852 - INFO - Task 1: loc ve lop 0-5 -> n=41971741
2026-08-14 09:01:32,852 - INFO - Danh gia moi round tren n=41971741 mau (dtype=float16)
2026-08-14 09:01:32,857 - INFO - ===== Task 1: 60 client, 30 round =====
2026-08-14 09:01:35,060 - INFO - setup plugin alembic.autogenerate.schemas
2026-08-14 09:01:35,060 - INFO - setup plugin alembic.autogenerate.tables
2026-08-14 09:01:35,060 - INFO - setup plugin alembic.autogenerate.types
2026-08-14 09:01:35,060 - INFO - setup plugin alembic.autogenerate.constraints
2026-08-14 09:01:35,060 - INFO - setup plugin alembic.autogenerate.defaults
2026-08-14 09:01:35,061 - INFO - setup plugin alembic.autogenerate.comments
2026-08-14 09:01:52,293 - WARNING - DEPRECATED FEATURE: flwr.simulation.start_simulation() is deprecated.
	Instead, use the `flwr run` CLI command to start a local simulation in your Flower app, as shown for example below:

		$ flwr new  # Create a new Flower app from a template

		$ flwr run  # Run the Flower app in Simulation Mode

	Using `start_simulation()` is deprecated.

            This is a deprecated feature. It will be removed
            entirely in future versions of Flower.
        
2026-08-14 09:01:52,293 - INFO - Starting Flower simulation, config: num_rounds=30, no round_timeout
2026-08-14 09:02:02,082 - INFO - Flower VCE: Ray initialized with resources: {'node:172.19.2.2': 1.0, 'object_store_memory': 8462064844.0, 'memory': 19744817972.0, 'GPU': 2.0, 'CPU': 4.0, 'node:__internal_head__': 1.0, 'accelerator_type:T4': 1.0}
2026-08-14 09:02:02,082 - INFO - Optimize your simulation with Flower VCE: https://flower.ai/docs/framework/how-to-run-simulations.html
2026-08-14 09:02:02,082 - INFO - Flower VCE: Resources for each Virtual Client: {'num_cpus': 1.0, 'num_gpus': 0.5}
2026-08-14 09:02:02,114 - INFO - Flower VCE: Creating VirtualClientEngineActorPool with 4 actors
2026-08-14 09:02:02,114 - INFO - [INIT]
2026-08-14 09:02:02,114 - INFO - Using initial global parameters provided by strategy
2026-08-14 09:02:02,114 - INFO - Starting evaluation of initial global parameters
2026-08-14 09:02:02,117 - INFO - Evaluation returned no results (`None`)
2026-08-14 09:02:02,117 - INFO - 
2026-08-14 09:02:02,118 - INFO - [ROUND 1]
2026-08-14 09:02:02,119 - INFO - configure_fit: strategy sampled 60 clients (out of 60)
2026-08-14 09:02:28,315 - INFO - aggregate_fit: received 60 results and 0 failures
2026-08-14 09:02:28,424 - INFO - [Round 1] tong hop 60 controller (paper) | trong so 0.0010..0.1411 entropy=3.366 train_loss=5.9255
2026-08-14 09:02:28,430 - INFO - [Round 31] luu checkpoint -> out_10shot/checkpoints_cnn/round_031.pth
2026-08-14 09:09:58,575 - INFO - [Round 31] loss=0.1980 acc=0.9935 | micro P/R/F1=0.9935/0.9935/0.9935 | macro P/R/F1=0.1656/0.1667/0.1661 | weighted P/R/F1=0.9871/0.9935/0.9903
2026-08-14 09:09:58,576 - INFO - fit progress: (1, 0.1980479032173462, {'accuracy': 0.993539724740034, 'micro_precision': 0.993539724740034, 'micro_recall': 0.993539724740034, 'micro_f1': 0.993539724740034, 'macro_precision': 0.16558995412333902, 'macro_recall': 0.16666666666666666, 'macro_f1': 0.1661265657948528, 'weighted_precision': 0.9871211846365026, 'weighted_recall': 0.993539724740034, 'weighted_f1': 0.9903200547109512}, 476.458961223)
2026-08-14 09:09:58,577 - INFO - configure_evaluate: no clients selected, skipping evaluation
2026-08-14 09:09:58,577 - INFO - 
2026-08-14 09:09:58,577 - INFO - [ROUND 2]
2026-08-14 09:09:58,577 - INFO - configure_fit: strategy sampled 60 clients (out of 60)
2026-08-14 09:10:01,143 - INFO - aggregate_fit: received 60 results and 0 failures
2026-08-14 09:10:01,233 - INFO - [Round 2] tong hop 60 controller (paper) | trong so 0.0010..0.1411 entropy=3.366 train_loss=3.3642
2026-08-14 09:10:01,237 - INFO - [Round 32] luu checkpoint -> out_10shot/checkpoints_cnn/round_032.pth
2026-08-14 09:17:31,607 - INFO - [Round 32] loss=0.7431 acc=0.9935 | micro P/R/F1=0.9935/0.9935/0.9935 | macro P/R/F1=0.1656/0.1667/0.1661 | weighted P/R/F1=0.9871/0.9935/0.9903
2026-08-14 09:17:31,608 - INFO - fit progress: (2, 0.7430517900092447, {'accuracy': 0.993539724740034, 'micro_precision': 0.993539724740034, 'micro_recall': 0.993539724740034, 'micro_f1': 0.993539724740034, 'macro_precision': 0.16558995412333902, 'macro_recall': 0.16666666666666666, 'macro_f1': 0.1661265657948528, 'weighted_precision': 0.9871211846365026, 'weighted_recall': 0.993539724740034, 'weighted_f1': 0.9903200547109512}, 929.490930685)
2026-08-14 09:17:31,609 - INFO - configure_evaluate: no clients selected, skipping evaluation
2026-08-14 09:17:31,609 - INFO - 
2026-08-14 09:17:31,609 - INFO - [ROUND 3]
2026-08-14 09:17:31,609 - INFO - configure_fit: strategy sampled 60 clients (out of 60)
2026-08-14 09:17:34,197 - INFO - aggregate_fit: received 60 results and 0 failures
2026-08-14 09:17:34,286 - INFO - [Round 3] tong hop 60 controller (paper) | trong so 0.0010..0.1411 entropy=3.366 train_loss=2.4223
2026-08-14 09:17:34,290 - INFO - [Round 33] luu checkpoint -> out_10shot/checkpoints_cnn/round_033.pth
2026-08-14 09:25:03,992 - INFO - [Round 33] loss=1.2447 acc=0.9781 | micro P/R/F1=0.9781/0.9781/0.9781 | macro P/R/F1=0.1656/0.1641/0.1648 | weighted P/R/F1=0.9872/0.9781/0.9826
2026-08-14 09:25:03,993 - INFO - fit progress: (3, 1.2446565447865194, {'accuracy': 0.978090758732167, 'micro_precision': 0.978090758732167, 'micro_recall': 0.978090758732167, 'micro_f1': 0.978090758732167, 'macro_precision': 0.16559717126428836, 'macro_recall': 0.16407509674363055, 'macro_f1': 0.16483262034650134, 'weighted_precision': 0.9871642077338959, 'weighted_recall': 0.978090758732167, 'weighted_f1': 0.982606537483449}, 1381.876000927)
2026-08-14 09:25:03,994 - INFO - configure_evaluate: no clients selected, skipping evaluation
2026-08-14 09:25:03,994 - INFO - 
2026-08-14 09:25:03,994 - INFO - [ROUND 4]
2026-08-14 09:25:03,994 - INFO - configure_fit: strategy sampled 60 clients (out of 60)
2026-08-14 09:25:07,025 - INFO - aggregate_fit: received 60 results and 0 failures
2026-08-14 09:25:07,118 - INFO - [Round 4] tong hop 60 controller (paper) | trong so 0.0010..0.1411 entropy=3.366 train_loss=1.9200
2026-08-14 09:25:07,123 - INFO - [Round 34] luu checkpoint -> out_10shot/checkpoints_cnn/round_034.pth
2026-08-14 09:32:36,280 - INFO - [Round 34] loss=1.6598 acc=0.9108 | micro P/R/F1=0.9108/0.9108/0.9108 | macro P/R/F1=0.1655/0.1534/0.1589 | weighted P/R/F1=0.9867/0.9108/0.9472
2026-08-14 09:32:36,281 - INFO - fit progress: (4, 1.659788872898323, {'accuracy': 0.9107787546863972, 'micro_precision': 0.9107787546863972, 'micro_recall': 0.9107787546863972, 'micro_f1': 0.9107787546863972, 'macro_precision': 0.16554732785021156, 'macro_recall': 0.1534289279344075, 'macro_f1': 0.15894770385904466, 'weighted_precision': 0.9867066449058206, 'weighted_recall': 0.9107787546863972, 'weighted_f1': 0.9472171225472951}, 1834.16348679)
2026-08-14 09:32:36,281 - INFO - configure_evaluate: no clients selected, skipping evaluation
2026-08-14 09:32:36,281 - INFO - 
2026-08-14 09:32:36,281 - INFO - [ROUND 5]
2026-08-14 09:32:36,282 - INFO - configure_fit: strategy sampled 60 clients (out of 60)
2026-08-14 09:32:38,728 - INFO - aggregate_fit: received 60 results and 0 failures
2026-08-14 09:32:38,817 - INFO - [Round 5] tong hop 60 controller (paper) | trong so 0.0010..0.1411 entropy=3.366 train_loss=1.6131
2026-08-14 09:32:38,821 - INFO - [Round 35] luu checkpoint -> out_10shot/checkpoints_cnn/round_035.pth
2026-08-14 09:40:07,334 - INFO - [Round 35] loss=1.9088 acc=0.9375 | micro P/R/F1=0.9375/0.9375/0.9375 | macro P/R/F1=0.1660/0.1638/0.1621 | weighted P/R/F1=0.9869/0.9375/0.9615
2026-08-14 09:40:10,248 - INFO - Luu out_10shot/confusion_matrix_cnn_task1.csv
2026-08-14 09:40:10,248 - INFO - Luu out_10shot/confusion_matrix_cnn_task1_normalized.csv
2026-08-14 09:40:19,068 - INFO - Luu out_10shot/classification_report_cnn_task1.txt
               precision    recall  f1-score   support

       Benign     0.9933    0.9435    0.9678  41700592
          DoS     0.0024    0.0395    0.0046    145129
       double     0.0000    0.0000    0.0000     12413
force-neutral     0.0000    0.0000    0.0000      5744
      fuzzing     0.0000    0.0000    0.0000     67321
     interval     0.0000    0.0000    0.0000     40542

     accuracy                         0.9375  41971741
    macro avg     0.1660    0.1638    0.1621  41971741
 weighted avg     0.9869    0.9375    0.9615  41971741

2026-08-14 09:40:19,374 - INFO - Luu out_10shot/confusion_matrix_cnn_task1.png
2026-08-14 09:40:19,375 - INFO - fit progress: (5, 1.9087976134795868, {'accuracy': 0.9375200566495443, 'micro_precision': 0.9375200566495443, 'micro_recall': 0.9375200566495443, 'micro_f1': 0.9375200566495443, 'macro_precision': 0.16595764965600315, 'macro_recall': 0.16382336411796825, 'macro_f1': 0.16205417151664112, 'weighted_precision': 0.9869141927712285, 'weighted_recall': 0.9375200566495443, 'weighted_f1': 0.9615232629700788}, 2297.257731994)
2026-08-14 09:40:19,375 - INFO - configure_evaluate: no clients selected, skipping evaluation
2026-08-14 09:40:19,376 - INFO - 
2026-08-14 09:40:19,376 - INFO - [ROUND 6]
2026-08-14 09:40:19,376 - INFO - configure_fit: strategy sampled 60 clients (out of 60)
2026-08-14 09:40:21,820 - INFO - aggregate_fit: received 60 results and 0 failures
2026-08-14 09:40:21,912 - INFO - [Round 6] tong hop 60 controller (paper) | trong so 0.0010..0.1411 entropy=3.366 train_loss=1.3824
2026-08-14 09:40:21,916 - INFO - [Round 36] luu checkpoint -> out_10shot/checkpoints_cnn/round_036.pth
2026-08-14 09:47:55,317 - INFO - [Round 36] loss=2.0135 acc=0.6376 | micro P/R/F1=0.6376/0.6376/0.6376 | macro P/R/F1=0.1659/0.2142/0.1308 | weighted P/R/F1=0.9864/0.6376/0.7737
2026-08-14 09:47:55,318 - INFO - fit progress: (6, 2.01350490704679, {'accuracy': 0.6375558974310834, 'micro_precision': 0.6375558974310834, 'micro_recall': 0.6375558974310834, 'micro_f1': 0.6375558974310834, 'macro_precision': 0.16594783472849775, 'macro_recall': 0.21416783116513696, 'macro_f1': 0.13075565943498196, 'weighted_precision': 0.9863838744353118, 'weighted_recall': 0.6375558974310834, 'weighted_f1': 0.7737498799424822}, 2753.2006819780004)
2026-08-14 09:47:55,318 - INFO - configure_evaluate: no clients selected, skipping evaluation
2026-08-14 09:47:55,319 - INFO - 
2026-08-14 09:47:55,319 - INFO - [ROUND 7]
2026-08-14 09:47:55,319 - INFO - configure_fit: strategy sampled 60 clients (out of 60)
2026-08-14 09:47:57,811 - INFO - aggregate_fit: received 60 results and 0 failures
2026-08-14 09:47:57,900 - INFO - [Round 7] tong hop 60 controller (paper) | trong so 0.0010..0.1411 entropy=3.366 train_loss=1.2066
2026-08-14 09:47:57,904 - INFO - [Round 37] luu checkpoint -> out_10shot/checkpoints_cnn/round_037.pth
2026-08-14 09:55:26,572 - INFO - [Round 37] loss=2.0057 acc=0.0047 | micro P/R/F1=0.0047/0.0047/0.0047 | macro P/R/F1=0.1669/0.1671/0.0016 | weighted P/R/F1=0.9933/0.0047/0.0062
2026-08-14 09:55:26,574 - INFO - fit progress: (7, 2.0056522475798366, {'accuracy': 0.0047172453484834, 'micro_precision': 0.0047172453484834, 'micro_recall': 0.0047172453484834, 'micro_f1': 0.0047172453484834, 'macro_precision': 0.1668951840800168, 'macro_recall': 0.16711229861093355, 'macro_f1': 0.0015767080471270928, 'weighted_precision': 0.993306709844776, 'weighted_recall': 0.0047172453484834, 'weighted_f1': 0.0062137343642737755}, 3204.456265539)
2026-08-14 09:55:26,574 - INFO - configure_evaluate: no clients selected, skipping evaluation
2026-08-14 09:55:26,574 - INFO - 
2026-08-14 09:55:26,574 - INFO - [ROUND 8]
2026-08-14 09:55:26,574 - INFO - configure_fit: strategy sampled 60 clients (out of 60)
2026-08-14 09:55:29,061 - INFO - aggregate_fit: received 60 results and 0 failures
2026-08-14 09:55:29,153 - INFO - [Round 8] tong hop 60 controller (paper) | trong so 0.0010..0.1411 entropy=3.366 train_loss=1.0573
2026-08-14 09:55:29,158 - INFO - [Round 38] luu checkpoint -> out_10shot/checkpoints_cnn/round_038.pth
2026-08-14 10:02:58,175 - INFO - [Round 38] loss=2.0009 acc=0.0016 | micro P/R/F1=0.0016/0.0016/0.0016 | macro P/R/F1=0.1669/0.1667/0.0005 | weighted P/R/F1=0.9935/0.0016/0.0000
2026-08-14 10:02:58,176 - INFO - fit progress: (8, 2.000890857930485, {'accuracy': 0.0016058900201447446, 'micro_precision': 0.0016058900201447446, 'micro_recall': 0.0016058900201447446, 'micro_f1': 0.0016058900201447446, 'macro_precision': 0.1669339938742793, 'macro_recall': 0.1666669904030779, 'macro_f1': 0.0005344456940605547, 'weighted_precision': 0.9935422974331625, 'weighted_recall': 0.0016058900201447446, 'weighted_f1': 8.996878784433668e-06}, 3656.058661593)
2026-08-14 10:02:58,176 - INFO - configure_evaluate: no clients selected, skipping evaluation
2026-08-14 10:02:58,177 - INFO - 
2026-08-14 10:02:58,177 - INFO - [ROUND 9]
2026-08-14 10:02:58,177 - INFO - configure_fit: strategy sampled 60 clients (out of 60)
2026-08-14 10:03:00,571 - INFO - aggregate_fit: received 60 results and 0 failures
2026-08-14 10:03:00,660 - INFO - [Round 9] tong hop 60 controller (paper) | trong so 0.0010..0.1411 entropy=3.366 train_loss=0.9187
2026-08-14 10:03:00,664 - INFO - [Round 39] luu checkpoint -> out_10shot/checkpoints_cnn/round_039.pth
2026-08-14 10:10:31,156 - INFO - [Round 39] loss=2.0073 acc=0.0016 | micro P/R/F1=0.0016/0.0016/0.0016 | macro P/R/F1=0.0003/0.1667/0.0005 | weighted P/R/F1=0.0000/0.0016/0.0000
2026-08-14 10:10:31,158 - INFO - fit progress: (9, 2.0072974237634464, {'accuracy': 0.001603960150235369, 'micro_precision': 0.001603960150235369, 'micro_recall': 0.001603960150235369, 'micro_f1': 0.001603960150235369, 'macro_precision': 0.00026732669170589484, 'macro_recall': 0.16666666666666666, 'macro_f1': 0.0005337971939843313, 'weighted_precision': 2.5726881635430674e-06, 'weighted_recall': 0.001603960150235369, 'weighted_f1': 5.137136564749959e-06}, 4109.040065452)
2026-08-14 10:10:31,158 - INFO - configure_evaluate: no clients selected, skipping evaluation
2026-08-14 10:10:31,158 - INFO - 
2026-08-14 10:10:31,158 - INFO - [ROUND 10]
2026-08-14 10:10:31,158 - INFO - configure_fit: strategy sampled 60 clients (out of 60)
2026-08-14 10:10:33,623 - INFO - aggregate_fit: received 60 results and 0 failures
2026-08-14 10:10:33,714 - INFO - [Round 10] tong hop 60 controller (paper) | trong so 0.0010..0.1411 entropy=3.366 train_loss=0.7997
2026-08-14 10:10:33,717 - INFO - [Round 40] luu checkpoint -> out_10shot/checkpoints_cnn/round_040.pth
2026-08-14 10:18:03,878 - INFO - [Round 40] loss=2.0362 acc=0.0016 | micro P/R/F1=0.0016/0.0016/0.0016 | macro P/R/F1=0.0003/0.1667/0.0005 | weighted P/R/F1=0.0000/0.0016/0.0000
2026-08-14 10:18:06,942 - INFO - Luu out_10shot/confusion_matrix_cnn_task1.csv
2026-08-14 10:18:06,942 - INFO - Luu out_10shot/confusion_matrix_cnn_task1_normalized.csv
2026-08-14 10:18:14,776 - INFO - Luu out_10shot/classification_report_cnn_task1.txt
               precision    recall  f1-score   support

       Benign     0.0000    0.0000    0.0000  41700592
          DoS     0.0000    0.0000    0.0000    145129
       double     0.0000    0.0000    0.0000     12413
force-neutral     0.0000    0.0000    0.0000      5744
      fuzzing     0.0016    1.0000    0.0032     67321
     interval     0.0000    0.0000    0.0000     40542

     accuracy                         0.0016  41971741
    macro avg     0.0003    0.1667    0.0005  41971741
 weighted avg     0.0000    0.0016    0.0000  41971741

2026-08-14 10:18:14,997 - INFO - Luu out_10shot/confusion_matrix_cnn_task1.png
2026-08-14 10:18:14,998 - INFO - fit progress: (10, 2.0362346900407453, {'accuracy': 0.001603960150235369, 'micro_precision': 0.001603960150235369, 'micro_recall': 0.001603960150235369, 'micro_f1': 0.001603960150235369, 'macro_precision': 0.00026732669170589484, 'macro_recall': 0.16666666666666666, 'macro_f1': 0.0005337971939843313, 'weighted_precision': 2.5726881635430674e-06, 'weighted_recall': 0.001603960150235369, 'weighted_f1': 5.137136564749959e-06}, 4572.880866027001)
2026-08-14 10:18:14,999 - INFO - configure_evaluate: no clients selected, skipping evaluation
2026-08-14 10:18:14,999 - INFO - 
2026-08-14 10:18:14,999 - INFO - [ROUND 11]
2026-08-14 10:18:14,999 - INFO - configure_fit: strategy sampled 60 clients (out of 60)
2026-08-14 10:18:17,972 - INFO - aggregate_fit: received 60 results and 0 failures
2026-08-14 10:18:18,068 - INFO - [Round 11] tong hop 60 controller (paper) | trong so 0.0010..0.1411 entropy=3.366 train_loss=0.6996
2026-08-14 10:18:18,072 - INFO - [Round 41] luu checkpoint -> out_10shot/checkpoints_cnn/round_041.pth
2026-08-14 10:25:49,277 - INFO - [Round 41] loss=2.0780 acc=0.0016 | micro P/R/F1=0.0016/0.0016/0.0016 | macro P/R/F1=0.0003/0.1667/0.0005 | weighted P/R/F1=0.0000/0.0016/0.0000
2026-08-14 10:25:49,278 - INFO - fit progress: (11, 2.0780273790032857, {'accuracy': 0.001603960150235369, 'micro_precision': 0.001603960150235369, 'micro_recall': 0.001603960150235369, 'micro_f1': 0.001603960150235369, 'macro_precision': 0.00026732669170589484, 'macro_recall': 0.16666666666666666, 'macro_f1': 0.0005337971939843313, 'weighted_precision': 2.5726881635430674e-06, 'weighted_recall': 0.001603960150235369, 'weighted_f1': 5.137136564749959e-06}, 5027.160626225)
2026-08-14 10:25:49,278 - INFO - configure_evaluate: no clients selected, skipping evaluation
2026-08-14 10:25:49,278 - INFO - 
2026-08-14 10:25:49,279 - INFO - [ROUND 12]
2026-08-14 10:25:49,279 - INFO - configure_fit: strategy sampled 60 clients (out of 60)
2026-08-14 10:25:51,715 - INFO - aggregate_fit: received 60 results and 0 failures
2026-08-14 10:25:51,803 - INFO - [Round 12] tong hop 60 controller (paper) | trong so 0.0010..0.1411 entropy=3.366 train_loss=0.6175
2026-08-14 10:25:51,807 - INFO - [Round 42] luu checkpoint -> out_10shot/checkpoints_cnn/round_042.pth
2026-08-14 10:33:23,836 - INFO - [Round 42] loss=2.1580 acc=0.0016 | micro P/R/F1=0.0016/0.0016/0.0016 | macro P/R/F1=0.0003/0.1667/0.0005 | weighted P/R/F1=0.0000/0.0016/0.0000
2026-08-14 10:33:23,837 - INFO - fit progress: (12, 2.1580329909978855, {'accuracy': 0.001603960150235369, 'micro_precision': 0.001603960150235369, 'micro_recall': 0.001603960150235369, 'micro_f1': 0.001603960150235369, 'macro_precision': 0.00026732669170589484, 'macro_recall': 0.16666666666666666, 'macro_f1': 0.0005337971939843313, 'weighted_precision': 2.5726881635430674e-06, 'weighted_recall': 0.001603960150235369, 'weighted_f1': 5.137136564749959e-06}, 5481.719786898)
2026-08-14 10:33:23,838 - INFO - configure_evaluate: no clients selected, skipping evaluation
2026-08-14 10:33:23,838 - INFO - 
2026-08-14 10:33:23,838 - INFO - [ROUND 13]
2026-08-14 10:33:23,838 - INFO - configure_fit: strategy sampled 60 clients (out of 60)
2026-08-14 10:33:26,296 - INFO - aggregate_fit: received 60 results and 0 failures
2026-08-14 10:33:26,387 - INFO - [Round 13] tong hop 60 controller (paper) | trong so 0.0010..0.1411 entropy=3.366 train_loss=0.5502
2026-08-14 10:33:26,391 - INFO - [Round 43] luu checkpoint -> out_10shot/checkpoints_cnn/round_043.pth
2026-08-14 10:40:54,220 - INFO - [Round 43] loss=2.2526 acc=0.0016 | micro P/R/F1=0.0016/0.0016/0.0016 | macro P/R/F1=0.0003/0.1667/0.0005 | weighted P/R/F1=0.0000/0.0016/0.0000
2026-08-14 10:40:54,221 - INFO - fit progress: (13, 2.252642486683565, {'accuracy': 0.001603960150235369, 'micro_precision': 0.001603960150235369, 'micro_recall': 0.001603960150235369, 'micro_f1': 0.001603960150235369, 'macro_precision': 0.00026732669170589484, 'macro_recall': 0.16666666666666666, 'macro_f1': 0.0005337971939843313, 'weighted_precision': 2.5726881635430674e-06, 'weighted_recall': 0.001603960150235369, 'weighted_f1': 5.137136564749959e-06}, 5932.104015254)
2026-08-14 10:40:54,222 - INFO - configure_evaluate: no clients selected, skipping evaluation
2026-08-14 10:40:54,222 - INFO - 
2026-08-14 10:40:54,222 - INFO - [ROUND 14]
2026-08-14 10:40:54,222 - INFO - configure_fit: strategy sampled 60 clients (out of 60)
2026-08-14 10:40:56,641 - INFO - aggregate_fit: received 60 results and 0 failures
2026-08-14 10:40:56,734 - INFO - [Round 14] tong hop 60 controller (paper) | trong so 0.0010..0.1411 entropy=3.366 train_loss=0.4988
2026-08-14 10:40:56,738 - INFO - [Round 44] luu checkpoint -> out_10shot/checkpoints_cnn/round_044.pth
2026-08-14 10:48:23,576 - INFO - [Round 44] loss=2.3747 acc=0.0016 | micro P/R/F1=0.0016/0.0016/0.0016 | macro P/R/F1=0.0003/0.1667/0.0005 | weighted P/R/F1=0.0000/0.0016/0.0000
2026-08-14 10:48:23,577 - INFO - fit progress: (14, 2.3746718775821236, {'accuracy': 0.001603960150235369, 'micro_precision': 0.001603960150235369, 'micro_recall': 0.001603960150235369, 'micro_f1': 0.001603960150235369, 'macro_precision': 0.00026732669170589484, 'macro_recall': 0.16666666666666666, 'macro_f1': 0.0005337971939843313, 'weighted_precision': 2.5726881635430674e-06, 'weighted_recall': 0.001603960150235369, 'weighted_f1': 5.137136564749959e-06}, 6381.459779439)
2026-08-14 10:48:23,577 - INFO - configure_evaluate: no clients selected, skipping evaluation
2026-08-14 10:48:23,578 - INFO - 
2026-08-14 10:48:23,578 - INFO - [ROUND 15]
2026-08-14 10:48:23,578 - INFO - configure_fit: strategy sampled 60 clients (out of 60)
2026-08-14 10:48:26,105 - INFO - aggregate_fit: received 60 results and 0 failures
2026-08-14 10:48:26,194 - INFO - [Round 15] tong hop 60 controller (paper) | trong so 0.0010..0.1411 entropy=3.366 train_loss=0.4576
2026-08-14 10:48:26,198 - INFO - [Round 45] luu checkpoint -> out_10shot/checkpoints_cnn/round_045.pth
2026-08-14 10:55:54,171 - INFO - [Round 45] loss=2.4797 acc=0.0016 | micro P/R/F1=0.0016/0.0016/0.0016 | macro P/R/F1=0.0003/0.1667/0.0005 | weighted P/R/F1=0.0000/0.0016/0.0000
2026-08-14 10:55:56,921 - INFO - Luu out_10shot/confusion_matrix_cnn_task1.csv
2026-08-14 10:55:56,922 - INFO - Luu out_10shot/confusion_matrix_cnn_task1_normalized.csv
2026-08-14 10:56:04,503 - INFO - Luu out_10shot/classification_report_cnn_task1.txt
               precision    recall  f1-score   support

       Benign     0.0000    0.0000    0.0000  41700592
          DoS     0.0000    0.0000    0.0000    145129
       double     0.0000    0.0000    0.0000     12413
force-neutral     0.0000    0.0000    0.0000      5744
      fuzzing     0.0016    1.0000    0.0032     67321
     interval     0.0000    0.0000    0.0000     40542

     accuracy                         0.0016  41971741
    macro avg     0.0003    0.1667    0.0005  41971741
 weighted avg     0.0000    0.0016    0.0000  41971741

2026-08-14 10:56:04,715 - INFO - Luu out_10shot/confusion_matrix_cnn_task1.png
2026-08-14 10:56:04,716 - INFO - fit progress: (15, 2.4797478321820474, {'accuracy': 0.001603960150235369, 'micro_precision': 0.001603960150235369, 'micro_recall': 0.001603960150235369, 'micro_f1': 0.001603960150235369, 'macro_precision': 0.00026732669170589484, 'macro_recall': 0.16666666666666666, 'macro_f1': 0.0005337971939843313, 'weighted_precision': 2.5726881635430674e-06, 'weighted_recall': 0.001603960150235369, 'weighted_f1': 5.137136564749959e-06}, 6842.598868145)
2026-08-14 10:56:04,717 - INFO - configure_evaluate: no clients selected, skipping evaluation
2026-08-14 10:56:04,717 - INFO - 
2026-08-14 10:56:04,717 - INFO - [ROUND 16]
2026-08-14 10:56:04,717 - INFO - configure_fit: strategy sampled 60 clients (out of 60)
2026-08-14 10:56:07,134 - INFO - aggregate_fit: received 60 results and 0 failures
2026-08-14 10:56:07,223 - INFO - [Round 16] tong hop 60 controller (paper) | trong so 0.0010..0.1411 entropy=3.366 train_loss=0.4275
2026-08-14 10:56:07,227 - INFO - [Round 46] luu checkpoint -> out_10shot/checkpoints_cnn/round_046.pth
2026-08-14 11:03:38,042 - INFO - [Round 46] loss=2.6075 acc=0.0016 | micro P/R/F1=0.0016/0.0016/0.0016 | macro P/R/F1=0.0003/0.1667/0.0005 | weighted P/R/F1=0.0000/0.0016/0.0000
2026-08-14 11:03:38,044 - INFO - fit progress: (16, 2.6074698522372883, {'accuracy': 0.001603960150235369, 'micro_precision': 0.001603960150235369, 'micro_recall': 0.001603960150235369, 'micro_f1': 0.001603960150235369, 'macro_precision': 0.00026732669170589484, 'macro_recall': 0.16666666666666666, 'macro_f1': 0.0005337971939843313, 'weighted_precision': 2.5726881635430674e-06, 'weighted_recall': 0.001603960150235369, 'weighted_f1': 5.137136564749959e-06}, 7295.9263322960005)
2026-08-14 11:03:38,044 - INFO - configure_evaluate: no clients selected, skipping evaluation
2026-08-14 11:03:38,044 - INFO - 
2026-08-14 11:03:38,044 - INFO - [ROUND 17]
2026-08-14 11:03:38,044 - INFO - configure_fit: strategy sampled 60 clients (out of 60)
2026-08-14 11:03:40,511 - INFO - aggregate_fit: received 60 results and 0 failures
2026-08-14 11:03:40,604 - INFO - [Round 17] tong hop 60 controller (paper) | trong so 0.0010..0.1411 entropy=3.366 train_loss=0.3999
2026-08-14 11:03:40,609 - INFO - [Round 47] luu checkpoint -> out_10shot/checkpoints_cnn/round_047.pth
2026-08-14 11:11:10,374 - INFO - [Round 47] loss=2.7245 acc=0.0016 | micro P/R/F1=0.0016/0.0016/0.0016 | macro P/R/F1=0.0003/0.1667/0.0005 | weighted P/R/F1=0.0000/0.0016/0.0000
2026-08-14 11:11:10,375 - INFO - fit progress: (17, 2.724452269742677, {'accuracy': 0.001603960150235369, 'micro_precision': 0.001603960150235369, 'micro_recall': 0.001603960150235369, 'micro_f1': 0.001603960150235369, 'macro_precision': 0.00026732669170589484, 'macro_recall': 0.16666666666666666, 'macro_f1': 0.0005337971939843313, 'weighted_precision': 2.5726881635430674e-06, 'weighted_recall': 0.001603960150235369, 'weighted_f1': 5.137136564749959e-06}, 7748.257880210001)
2026-08-14 11:11:10,376 - INFO - configure_evaluate: no clients selected, skipping evaluation
2026-08-14 11:11:10,376 - INFO - 
2026-08-14 11:11:10,376 - INFO - [ROUND 18]
2026-08-14 11:11:10,376 - INFO - configure_fit: strategy sampled 60 clients (out of 60)
2026-08-14 11:11:12,823 - INFO - aggregate_fit: received 60 results and 0 failures
2026-08-14 11:11:12,912 - INFO - [Round 18] tong hop 60 controller (paper) | trong so 0.0010..0.1411 entropy=3.366 train_loss=0.3783
2026-08-14 11:11:12,916 - INFO - [Round 48] luu checkpoint -> out_10shot/checkpoints_cnn/round_048.pth
2026-08-14 11:18:41,655 - INFO - [Round 48] loss=2.8403 acc=0.0016 | micro P/R/F1=0.0016/0.0016/0.0016 | macro P/R/F1=0.0003/0.1667/0.0005 | weighted P/R/F1=0.0000/0.0016/0.0000
2026-08-14 11:18:41,656 - INFO - fit progress: (18, 2.8403263371917626, {'accuracy': 0.001603960150235369, 'micro_precision': 0.001603960150235369, 'micro_recall': 0.001603960150235369, 'micro_f1': 0.001603960150235369, 'macro_precision': 0.00026732669170589484, 'macro_recall': 0.16666666666666666, 'macro_f1': 0.0005337971939843313, 'weighted_precision': 2.5726881635430674e-06, 'weighted_recall': 0.001603960150235369, 'weighted_f1': 5.137136564749959e-06}, 8199.538947372)
2026-08-14 11:18:41,657 - INFO - configure_evaluate: no clients selected, skipping evaluation
2026-08-14 11:18:41,657 - INFO - 
2026-08-14 11:18:41,657 - INFO - [ROUND 19]
2026-08-14 11:18:41,657 - INFO - configure_fit: strategy sampled 60 clients (out of 60)
2026-08-14 11:18:44,131 - INFO - aggregate_fit: received 60 results and 0 failures
2026-08-14 11:18:44,222 - INFO - [Round 19] tong hop 60 controller (paper) | trong so 0.0010..0.1411 entropy=3.366 train_loss=0.3595
2026-08-14 11:18:44,226 - INFO - [Round 49] luu checkpoint -> out_10shot/checkpoints_cnn/round_049.pth
2026-08-14 11:26:11,523 - INFO - [Round 49] loss=2.9575 acc=0.0016 | micro P/R/F1=0.0016/0.0016/0.0016 | macro P/R/F1=0.0003/0.1667/0.0005 | weighted P/R/F1=0.0000/0.0016/0.0000
2026-08-14 11:26:11,524 - INFO - fit progress: (19, 2.957490391651231, {'accuracy': 0.001603960150235369, 'micro_precision': 0.001603960150235369, 'micro_recall': 0.001603960150235369, 'micro_f1': 0.001603960150235369, 'macro_precision': 0.00026732669170589484, 'macro_recall': 0.16666666666666666, 'macro_f1': 0.0005337971939843313, 'weighted_precision': 2.5726881635430674e-06, 'weighted_recall': 0.001603960150235369, 'weighted_f1': 5.137136564749959e-06}, 8649.40702657)
2026-08-14 11:26:11,525 - INFO - configure_evaluate: no clients selected, skipping evaluation
2026-08-14 11:26:11,525 - INFO - 
2026-08-14 11:26:11,525 - INFO - [ROUND 20]
2026-08-14 11:26:11,525 - INFO - configure_fit: strategy sampled 60 clients (out of 60)
2026-08-14 11:26:14,619 - INFO - aggregate_fit: received 60 results and 0 failures
2026-08-14 11:26:14,713 - INFO - [Round 20] tong hop 60 controller (paper) | trong so 0.0010..0.1411 entropy=3.366 train_loss=0.3452
2026-08-14 11:26:14,717 - INFO - [Round 50] luu checkpoint -> out_10shot/checkpoints_cnn/round_050.pth
2026-08-14 11:33:44,327 - INFO - [Round 50] loss=3.0985 acc=0.0016 | micro P/R/F1=0.0016/0.0016/0.0016 | macro P/R/F1=0.0003/0.1667/0.0005 | weighted P/R/F1=0.0000/0.0016/0.0000
2026-08-14 11:33:47,111 - INFO - Luu out_10shot/confusion_matrix_cnn_task1.csv
2026-08-14 11:33:47,111 - INFO - Luu out_10shot/confusion_matrix_cnn_task1_normalized.csv
2026-08-14 11:33:54,646 - INFO - Luu out_10shot/classification_report_cnn_task1.txt
               precision    recall  f1-score   support

       Benign     0.0000    0.0000    0.0000  41700592
          DoS     0.0000    0.0000    0.0000    145129
       double     0.0000    0.0000    0.0000     12413
force-neutral     0.0000    0.0000    0.0000      5744
      fuzzing     0.0016    1.0000    0.0032     67321
     interval     0.0000    0.0000    0.0000     40542

     accuracy                         0.0016  41971741
    macro avg     0.0003    0.1667    0.0005  41971741
 weighted avg     0.0000    0.0016    0.0000  41971741

2026-08-14 11:33:54,862 - INFO - Luu out_10shot/confusion_matrix_cnn_task1.png
2026-08-14 11:33:54,863 - INFO - fit progress: (20, 3.0985384498556363, {'accuracy': 0.001603960150235369, 'micro_precision': 0.001603960150235369, 'micro_recall': 0.001603960150235369, 'micro_f1': 0.001603960150235369, 'macro_precision': 0.00026732669170589484, 'macro_recall': 0.16666666666666666, 'macro_f1': 0.0005337971939843313, 'weighted_precision': 2.5726881635430674e-06, 'weighted_recall': 0.001603960150235369, 'weighted_f1': 5.137136564749959e-06}, 9112.745808346)
2026-08-14 11:33:54,864 - INFO - configure_evaluate: no clients selected, skipping evaluation
2026-08-14 11:33:54,864 - INFO - 
2026-08-14 11:33:54,864 - INFO - [ROUND 21]
2026-08-14 11:33:54,864 - INFO - configure_fit: strategy sampled 60 clients (out of 60)
2026-08-14 11:33:57,253 - INFO - aggregate_fit: received 60 results and 0 failures
2026-08-14 11:33:57,342 - INFO - [Round 21] tong hop 60 controller (paper) | trong so 0.0010..0.1411 entropy=3.366 train_loss=0.3322
2026-08-14 11:33:57,347 - INFO - [Round 51] luu checkpoint -> out_10shot/checkpoints_cnn/round_051.pth
2026-08-14 11:41:27,678 - INFO - [Round 51] loss=3.2022 acc=0.0016 | micro P/R/F1=0.0016/0.0016/0.0016 | macro P/R/F1=0.0003/0.1667/0.0005 | weighted P/R/F1=0.0000/0.0016/0.0000
2026-08-14 11:41:27,679 - INFO - fit progress: (21, 3.2022444208463035, {'accuracy': 0.001603960150235369, 'micro_precision': 0.001603960150235369, 'micro_recall': 0.001603960150235369, 'micro_f1': 0.001603960150235369, 'macro_precision': 0.00026732669170589484, 'macro_recall': 0.16666666666666666, 'macro_f1': 0.0005337971939843313, 'weighted_precision': 2.5726881635430674e-06, 'weighted_recall': 0.001603960150235369, 'weighted_f1': 5.137136564749959e-06}, 9565.561960427)
2026-08-14 11:41:27,680 - INFO - configure_evaluate: no clients selected, skipping evaluation
2026-08-14 11:41:27,680 - INFO - 
2026-08-14 11:41:27,680 - INFO - [ROUND 22]
2026-08-14 11:41:27,680 - INFO - configure_fit: strategy sampled 60 clients (out of 60)
2026-08-14 11:41:30,080 - INFO - aggregate_fit: received 60 results and 0 failures
2026-08-14 11:41:30,171 - INFO - [Round 22] tong hop 60 controller (paper) | trong so 0.0010..0.1411 entropy=3.366 train_loss=0.3238
2026-08-14 11:41:30,175 - INFO - [Round 52] luu checkpoint -> out_10shot/checkpoints_cnn/round_052.pth
2026-08-14 11:49:00,499 - INFO - [Round 52] loss=3.2900 acc=0.0016 | micro P/R/F1=0.0016/0.0016/0.0016 | macro P/R/F1=0.0003/0.1667/0.0005 | weighted P/R/F1=0.0000/0.0016/0.0000
2026-08-14 11:49:00,501 - INFO - fit progress: (22, 3.2900004054679246, {'accuracy': 0.001603960150235369, 'micro_precision': 0.001603960150235369, 'micro_recall': 0.001603960150235369, 'micro_f1': 0.001603960150235369, 'macro_precision': 0.00026732669170589484, 'macro_recall': 0.16666666666666666, 'macro_f1': 0.0005337971939843313, 'weighted_precision': 2.5726881635430674e-06, 'weighted_recall': 0.001603960150235369, 'weighted_f1': 5.137136564749959e-06}, 10018.383407965)
2026-08-14 11:49:00,501 - INFO - configure_evaluate: no clients selected, skipping evaluation
2026-08-14 11:49:00,501 - INFO - 
2026-08-14 11:49:00,501 - INFO - [ROUND 23]
2026-08-14 11:49:00,501 - INFO - configure_fit: strategy sampled 60 clients (out of 60)
2026-08-14 11:49:02,962 - INFO - aggregate_fit: received 60 results and 0 failures
2026-08-14 11:49:03,054 - INFO - [Round 23] tong hop 60 controller (paper) | trong so 0.0010..0.1411 entropy=3.366 train_loss=0.3155
2026-08-14 11:49:03,058 - INFO - [Round 53] luu checkpoint -> out_10shot/checkpoints_cnn/round_053.pth
2026-08-14 11:56:31,587 - INFO - [Round 53] loss=3.3861 acc=0.0016 | micro P/R/F1=0.0016/0.0016/0.0016 | macro P/R/F1=0.0003/0.1667/0.0005 | weighted P/R/F1=0.0000/0.0016/0.0000
2026-08-14 11:56:31,588 - INFO - fit progress: (23, 3.3861132766426216, {'accuracy': 0.001603960150235369, 'micro_precision': 0.001603960150235369, 'micro_recall': 0.001603960150235369, 'micro_f1': 0.001603960150235369, 'macro_precision': 0.00026732669170589484, 'macro_recall': 0.16666666666666666, 'macro_f1': 0.0005337971939843313, 'weighted_precision': 2.5726881635430674e-06, 'weighted_recall': 0.001603960150235369, 'weighted_f1': 5.137136564749959e-06}, 10469.470560119)
2026-08-14 11:56:31,588 - INFO - configure_evaluate: no clients selected, skipping evaluation
2026-08-14 11:56:31,588 - INFO - 
2026-08-14 11:56:31,589 - INFO - [ROUND 24]
2026-08-14 11:56:31,589 - INFO - configure_fit: strategy sampled 60 clients (out of 60)
2026-08-14 11:56:33,998 - INFO - aggregate_fit: received 60 results and 0 failures
2026-08-14 11:56:34,113 - INFO - [Round 24] tong hop 60 controller (paper) | trong so 0.0010..0.1411 entropy=3.366 train_loss=0.3082
2026-08-14 11:56:34,118 - INFO - [Round 54] luu checkpoint -> out_10shot/checkpoints_cnn/round_054.pth
2026-08-14 12:04:03,430 - INFO - [Round 54] loss=3.4489 acc=0.0016 | micro P/R/F1=0.0016/0.0016/0.0016 | macro P/R/F1=0.0003/0.1667/0.0005 | weighted P/R/F1=0.0000/0.0016/0.0000
2026-08-14 12:04:03,432 - INFO - fit progress: (24, 3.4489397724143793, {'accuracy': 0.001603960150235369, 'micro_precision': 0.001603960150235369, 'micro_recall': 0.001603960150235369, 'micro_f1': 0.001603960150235369, 'macro_precision': 0.00026732669170589484, 'macro_recall': 0.16666666666666666, 'macro_f1': 0.0005337971939843313, 'weighted_precision': 2.5726881635430674e-06, 'weighted_recall': 0.001603960150235369, 'weighted_f1': 5.137136564749959e-06}, 10921.314464369)
2026-08-14 12:04:03,432 - INFO - configure_evaluate: no clients selected, skipping evaluation
2026-08-14 12:04:03,432 - INFO - 
2026-08-14 12:04:03,432 - INFO - [ROUND 25]
2026-08-14 12:04:03,433 - INFO - configure_fit: strategy sampled 60 clients (out of 60)
2026-08-14 12:04:05,980 - INFO - aggregate_fit: received 60 results and 0 failures
2026-08-14 12:04:06,070 - INFO - [Round 25] tong hop 60 controller (paper) | trong so 0.0010..0.1411 entropy=3.366 train_loss=0.3013
2026-08-14 12:04:06,074 - INFO - [Round 55] luu checkpoint -> out_10shot/checkpoints_cnn/round_055.pth
2026-08-14 12:11:34,073 - INFO - [Round 55] loss=3.5382 acc=0.0016 | micro P/R/F1=0.0016/0.0016/0.0016 | macro P/R/F1=0.0003/0.1667/0.0005 | weighted P/R/F1=0.0000/0.0016/0.0000
2026-08-14 12:11:36,879 - INFO - Luu out_10shot/confusion_matrix_cnn_task1.csv
2026-08-14 12:11:36,880 - INFO - Luu out_10shot/confusion_matrix_cnn_task1_normalized.csv
2026-08-14 12:11:44,474 - INFO - Luu out_10shot/classification_report_cnn_task1.txt
               precision    recall  f1-score   support

       Benign     0.0000    0.0000    0.0000  41700592
          DoS     0.0000    0.0000    0.0000    145129
       double     0.0000    0.0000    0.0000     12413
force-neutral     0.0000    0.0000    0.0000      5744
      fuzzing     0.0016    1.0000    0.0032     67321
     interval     0.0000    0.0000    0.0000     40542

     accuracy                         0.0016  41971741
    macro avg     0.0003    0.1667    0.0005  41971741
 weighted avg     0.0000    0.0016    0.0000  41971741

2026-08-14 12:11:44,689 - INFO - Luu out_10shot/confusion_matrix_cnn_task1.png
2026-08-14 12:11:44,691 - INFO - fit progress: (25, 3.538154435799887, {'accuracy': 0.001603960150235369, 'micro_precision': 0.001603960150235369, 'micro_recall': 0.001603960150235369, 'micro_f1': 0.001603960150235369, 'macro_precision': 0.00026732669170589484, 'macro_recall': 0.16666666666666666, 'macro_f1': 0.0005337971939843313, 'weighted_precision': 2.5726881635430674e-06, 'weighted_recall': 0.001603960150235369, 'weighted_f1': 5.137136564749959e-06}, 11382.57312031)
2026-08-14 12:11:44,691 - INFO - configure_evaluate: no clients selected, skipping evaluation
2026-08-14 12:11:44,691 - INFO - 
2026-08-14 12:11:44,691 - INFO - [ROUND 26]
2026-08-14 12:11:44,691 - INFO - configure_fit: strategy sampled 60 clients (out of 60)
2026-08-14 12:11:47,108 - INFO - aggregate_fit: received 60 results and 0 failures
2026-08-14 12:11:47,198 - INFO - [Round 26] tong hop 60 controller (paper) | trong so 0.0010..0.1411 entropy=3.366 train_loss=0.2963
2026-08-14 12:11:47,202 - INFO - [Round 56] luu checkpoint -> out_10shot/checkpoints_cnn/round_056.pth
2026-08-14 12:19:15,728 - INFO - [Round 56] loss=3.5990 acc=0.0016 | micro P/R/F1=0.0016/0.0016/0.0016 | macro P/R/F1=0.0003/0.1667/0.0005 | weighted P/R/F1=0.0000/0.0016/0.0000
2026-08-14 12:19:15,729 - INFO - fit progress: (26, 3.598990863440653, {'accuracy': 0.001603960150235369, 'micro_precision': 0.001603960150235369, 'micro_recall': 0.001603960150235369, 'micro_f1': 0.001603960150235369, 'macro_precision': 0.00026732669170589484, 'macro_recall': 0.16666666666666666, 'macro_f1': 0.0005337971939843313, 'weighted_precision': 2.5726881635430674e-06, 'weighted_recall': 0.001603960150235369, 'weighted_f1': 5.137136564749959e-06}, 11833.611350768)
2026-08-14 12:19:15,729 - INFO - configure_evaluate: no clients selected, skipping evaluation
2026-08-14 12:19:15,729 - INFO - 
2026-08-14 12:19:15,729 - INFO - [ROUND 27]
2026-08-14 12:19:15,729 - INFO - configure_fit: strategy sampled 60 clients (out of 60)
2026-08-14 12:19:18,174 - INFO - aggregate_fit: received 60 results and 0 failures
2026-08-14 12:19:18,263 - INFO - [Round 27] tong hop 60 controller (paper) | trong so 0.0010..0.1411 entropy=3.366 train_loss=0.2901
2026-08-14 12:19:18,267 - INFO - [Round 57] luu checkpoint -> out_10shot/checkpoints_cnn/round_057.pth
2026-08-14 12:26:46,502 - INFO - [Round 57] loss=3.6574 acc=0.0016 | micro P/R/F1=0.0016/0.0016/0.0016 | macro P/R/F1=0.0003/0.1667/0.0005 | weighted P/R/F1=0.0000/0.0016/0.0000
2026-08-14 12:26:46,503 - INFO - fit progress: (27, 3.6574194227504506, {'accuracy': 0.001603960150235369, 'micro_precision': 0.001603960150235369, 'micro_recall': 0.001603960150235369, 'micro_f1': 0.001603960150235369, 'macro_precision': 0.00026732669170589484, 'macro_recall': 0.16666666666666666, 'macro_f1': 0.0005337971939843313, 'weighted_precision': 2.5726881635430674e-06, 'weighted_recall': 0.001603960150235369, 'weighted_f1': 5.137136564749959e-06}, 12284.385595509)
2026-08-14 12:26:46,503 - INFO - configure_evaluate: no clients selected, skipping evaluation
2026-08-14 12:26:46,503 - INFO - 
2026-08-14 12:26:46,503 - INFO - [ROUND 28]
2026-08-14 12:26:46,504 - INFO - configure_fit: strategy sampled 60 clients (out of 60)
2026-08-14 12:26:48,929 - INFO - aggregate_fit: received 60 results and 0 failures
2026-08-14 12:26:49,026 - INFO - [Round 28] tong hop 60 controller (paper) | trong so 0.0010..0.1411 entropy=3.366 train_loss=0.2845
2026-08-14 12:26:49,030 - INFO - [Round 58] luu checkpoint -> out_10shot/checkpoints_cnn/round_058.pth
2026-08-14 12:34:17,071 - INFO - [Round 58] loss=3.7127 acc=0.0016 | micro P/R/F1=0.0016/0.0016/0.0016 | macro P/R/F1=0.0003/0.1667/0.0005 | weighted P/R/F1=0.0000/0.0016/0.0000
2026-08-14 12:34:17,072 - INFO - fit progress: (28, 3.712743487188725, {'accuracy': 0.001603960150235369, 'micro_precision': 0.001603960150235369, 'micro_recall': 0.001603960150235369, 'micro_f1': 0.001603960150235369, 'macro_precision': 0.00026732669170589484, 'macro_recall': 0.16666666666666666, 'macro_f1': 0.0005337971939843313, 'weighted_precision': 2.5726881635430674e-06, 'weighted_recall': 0.001603960150235369, 'weighted_f1': 5.137136564749959e-06}, 12734.95439973)
2026-08-14 12:34:17,072 - INFO - configure_evaluate: no clients selected, skipping evaluation
2026-08-14 12:34:17,072 - INFO - 
2026-08-14 12:34:17,072 - INFO - [ROUND 29]
2026-08-14 12:34:17,072 - INFO - configure_fit: strategy sampled 60 clients (out of 60)
2026-08-14 12:34:19,652 - INFO - aggregate_fit: received 60 results and 0 failures
2026-08-14 12:34:19,741 - INFO - [Round 29] tong hop 60 controller (paper) | trong so 0.0010..0.1411 entropy=3.366 train_loss=0.2820
2026-08-14 12:34:19,745 - INFO - [Round 59] luu checkpoint -> out_10shot/checkpoints_cnn/round_059.pth
2026-08-14 12:41:47,654 - INFO - [Round 59] loss=3.7659 acc=0.0016 | micro P/R/F1=0.0016/0.0016/0.0016 | macro P/R/F1=0.0003/0.1667/0.0005 | weighted P/R/F1=0.0000/0.0016/0.0000
2026-08-14 12:41:47,656 - INFO - fit progress: (29, 3.7659294626426174, {'accuracy': 0.001603960150235369, 'micro_precision': 0.001603960150235369, 'micro_recall': 0.001603960150235369, 'micro_f1': 0.001603960150235369, 'macro_precision': 0.00026732669170589484, 'macro_recall': 0.16666666666666666, 'macro_f1': 0.0005337971939843313, 'weighted_precision': 2.5726881635430674e-06, 'weighted_recall': 0.001603960150235369, 'weighted_f1': 5.137136564749959e-06}, 13185.538059075001)
2026-08-14 12:41:47,656 - INFO - configure_evaluate: no clients selected, skipping evaluation
2026-08-14 12:41:47,656 - INFO - 
2026-08-14 12:41:47,656 - INFO - [ROUND 30]
2026-08-14 12:41:47,656 - INFO - configure_fit: strategy sampled 60 clients (out of 60)
2026-08-14 12:41:50,097 - INFO - aggregate_fit: received 60 results and 0 failures
2026-08-14 12:41:50,192 - INFO - [Round 30] tong hop 60 controller (paper) | trong so 0.0010..0.1411 entropy=3.366 train_loss=0.2785
2026-08-14 12:41:50,196 - INFO - [Round 60] luu checkpoint -> out_10shot/checkpoints_cnn/round_060.pth
2026-08-14 12:49:17,040 - INFO - [Round 60] loss=3.7822 acc=0.0016 | micro P/R/F1=0.0016/0.0016/0.0016 | macro P/R/F1=0.0003/0.1667/0.0005 | weighted P/R/F1=0.0000/0.0016/0.0000
2026-08-14 12:49:19,830 - INFO - Luu out_10shot/confusion_matrix_cnn_task1.csv
2026-08-14 12:49:19,830 - INFO - Luu out_10shot/confusion_matrix_cnn_task1_normalized.csv
2026-08-14 12:49:27,285 - INFO - Luu out_10shot/classification_report_cnn_task1.txt
               precision    recall  f1-score   support

       Benign     0.0000    0.0000    0.0000  41700592
          DoS     0.0000    0.0000    0.0000    145129
       double     0.0000    0.0000    0.0000     12413
force-neutral     0.0000    0.0000    0.0000      5744
      fuzzing     0.0016    1.0000    0.0032     67321
     interval     0.0000    0.0000    0.0000     40542

     accuracy                         0.0016  41971741
    macro avg     0.0003    0.1667    0.0005  41971741
 weighted avg     0.0000    0.0016    0.0000  41971741

2026-08-14 12:49:27,500 - INFO - Luu out_10shot/confusion_matrix_cnn_task1.png
2026-08-14 12:49:27,501 - INFO - fit progress: (30, 3.7821842958506524, {'accuracy': 0.001603960150235369, 'micro_precision': 0.001603960150235369, 'micro_recall': 0.001603960150235369, 'micro_f1': 0.001603960150235369, 'macro_precision': 0.00026732669170589484, 'macro_recall': 0.16666666666666666, 'macro_f1': 0.0005337971939843313, 'weighted_precision': 2.5726881635430674e-06, 'weighted_recall': 0.001603960150235369, 'weighted_f1': 5.137136564749959e-06}, 13645.383539807)
2026-08-14 12:49:27,501 - INFO - configure_evaluate: no clients selected, skipping evaluation
2026-08-14 12:49:27,502 - INFO - 
2026-08-14 12:49:27,502 - INFO - [SUMMARY]
2026-08-14 12:49:27,502 - INFO - Run finished 30 round(s) in 13645.38s
2026-08-14 12:49:27,506 - INFO - 	History (loss, centralized):
2026-08-14 12:49:27,507 - INFO - 		round 1: 0.1980479032173462
2026-08-14 12:49:27,507 - INFO - 		round 2: 0.7430517900092447
2026-08-14 12:49:27,507 - INFO - 		round 3: 1.2446565447865194
2026-08-14 12:49:27,507 - INFO - 		round 4: 1.659788872898323
2026-08-14 12:49:27,507 - INFO - 		round 5: 1.9087976134795868
2026-08-14 12:49:27,507 - INFO - 		round 6: 2.01350490704679
2026-08-14 12:49:27,507 - INFO - 		round 7: 2.0056522475798366
2026-08-14 12:49:27,507 - INFO - 		round 8: 2.000890857930485
2026-08-14 12:49:27,507 - INFO - 		round 9: 2.0072974237634464
2026-08-14 12:49:27,507 - INFO - 		round 10: 2.0362346900407453
2026-08-14 12:49:27,507 - INFO - 		round 11: 2.0780273790032857
2026-08-14 12:49:27,507 - INFO - 		round 12: 2.1580329909978855
2026-08-14 12:49:27,507 - INFO - 		round 13: 2.252642486683565
2026-08-14 12:49:27,507 - INFO - 		round 14: 2.3746718775821236
2026-08-14 12:49:27,507 - INFO - 		round 15: 2.4797478321820474
2026-08-14 12:49:27,508 - INFO - 		round 16: 2.6074698522372883
2026-08-14 12:49:27,508 - INFO - 		round 17: 2.724452269742677
2026-08-14 12:49:27,508 - INFO - 		round 18: 2.8403263371917626
2026-08-14 12:49:27,508 - INFO - 		round 19: 2.957490391651231
2026-08-14 12:49:27,508 - INFO - 		round 20: 3.0985384498556363
2026-08-14 12:49:27,508 - INFO - 		round 21: 3.2022444208463035
2026-08-14 12:49:27,508 - INFO - 		round 22: 3.2900004054679246
2026-08-14 12:49:27,508 - INFO - 		round 23: 3.3861132766426216
2026-08-14 12:49:27,508 - INFO - 		round 24: 3.4489397724143793
2026-08-14 12:49:27,508 - INFO - 		round 25: 3.538154435799887
2026-08-14 12:49:27,508 - INFO - 		round 26: 3.598990863440653
2026-08-14 12:49:27,508 - INFO - 		round 27: 3.6574194227504506
2026-08-14 12:49:27,508 - INFO - 		round 28: 3.712743487188725
2026-08-14 12:49:27,508 - INFO - 		round 29: 3.7659294626426174
2026-08-14 12:49:27,508 - INFO - 		round 30: 3.7821842958506524
2026-08-14 12:49:27,508 - INFO - 	History (metrics, distributed, fit):
2026-08-14 12:49:27,508 - INFO - 	{'num_clients': [(1, 60),
2026-08-14 12:49:27,508 - INFO - 	                 (2, 60),
2026-08-14 12:49:27,508 - INFO - 	                 (3, 60),
2026-08-14 12:49:27,508 - INFO - 	                 (4, 60),
2026-08-14 12:49:27,508 - INFO - 	                 (5, 60),
2026-08-14 12:49:27,508 - INFO - 	                 (6, 60),
2026-08-14 12:49:27,508 - INFO - 	                 (7, 60),
2026-08-14 12:49:27,509 - INFO - 	                 (8, 60),
2026-08-14 12:49:27,509 - INFO - 	                 (9, 60),
2026-08-14 12:49:27,509 - INFO - 	                 (10, 60),
2026-08-14 12:49:27,509 - INFO - 	                 (11, 60),
2026-08-14 12:49:27,509 - INFO - 	                 (12, 60),
2026-08-14 12:49:27,509 - INFO - 	                 (13, 60),
2026-08-14 12:49:27,509 - INFO - 	                 (14, 60),
2026-08-14 12:49:27,509 - INFO - 	                 (15, 60),
2026-08-14 12:49:27,509 - INFO - 	                 (16, 60),
2026-08-14 12:49:27,509 - INFO - 	                 (17, 60),
2026-08-14 12:49:27,509 - INFO - 	                 (18, 60),
2026-08-14 12:49:27,509 - INFO - 	                 (19, 60),
2026-08-14 12:49:27,509 - INFO - 	                 (20, 60),
2026-08-14 12:49:27,509 - INFO - 	                 (21, 60),
2026-08-14 12:49:27,509 - INFO - 	                 (22, 60),
2026-08-14 12:49:27,509 - INFO - 	                 (23, 60),
2026-08-14 12:49:27,509 - INFO - 	                 (24, 60),
2026-08-14 12:49:27,510 - INFO - 	                 (25, 60),
2026-08-14 12:49:27,510 - INFO - 	                 (26, 60),
2026-08-14 12:49:27,510 - INFO - 	                 (27, 60),
2026-08-14 12:49:27,510 - INFO - 	                 (28, 60),
2026-08-14 12:49:27,510 - INFO - 	                 (29, 60),
2026-08-14 12:49:27,510 - INFO - 	                 (30, 60)],
2026-08-14 12:49:27,510 - INFO - 	 'train_loss': [(1, 5.925507051718531),
2026-08-14 12:49:27,510 - INFO - 	                (2, 3.3641957125686406),
2026-08-14 12:49:27,510 - INFO - 	                (3, 2.422329969703449),
2026-08-14 12:49:27,510 - INFO - 	                (4, 1.920043506167369),
2026-08-14 12:49:27,510 - INFO - 	                (5, 1.6131037748245967),
2026-08-14 12:49:27,510 - INFO - 	                (6, 1.3823951237517158),
2026-08-14 12:49:27,510 - INFO - 	                (7, 1.20662877679565),
2026-08-14 12:49:27,510 - INFO - 	                (8, 1.0573430822046013),
2026-08-14 12:49:27,510 - INFO - 	                (9, 0.9187177658227279),
2026-08-14 12:49:27,510 - INFO - 	                (10, 0.799733484840673),
2026-08-14 12:49:27,510 - INFO - 	                (11, 0.6995814948498184),
2026-08-14 12:49:27,510 - INFO - 	                (12, 0.6174844409104502),
2026-08-14 12:49:27,511 - INFO - 	                (13, 0.5501730548430853),
2026-08-14 12:49:27,511 - INFO - 	                (14, 0.49882734605230844),
2026-08-14 12:49:27,511 - INFO - 	                (15, 0.4575573519539773),
2026-08-14 12:49:27,511 - INFO - 	                (16, 0.4274544956863883),
2026-08-14 12:49:27,511 - INFO - 	                (17, 0.39990590273373317),
2026-08-14 12:49:27,511 - INFO - 	                (18, 0.3782509406370185),
2026-08-14 12:49:27,511 - INFO - 	                (19, 0.35950333042313853),
2026-08-14 12:49:27,511 - INFO - 	                (20, 0.34515707262926576),
2026-08-14 12:49:27,511 - INFO - 	                (21, 0.3321844824508323),
2026-08-14 12:49:27,511 - INFO - 	                (22, 0.3238179862857356),
2026-08-14 12:49:27,511 - INFO - 	                (23, 0.3155022124183786),
2026-08-14 12:49:27,511 - INFO - 	                (24, 0.308192506874864),
2026-08-14 12:49:27,511 - INFO - 	                (25, 0.30127606031991533),
2026-08-14 12:49:27,511 - INFO - 	                (26, 0.2962765383963373),
2026-08-14 12:49:27,511 - INFO - 	                (27, 0.2901460188678207),
2026-08-14 12:49:27,511 - INFO - 	                (28, 0.28451325939323024),
2026-08-14 12:49:27,511 - INFO - 	                (29, 0.2820460471759002),
2026-08-14 12:49:27,512 - INFO - 	                (30, 0.27846544665586387)],
2026-08-14 12:49:27,512 - INFO - 	 'weight_entropy': [(1, 3.3659148617840606),
2026-08-14 12:49:27,512 - INFO - 	                    (2, 3.3659148617840597),
2026-08-14 12:49:27,512 - INFO - 	                    (3, 3.36591486178406),
2026-08-14 12:49:27,512 - INFO - 	                    (4, 3.36591486178406),
2026-08-14 12:49:27,512 - INFO - 	                    (5, 3.3659148617840606),
2026-08-14 12:49:27,512 - INFO - 	                    (6, 3.3659148617840606),
2026-08-14 12:49:27,512 - INFO - 	                    (7, 3.36591486178406),
2026-08-14 12:49:27,512 - INFO - 	                    (8, 3.3659148617840606),
2026-08-14 12:49:27,512 - INFO - 	                    (9, 3.365914861784061),
2026-08-14 12:49:27,512 - INFO - 	                    (10, 3.36591486178406),
2026-08-14 12:49:27,512 - INFO - 	                    (11, 3.3659148617840606),
2026-08-14 12:49:27,512 - INFO - 	                    (12, 3.36591486178406),
2026-08-14 12:49:27,512 - INFO - 	                    (13, 3.365914861784061),
2026-08-14 12:49:27,512 - INFO - 	                    (14, 3.3659148617840615),
2026-08-14 12:49:27,512 - INFO - 	                    (15, 3.365914861784061),
2026-08-14 12:49:27,513 - INFO - 	                    (16, 3.3659148617840606),
2026-08-14 12:49:27,513 - INFO - 	                    (17, 3.365914861784061),
2026-08-14 12:49:27,513 - INFO - 	                    (18, 3.365914861784061),
2026-08-14 12:49:27,513 - INFO - 	                    (19, 3.3659148617840606),
2026-08-14 12:49:27,513 - INFO - 	                    (20, 3.36591486178406),
2026-08-14 12:49:27,513 - INFO - 	                    (21, 3.3659148617840597),
2026-08-14 12:49:27,513 - INFO - 	                    (22, 3.365914861784061),
2026-08-14 12:49:27,513 - INFO - 	                    (23, 3.3659148617840597),
2026-08-14 12:49:27,513 - INFO - 	                    (24, 3.3659148617840606),
2026-08-14 12:49:27,513 - INFO - 	                    (25, 3.3659148617840606),
2026-08-14 12:49:27,513 - INFO - 	                    (26, 3.36591486178406),
2026-08-14 12:49:27,513 - INFO - 	                    (27, 3.365914861784061),
2026-08-14 12:49:27,513 - INFO - 	                    (28, 3.3659148617840606),
2026-08-14 12:49:27,513 - INFO - 	                    (29, 3.36591486178406),
2026-08-14 12:49:27,514 - INFO - 	                    (30, 3.3659148617840606)],
2026-08-14 12:49:27,514 - INFO - 	 'weight_max': [(1, 0.14107431180749483),
2026-08-14 12:49:27,514 - INFO - 	                (2, 0.14107431180749477),
2026-08-14 12:49:27,514 - INFO - 	                (3, 0.1410743118074948),
2026-08-14 12:49:27,514 - INFO - 	                (4, 0.1410743118074948),
2026-08-14 12:49:27,514 - INFO - 	                (5, 0.1410743118074948),
2026-08-14 12:49:27,514 - INFO - 	                (6, 0.14107431180749483),
2026-08-14 12:49:27,514 - INFO - 	                (7, 0.1410743118074948),
2026-08-14 12:49:27,514 - INFO - 	                (8, 0.14107431180749477),
2026-08-14 12:49:27,514 - INFO - 	                (9, 0.14107431180749483),
2026-08-14 12:49:27,515 - INFO - 	                (10, 0.14107431180749477),
2026-08-14 12:49:27,515 - INFO - 	                (11, 0.14107431180749483),
2026-08-14 12:49:27,515 - INFO - 	                (12, 0.1410743118074948),
2026-08-14 12:49:27,515 - INFO - 	                (13, 0.14107431180749483),
2026-08-14 12:49:27,515 - INFO - 	                (14, 0.14107431180749483),
2026-08-14 12:49:27,515 - INFO - 	                (15, 0.1410743118074948),
2026-08-14 12:49:27,515 - INFO - 	                (16, 0.14107431180749483),
2026-08-14 12:49:27,515 - INFO - 	                (17, 0.14107431180749483),
2026-08-14 12:49:27,515 - INFO - 	                (18, 0.14107431180749483),
2026-08-14 12:49:27,515 - INFO - 	                (19, 0.14107431180749483),
2026-08-14 12:49:27,516 - INFO - 	                (20, 0.1410743118074948),
2026-08-14 12:49:27,516 - INFO - 	                (21, 0.14107431180749477),
2026-08-14 12:49:27,516 - INFO - 	                (22, 0.14107431180749483),
2026-08-14 12:49:27,516 - INFO - 	                (23, 0.1410743118074948),
2026-08-14 12:49:27,516 - INFO - 	                (24, 0.14107431180749483),
2026-08-14 12:49:27,516 - INFO - 	                (25, 0.14107431180749483),
2026-08-14 12:49:27,516 - INFO - 	                (26, 0.1410743118074948),
2026-08-14 12:49:27,516 - INFO - 	                (27, 0.14107431180749483),
2026-08-14 12:49:27,516 - INFO - 	                (28, 0.1410743118074948),
2026-08-14 12:49:27,516 - INFO - 	                (29, 0.14107431180749483),
2026-08-14 12:49:27,516 - INFO - 	                (30, 0.1410743118074948)],
2026-08-14 12:49:27,516 - INFO - 	 'weight_min': [(1, 0.0009927580083359331),
2026-08-14 12:49:27,516 - INFO - 	                (2, 0.0009927580083359327),
2026-08-14 12:49:27,516 - INFO - 	                (3, 0.000992758008335933),
2026-08-14 12:49:27,516 - INFO - 	                (4, 0.000992758008335933),
2026-08-14 12:49:27,516 - INFO - 	                (5, 0.000992758008335933),
2026-08-14 12:49:27,516 - INFO - 	                (6, 0.0009927580083359331),
2026-08-14 12:49:27,516 - INFO - 	                (7, 0.000992758008335933),
2026-08-14 12:49:27,516 - INFO - 	                (8, 0.0009927580083359327),
2026-08-14 12:49:27,516 - INFO - 	                (9, 0.0009927580083359331),
2026-08-14 12:49:27,516 - INFO - 	                (10, 0.0009927580083359327),
2026-08-14 12:49:27,516 - INFO - 	                (11, 0.0009927580083359331),
2026-08-14 12:49:27,516 - INFO - 	                (12, 0.000992758008335933),
2026-08-14 12:49:27,517 - INFO - 	                (13, 0.0009927580083359331),
2026-08-14 12:49:27,517 - INFO - 	                (14, 0.0009927580083359331),
2026-08-14 12:49:27,517 - INFO - 	                (15, 0.000992758008335933),
2026-08-14 12:49:27,517 - INFO - 	                (16, 0.0009927580083359331),
2026-08-14 12:49:27,517 - INFO - 	                (17, 0.0009927580083359331),
2026-08-14 12:49:27,517 - INFO - 	                (18, 0.0009927580083359331),
2026-08-14 12:49:27,517 - INFO - 	                (19, 0.0009927580083359331),
2026-08-14 12:49:27,517 - INFO - 	                (20, 0.000992758008335933),
2026-08-14 12:49:27,517 - INFO - 	                (21, 0.0009927580083359327),
2026-08-14 12:49:27,517 - INFO - 	                (22, 0.0009927580083359331),
2026-08-14 12:49:27,517 - INFO - 	                (23, 0.000992758008335933),
2026-08-14 12:49:27,517 - INFO - 	                (24, 0.0009927580083359331),
2026-08-14 12:49:27,517 - INFO - 	                (25, 0.0009927580083359331),
2026-08-14 12:49:27,517 - INFO - 	                (26, 0.000992758008335933),
2026-08-14 12:49:27,517 - INFO - 	                (27, 0.0009927580083359331),
2026-08-14 12:49:27,517 - INFO - 	                (28, 0.000992758008335933),
2026-08-14 12:49:27,517 - INFO - 	                (29, 0.0009927580083359331),
2026-08-14 12:49:27,517 - INFO - 	                (30, 0.000992758008335933)]}
2026-08-14 12:49:27,517 - INFO - 	History (metrics, centralized):
2026-08-14 12:49:27,517 - INFO - 	{'accuracy': [(1, 0.993539724740034),
2026-08-14 12:49:27,518 - INFO - 	              (2, 0.993539724740034),
2026-08-14 12:49:27,518 - INFO - 	              (3, 0.978090758732167),
2026-08-14 12:49:27,518 - INFO - 	              (4, 0.9107787546863972),
2026-08-14 12:49:27,518 - INFO - 	              (5, 0.9375200566495443),
2026-08-14 12:49:27,518 - INFO - 	              (6, 0.6375558974310834),
2026-08-14 12:49:27,518 - INFO - 	              (7, 0.0047172453484834),
2026-08-14 12:49:27,518 - INFO - 	              (8, 0.0016058900201447446),
2026-08-14 12:49:27,518 - INFO - 	              (9, 0.001603960150235369),
2026-08-14 12:49:27,518 - INFO - 	              (10, 0.001603960150235369),
2026-08-14 12:49:27,518 - INFO - 	              (11, 0.001603960150235369),
2026-08-14 12:49:27,518 - INFO - 	              (12, 0.001603960150235369),
2026-08-14 12:49:27,518 - INFO - 	              (13, 0.001603960150235369),
2026-08-14 12:49:27,518 - INFO - 	              (14, 0.001603960150235369),
2026-08-14 12:49:27,518 - INFO - 	              (15, 0.001603960150235369),
2026-08-14 12:49:27,518 - INFO - 	              (16, 0.001603960150235369),
2026-08-14 12:49:27,518 - INFO - 	              (17, 0.001603960150235369),
2026-08-14 12:49:27,518 - INFO - 	              (18, 0.001603960150235369),
2026-08-14 12:49:27,519 - INFO - 	              (19, 0.001603960150235369),
2026-08-14 12:49:27,519 - INFO - 	              (20, 0.001603960150235369),
2026-08-14 12:49:27,519 - INFO - 	              (21, 0.001603960150235369),
2026-08-14 12:49:27,519 - INFO - 	              (22, 0.001603960150235369),
2026-08-14 12:49:27,519 - INFO - 	              (23, 0.001603960150235369),
2026-08-14 12:49:27,519 - INFO - 	              (24, 0.001603960150235369),
2026-08-14 12:49:27,519 - INFO - 	              (25, 0.001603960150235369),
2026-08-14 12:49:27,519 - INFO - 	              (26, 0.001603960150235369),
2026-08-14 12:49:27,519 - INFO - 	              (27, 0.001603960150235369),
2026-08-14 12:49:27,519 - INFO - 	              (28, 0.001603960150235369),
2026-08-14 12:49:27,519 - INFO - 	              (29, 0.001603960150235369),
2026-08-14 12:49:27,519 - INFO - 	              (30, 0.001603960150235369)],
2026-08-14 12:49:27,519 - INFO - 	 'macro_f1': [(1, 0.1661265657948528),
2026-08-14 12:49:27,519 - INFO - 	              (2, 0.1661265657948528),
2026-08-14 12:49:27,519 - INFO - 	              (3, 0.16483262034650134),
2026-08-14 12:49:27,520 - INFO - 	              (4, 0.15894770385904466),
2026-08-14 12:49:27,520 - INFO - 	              (5, 0.16205417151664112),
2026-08-14 12:49:27,520 - INFO - 	              (6, 0.13075565943498196),
2026-08-14 12:49:27,520 - INFO - 	              (7, 0.0015767080471270928),
2026-08-14 12:49:27,520 - INFO - 	              (8, 0.0005344456940605547),
2026-08-14 12:49:27,520 - INFO - 	              (9, 0.0005337971939843313),
2026-08-14 12:49:27,520 - INFO - 	              (10, 0.0005337971939843313),
2026-08-14 12:49:27,520 - INFO - 	              (11, 0.0005337971939843313),
2026-08-14 12:49:27,520 - INFO - 	              (12, 0.0005337971939843313),
2026-08-14 12:49:27,520 - INFO - 	              (13, 0.0005337971939843313),
2026-08-14 12:49:27,520 - INFO - 	              (14, 0.0005337971939843313),
2026-08-14 12:49:27,520 - INFO - 	              (15, 0.0005337971939843313),
2026-08-14 12:49:27,520 - INFO - 	              (16, 0.0005337971939843313),
2026-08-14 12:49:27,520 - INFO - 	              (17, 0.0005337971939843313),
2026-08-14 12:49:27,520 - INFO - 	              (18, 0.0005337971939843313),
2026-08-14 12:49:27,521 - INFO - 	              (19, 0.0005337971939843313),
2026-08-14 12:49:27,521 - INFO - 	              (20, 0.0005337971939843313),
2026-08-14 12:49:27,521 - INFO - 	              (21, 0.0005337971939843313),
2026-08-14 12:49:27,521 - INFO - 	              (22, 0.0005337971939843313),
2026-08-14 12:49:27,521 - INFO - 	              (23, 0.0005337971939843313),
2026-08-14 12:49:27,521 - INFO - 	              (24, 0.0005337971939843313),
2026-08-14 12:49:27,521 - INFO - 	              (25, 0.0005337971939843313),
2026-08-14 12:49:27,521 - INFO - 	              (26, 0.0005337971939843313),
2026-08-14 12:49:27,521 - INFO - 	              (27, 0.0005337971939843313),
2026-08-14 12:49:27,521 - INFO - 	              (28, 0.0005337971939843313),
2026-08-14 12:49:27,522 - INFO - 	              (29, 0.0005337971939843313),
2026-08-14 12:49:27,522 - INFO - 	              (30, 0.0005337971939843313)],
2026-08-14 12:49:27,522 - INFO - 	 'macro_precision': [(1, 0.16558995412333902),
2026-08-14 12:49:27,522 - INFO - 	                     (2, 0.16558995412333902),
2026-08-14 12:49:27,522 - INFO - 	                     (3, 0.16559717126428836),
2026-08-14 12:49:27,522 - INFO - 	                     (4, 0.16554732785021156),
2026-08-14 12:49:27,522 - INFO - 	                     (5, 0.16595764965600315),
2026-08-14 12:49:27,522 - INFO - 	                     (6, 0.16594783472849775),
2026-08-14 12:49:27,522 - INFO - 	                     (7, 0.1668951840800168),
2026-08-14 12:49:27,522 - INFO - 	                     (8, 0.1669339938742793),
2026-08-14 12:49:27,522 - INFO - 	                     (9, 0.00026732669170589484),
2026-08-14 12:49:27,522 - INFO - 	                     (10, 0.00026732669170589484),
2026-08-14 12:49:27,522 - INFO - 	                     (11, 0.00026732669170589484),
2026-08-14 12:49:27,523 - INFO - 	                     (12, 0.00026732669170589484),
2026-08-14 12:49:27,523 - INFO - 	                     (13, 0.00026732669170589484),
2026-08-14 12:49:27,523 - INFO - 	                     (14, 0.00026732669170589484),
2026-08-14 12:49:27,523 - INFO - 	                     (15, 0.00026732669170589484),
2026-08-14 12:49:27,523 - INFO - 	                     (16, 0.00026732669170589484),
2026-08-14 12:49:27,523 - INFO - 	                     (17, 0.00026732669170589484),
2026-08-14 12:49:27,523 - INFO - 	                     (18, 0.00026732669170589484),
2026-08-14 12:49:27,523 - INFO - 	                     (19, 0.00026732669170589484),
2026-08-14 12:49:27,523 - INFO - 	                     (20, 0.00026732669170589484),
2026-08-14 12:49:27,523 - INFO - 	                     (21, 0.00026732669170589484),
2026-08-14 12:49:27,523 - INFO - 	                     (22, 0.00026732669170589484),
2026-08-14 12:49:27,523 - INFO - 	                     (23, 0.00026732669170589484),
2026-08-14 12:49:27,523 - INFO - 	                     (24, 0.00026732669170589484),
2026-08-14 12:49:27,523 - INFO - 	                     (25, 0.00026732669170589484),
2026-08-14 12:49:27,523 - INFO - 	                     (26, 0.00026732669170589484),
2026-08-14 12:49:27,523 - INFO - 	                     (27, 0.00026732669170589484),
2026-08-14 12:49:27,523 - INFO - 	                     (28, 0.00026732669170589484),
2026-08-14 12:49:27,524 - INFO - 	                     (29, 0.00026732669170589484),
2026-08-14 12:49:27,524 - INFO - 	                     (30, 0.00026732669170589484)],
2026-08-14 12:49:27,524 - INFO - 	 'macro_recall': [(1, 0.16666666666666666),
2026-08-14 12:49:27,524 - INFO - 	                  (2, 0.16666666666666666),
2026-08-14 12:49:27,524 - INFO - 	                  (3, 0.16407509674363055),
2026-08-14 12:49:27,524 - INFO - 	                  (4, 0.1534289279344075),
2026-08-14 12:49:27,524 - INFO - 	                  (5, 0.16382336411796825),
2026-08-14 12:49:27,524 - INFO - 	                  (6, 0.21416783116513696),
2026-08-14 12:49:27,524 - INFO - 	                  (7, 0.16711229861093355),
2026-08-14 12:49:27,524 - INFO - 	                  (8, 0.1666669904030779),
2026-08-14 12:49:27,524 - INFO - 	                  (9, 0.16666666666666666),
2026-08-14 12:49:27,524 - INFO - 	                  (10, 0.16666666666666666),
2026-08-14 12:49:27,524 - INFO - 	                  (11, 0.16666666666666666),
2026-08-14 12:49:27,524 - INFO - 	                  (12, 0.16666666666666666),
2026-08-14 12:49:27,525 - INFO - 	                  (13, 0.16666666666666666),
2026-08-14 12:49:27,525 - INFO - 	                  (14, 0.16666666666666666),
2026-08-14 12:49:27,525 - INFO - 	                  (15, 0.16666666666666666),
2026-08-14 12:49:27,525 - INFO - 	                  (16, 0.16666666666666666),
2026-08-14 12:49:27,525 - INFO - 	                  (17, 0.16666666666666666),
2026-08-14 12:49:27,525 - INFO - 	                  (18, 0.16666666666666666),
2026-08-14 12:49:27,525 - INFO - 	                  (19, 0.16666666666666666),
2026-08-14 12:49:27,525 - INFO - 	                  (20, 0.16666666666666666),
2026-08-14 12:49:27,525 - INFO - 	                  (21, 0.16666666666666666),
2026-08-14 12:49:27,525 - INFO - 	                  (22, 0.16666666666666666),
2026-08-14 12:49:27,526 - INFO - 	                  (23, 0.16666666666666666),
2026-08-14 12:49:27,526 - INFO - 	                  (24, 0.16666666666666666),
2026-08-14 12:49:27,526 - INFO - 	                  (25, 0.16666666666666666),
2026-08-14 12:49:27,526 - INFO - 	                  (26, 0.16666666666666666),
2026-08-14 12:49:27,526 - INFO - 	                  (27, 0.16666666666666666),
2026-08-14 12:49:27,526 - INFO - 	                  (28, 0.16666666666666666),
2026-08-14 12:49:27,526 - INFO - 	                  (29, 0.16666666666666666),
2026-08-14 12:49:27,526 - INFO - 	                  (30, 0.16666666666666666)],
2026-08-14 12:49:27,526 - INFO - 	 'micro_f1': [(1, 0.993539724740034),
2026-08-14 12:49:27,526 - INFO - 	              (2, 0.993539724740034),
2026-08-14 12:49:27,526 - INFO - 	              (3, 0.978090758732167),
2026-08-14 12:49:27,526 - INFO - 	              (4, 0.9107787546863972),
2026-08-14 12:49:27,526 - INFO - 	              (5, 0.9375200566495443),
2026-08-14 12:49:27,526 - INFO - 	              (6, 0.6375558974310834),
2026-08-14 12:49:27,526 - INFO - 	              (7, 0.0047172453484834),
2026-08-14 12:49:27,526 - INFO - 	              (8, 0.0016058900201447446),
2026-08-14 12:49:27,526 - INFO - 	              (9, 0.001603960150235369),
2026-08-14 12:49:27,526 - INFO - 	              (10, 0.001603960150235369),
2026-08-14 12:49:27,526 - INFO - 	              (11, 0.001603960150235369),
2026-08-14 12:49:27,527 - INFO - 	              (12, 0.001603960150235369),
2026-08-14 12:49:27,527 - INFO - 	              (13, 0.001603960150235369),
2026-08-14 12:49:27,527 - INFO - 	              (14, 0.001603960150235369),
2026-08-14 12:49:27,527 - INFO - 	              (15, 0.001603960150235369),
2026-08-14 12:49:27,527 - INFO - 	              (16, 0.001603960150235369),
2026-08-14 12:49:27,527 - INFO - 	              (17, 0.001603960150235369),
2026-08-14 12:49:27,527 - INFO - 	              (18, 0.001603960150235369),
2026-08-14 12:49:27,527 - INFO - 	              (19, 0.001603960150235369),
2026-08-14 12:49:27,527 - INFO - 	              (20, 0.001603960150235369),
2026-08-14 12:49:27,527 - INFO - 	              (21, 0.001603960150235369),
2026-08-14 12:49:27,527 - INFO - 	              (22, 0.001603960150235369),
2026-08-14 12:49:27,527 - INFO - 	              (23, 0.001603960150235369),
2026-08-14 12:49:27,527 - INFO - 	              (24, 0.001603960150235369),
2026-08-14 12:49:27,527 - INFO - 	              (25, 0.001603960150235369),
2026-08-14 12:49:27,527 - INFO - 	              (26, 0.001603960150235369),
2026-08-14 12:49:27,527 - INFO - 	              (27, 0.001603960150235369),
2026-08-14 12:49:27,527 - INFO - 	              (28, 0.001603960150235369),
2026-08-14 12:49:27,527 - INFO - 	              (29, 0.001603960150235369),
2026-08-14 12:49:27,527 - INFO - 	              (30, 0.001603960150235369)],
2026-08-14 12:49:27,527 - INFO - 	 'micro_precision': [(1, 0.993539724740034),
2026-08-14 12:49:27,527 - INFO - 	                     (2, 0.993539724740034),
2026-08-14 12:49:27,527 - INFO - 	                     (3, 0.978090758732167),
2026-08-14 12:49:27,527 - INFO - 	                     (4, 0.9107787546863972),
2026-08-14 12:49:27,527 - INFO - 	                     (5, 0.9375200566495443),
2026-08-14 12:49:27,528 - INFO - 	                     (6, 0.6375558974310834),
2026-08-14 12:49:27,528 - INFO - 	                     (7, 0.0047172453484834),
2026-08-14 12:49:27,528 - INFO - 	                     (8, 0.0016058900201447446),
2026-08-14 12:49:27,528 - INFO - 	                     (9, 0.001603960150235369),
2026-08-14 12:49:27,528 - INFO - 	                     (10, 0.001603960150235369),
2026-08-14 12:49:27,528 - INFO - 	                     (11, 0.001603960150235369),
2026-08-14 12:49:27,528 - INFO - 	                     (12, 0.001603960150235369),
2026-08-14 12:49:27,528 - INFO - 	                     (13, 0.001603960150235369),
2026-08-14 12:49:27,528 - INFO - 	                     (14, 0.001603960150235369),
2026-08-14 12:49:27,528 - INFO - 	                     (15, 0.001603960150235369),
2026-08-14 12:49:27,528 - INFO - 	                     (16, 0.001603960150235369),
2026-08-14 12:49:27,528 - INFO - 	                     (17, 0.001603960150235369),
2026-08-14 12:49:27,528 - INFO - 	                     (18, 0.001603960150235369),
2026-08-14 12:49:27,528 - INFO - 	                     (19, 0.001603960150235369),
2026-08-14 12:49:27,528 - INFO - 	                     (20, 0.001603960150235369),
2026-08-14 12:49:27,528 - INFO - 	                     (21, 0.001603960150235369),
2026-08-14 12:49:27,528 - INFO - 	                     (22, 0.001603960150235369),
2026-08-14 12:49:27,528 - INFO - 	                     (23, 0.001603960150235369),
2026-08-14 12:49:27,528 - INFO - 	                     (24, 0.001603960150235369),
2026-08-14 12:49:27,528 - INFO - 	                     (25, 0.001603960150235369),
2026-08-14 12:49:27,528 - INFO - 	                     (26, 0.001603960150235369),
2026-08-14 12:49:27,528 - INFO - 	                     (27, 0.001603960150235369),
2026-08-14 12:49:27,528 - INFO - 	                     (28, 0.001603960150235369),
2026-08-14 12:49:27,529 - INFO - 	                     (29, 0.001603960150235369),
2026-08-14 12:49:27,529 - INFO - 	                     (30, 0.001603960150235369)],
2026-08-14 12:49:27,529 - INFO - 	 'micro_recall': [(1, 0.993539724740034),
2026-08-14 12:49:27,529 - INFO - 	                  (2, 0.993539724740034),
2026-08-14 12:49:27,529 - INFO - 	                  (3, 0.978090758732167),
2026-08-14 12:49:27,529 - INFO - 	                  (4, 0.9107787546863972),
2026-08-14 12:49:27,529 - INFO - 	                  (5, 0.9375200566495443),
2026-08-14 12:49:27,529 - INFO - 	                  (6, 0.6375558974310834),
2026-08-14 12:49:27,529 - INFO - 	                  (7, 0.0047172453484834),
2026-08-14 12:49:27,529 - INFO - 	                  (8, 0.0016058900201447446),
2026-08-14 12:49:27,529 - INFO - 	                  (9, 0.001603960150235369),
2026-08-14 12:49:27,529 - INFO - 	                  (10, 0.001603960150235369),
2026-08-14 12:49:27,529 - INFO - 	                  (11, 0.001603960150235369),
2026-08-14 12:49:27,529 - INFO - 	                  (12, 0.001603960150235369),
2026-08-14 12:49:27,529 - INFO - 	                  (13, 0.001603960150235369),
2026-08-14 12:49:27,529 - INFO - 	                  (14, 0.001603960150235369),
2026-08-14 12:49:27,529 - INFO - 	                  (15, 0.001603960150235369),
2026-08-14 12:49:27,529 - INFO - 	                  (16, 0.001603960150235369),
2026-08-14 12:49:27,529 - INFO - 	                  (17, 0.001603960150235369),
2026-08-14 12:49:27,529 - INFO - 	                  (18, 0.001603960150235369),
2026-08-14 12:49:27,529 - INFO - 	                  (19, 0.001603960150235369),
2026-08-14 12:49:27,530 - INFO - 	                  (20, 0.001603960150235369),
2026-08-14 12:49:27,530 - INFO - 	                  (21, 0.001603960150235369),
2026-08-14 12:49:27,530 - INFO - 	                  (22, 0.001603960150235369),
2026-08-14 12:49:27,530 - INFO - 	                  (23, 0.001603960150235369),
2026-08-14 12:49:27,530 - INFO - 	                  (24, 0.001603960150235369),
2026-08-14 12:49:27,530 - INFO - 	                  (25, 0.001603960150235369),
2026-08-14 12:49:27,530 - INFO - 	                  (26, 0.001603960150235369),
2026-08-14 12:49:27,530 - INFO - 	                  (27, 0.001603960150235369),
2026-08-14 12:49:27,530 - INFO - 	                  (28, 0.001603960150235369),
2026-08-14 12:49:27,530 - INFO - 	                  (29, 0.001603960150235369),
2026-08-14 12:49:27,530 - INFO - 	                  (30, 0.001603960150235369)],
2026-08-14 12:49:27,530 - INFO - 	 'weighted_f1': [(1, 0.9903200547109512),
2026-08-14 12:49:27,530 - INFO - 	                 (2, 0.9903200547109512),
2026-08-14 12:49:27,530 - INFO - 	                 (3, 0.982606537483449),
2026-08-14 12:49:27,530 - INFO - 	                 (4, 0.9472171225472951),
2026-08-14 12:49:27,530 - INFO - 	                 (5, 0.9615232629700788),
2026-08-14 12:49:27,530 - INFO - 	                 (6, 0.7737498799424822),
2026-08-14 12:49:27,530 - INFO - 	                 (7, 0.0062137343642737755),
2026-08-14 12:49:27,530 - INFO - 	                 (8, 8.996878784433668e-06),
2026-08-14 12:49:27,531 - INFO - 	                 (9, 5.137136564749959e-06),
2026-08-14 12:49:27,531 - INFO - 	                 (10, 5.137136564749959e-06),
2026-08-14 12:49:27,531 - INFO - 	                 (11, 5.137136564749959e-06),
2026-08-14 12:49:27,531 - INFO - 	                 (12, 5.137136564749959e-06),
2026-08-14 12:49:27,531 - INFO - 	                 (13, 5.137136564749959e-06),
2026-08-14 12:49:27,531 - INFO - 	                 (14, 5.137136564749959e-06),
2026-08-14 12:49:27,531 - INFO - 	                 (15, 5.137136564749959e-06),
2026-08-14 12:49:27,531 - INFO - 	                 (16, 5.137136564749959e-06),
2026-08-14 12:49:27,531 - INFO - 	                 (17, 5.137136564749959e-06),
2026-08-14 12:49:27,531 - INFO - 	                 (18, 5.137136564749959e-06),
2026-08-14 12:49:27,531 - INFO - 	                 (19, 5.137136564749959e-06),
2026-08-14 12:49:27,531 - INFO - 	                 (20, 5.137136564749959e-06),
2026-08-14 12:49:27,531 - INFO - 	                 (21, 5.137136564749959e-06),
2026-08-14 12:49:27,531 - INFO - 	                 (22, 5.137136564749959e-06),
2026-08-14 12:49:27,531 - INFO - 	                 (23, 5.137136564749959e-06),
2026-08-14 12:49:27,531 - INFO - 	                 (24, 5.137136564749959e-06),
2026-08-14 12:49:27,531 - INFO - 	                 (25, 5.137136564749959e-06),
2026-08-14 12:49:27,531 - INFO - 	                 (26, 5.137136564749959e-06),
2026-08-14 12:49:27,532 - INFO - 	                 (27, 5.137136564749959e-06),
2026-08-14 12:49:27,532 - INFO - 	                 (28, 5.137136564749959e-06),
2026-08-14 12:49:27,532 - INFO - 	                 (29, 5.137136564749959e-06),
2026-08-14 12:49:27,532 - INFO - 	                 (30, 5.137136564749959e-06)],
2026-08-14 12:49:27,532 - INFO - 	 'weighted_precision': [(1, 0.9871211846365026),
2026-08-14 12:49:27,532 - INFO - 	                        (2, 0.9871211846365026),
2026-08-14 12:49:27,532 - INFO - 	                        (3, 0.9871642077338959),
2026-08-14 12:49:27,532 - INFO - 	                        (4, 0.9867066449058206),
2026-08-14 12:49:27,532 - INFO - 	                        (5, 0.9869141927712285),
2026-08-14 12:49:27,532 - INFO - 	                        (6, 0.9863838744353118),
2026-08-14 12:49:27,532 - INFO - 	                        (7, 0.993306709844776),
2026-08-14 12:49:27,532 - INFO - 	                        (8, 0.9935422974331625),
2026-08-14 12:49:27,532 - INFO - 	                        (9, 2.5726881635430674e-06),
2026-08-14 12:49:27,532 - INFO - 	                        (10, 2.5726881635430674e-06),
2026-08-14 12:49:27,532 - INFO - 	                        (11, 2.5726881635430674e-06),
2026-08-14 12:49:27,532 - INFO - 	                        (12, 2.5726881635430674e-06),
2026-08-14 12:49:27,533 - INFO - 	                        (13, 2.5726881635430674e-06),
2026-08-14 12:49:27,533 - INFO - 	                        (14, 2.5726881635430674e-06),
2026-08-14 12:49:27,533 - INFO - 	                        (15, 2.5726881635430674e-06),
2026-08-14 12:49:27,533 - INFO - 	                        (16, 2.5726881635430674e-06),
2026-08-14 12:49:27,533 - INFO - 	                        (17, 2.5726881635430674e-06),
2026-08-14 12:49:27,533 - INFO - 	                        (18, 2.5726881635430674e-06),
2026-08-14 12:49:27,533 - INFO - 	                        (19, 2.5726881635430674e-06),
2026-08-14 12:49:27,533 - INFO - 	                        (20, 2.5726881635430674e-06),
2026-08-14 12:49:27,533 - INFO - 	                        (21, 2.5726881635430674e-06),
2026-08-14 12:49:27,533 - INFO - 	                        (22, 2.5726881635430674e-06),
2026-08-14 12:49:27,533 - INFO - 	                        (23, 2.5726881635430674e-06),
2026-08-14 12:49:27,533 - INFO - 	                        (24, 2.5726881635430674e-06),
2026-08-14 12:49:27,533 - INFO - 	                        (25, 2.5726881635430674e-06),
2026-08-14 12:49:27,533 - INFO - 	                        (26, 2.5726881635430674e-06),
2026-08-14 12:49:27,533 - INFO - 	                        (27, 2.5726881635430674e-06),
2026-08-14 12:49:27,533 - INFO - 	                        (28, 2.5726881635430674e-06),
2026-08-14 12:49:27,533 - INFO - 	                        (29, 2.5726881635430674e-06),
2026-08-14 12:49:27,534 - INFO - 	                        (30, 2.5726881635430674e-06)],
2026-08-14 12:49:27,534 - INFO - 	 'weighted_recall': [(1, 0.993539724740034),
2026-08-14 12:49:27,534 - INFO - 	                     (2, 0.993539724740034),
2026-08-14 12:49:27,534 - INFO - 	                     (3, 0.978090758732167),
2026-08-14 12:49:27,534 - INFO - 	                     (4, 0.9107787546863972),
2026-08-14 12:49:27,534 - INFO - 	                     (5, 0.9375200566495443),
2026-08-14 12:49:27,534 - INFO - 	                     (6, 0.6375558974310834),
2026-08-14 12:49:27,534 - INFO - 	                     (7, 0.0047172453484834),
2026-08-14 12:49:27,534 - INFO - 	                     (8, 0.0016058900201447446),
2026-08-14 12:49:27,534 - INFO - 	                     (9, 0.001603960150235369),
2026-08-14 12:49:27,534 - INFO - 	                     (10, 0.001603960150235369),
2026-08-14 12:49:27,534 - INFO - 	                     (11, 0.001603960150235369),
2026-08-14 12:49:27,534 - INFO - 	                     (12, 0.001603960150235369),
2026-08-14 12:49:27,534 - INFO - 	                     (13, 0.001603960150235369),
2026-08-14 12:49:27,534 - INFO - 	                     (14, 0.001603960150235369),
2026-08-14 12:49:27,534 - INFO - 	                     (15, 0.001603960150235369),
2026-08-14 12:49:27,535 - INFO - 	                     (16, 0.001603960150235369),
2026-08-14 12:49:27,535 - INFO - 	                     (17, 0.001603960150235369),
2026-08-14 12:49:27,535 - INFO - 	                     (18, 0.001603960150235369),
2026-08-14 12:49:27,535 - INFO - 	                     (19, 0.001603960150235369),
2026-08-14 12:49:27,535 - INFO - 	                     (20, 0.001603960150235369),
2026-08-14 12:49:27,535 - INFO - 	                     (21, 0.001603960150235369),
2026-08-14 12:49:27,535 - INFO - 	                     (22, 0.001603960150235369),
2026-08-14 12:49:27,535 - INFO - 	                     (23, 0.001603960150235369),
2026-08-14 12:49:27,535 - INFO - 	                     (24, 0.001603960150235369),
2026-08-14 12:49:27,535 - INFO - 	                     (25, 0.001603960150235369),
2026-08-14 12:49:27,536 - INFO - 	                     (26, 0.001603960150235369),
2026-08-14 12:49:27,536 - INFO - 	                     (27, 0.001603960150235369),
2026-08-14 12:49:27,536 - INFO - 	                     (28, 0.001603960150235369),
2026-08-14 12:49:27,536 - INFO - 	                     (29, 0.001603960150235369),
2026-08-14 12:49:27,536 - INFO - 	                     (30, 0.001603960150235369)]}
2026-08-14 12:49:27,536 - INFO - 
2026-08-14 12:49:27,540 - INFO - Nap global test: /kaggle/input/datasets/tongxuanvu/100clientiov/global_test_data.pt
2026-08-14 12:49:29,404 - INFO - Global test goc: n=42048683
2026-08-14 12:49:31,157 - INFO - Task 2: loc ve lop 0-8 -> n=41987401
2026-08-14 12:49:31,157 - INFO - Danh gia moi round tren n=41987401 mau (dtype=float16)
2026-08-14 12:49:31,168 - INFO - ===== Task 2: 70 client, 30 round =====
2026-08-14 12:49:31,168 - WARNING - DEPRECATED FEATURE: flwr.simulation.start_simulation() is deprecated.
	Instead, use the `flwr run` CLI command to start a local simulation in your Flower app, as shown for example below:

		$ flwr new  # Create a new Flower app from a template

		$ flwr run  # Run the Flower app in Simulation Mode

	Using `start_simulation()` is deprecated.

            This is a deprecated feature. It will be removed
            entirely in future versions of Flower.
        
2026-08-14 12:49:31,169 - INFO - Starting Flower simulation, config: num_rounds=30, no round_timeout
2026-08-14 12:49:41,312 - INFO - Flower VCE: Ray initialized with resources: {'object_store_memory': 8300465356.0, 'node:172.19.2.2': 1.0, 'GPU': 2.0, 'memory': 19367752500.0, 'CPU': 4.0, 'node:__internal_head__': 1.0, 'accelerator_type:T4': 1.0}
2026-08-14 12:49:41,312 - INFO - Optimize your simulation with Flower VCE: https://flower.ai/docs/framework/how-to-run-simulations.html
2026-08-14 12:49:41,312 - INFO - Flower VCE: Resources for each Virtual Client: {'num_cpus': 1.0, 'num_gpus': 0.5}
2026-08-14 12:49:41,331 - INFO - Flower VCE: Creating VirtualClientEngineActorPool with 4 actors
2026-08-14 12:49:41,333 - INFO - [INIT]
2026-08-14 12:49:41,333 - INFO - Using initial global parameters provided by strategy
2026-08-14 12:49:41,333 - INFO - Starting evaluation of initial global parameters
2026-08-14 12:49:41,337 - INFO - Evaluation returned no results (`None`)
2026-08-14 12:49:41,337 - INFO - 
2026-08-14 12:49:41,337 - INFO - [ROUND 1]
2026-08-14 12:49:41,337 - INFO - configure_fit: strategy sampled 70 clients (out of 70)
2026-08-14 12:49:58,964 - INFO - aggregate_fit: received 70 results and 0 failures
2026-08-14 12:49:59,083 - INFO - [Round 1] tong hop 70 controller (paper) | trong so 0.0009..0.1220 entropy=3.523 train_loss=6.9020
2026-08-14 12:49:59,089 - INFO - [Round 61] luu checkpoint -> out_10shot/checkpoints_cnn/round_061.pth
2026-08-14 12:57:33,103 - INFO - [Round 61] loss=3.6797 acc=0.0016 | micro P/R/F1=0.0016/0.0016/0.0016 | macro P/R/F1=0.0002/0.1111/0.0004 | weighted P/R/F1=0.0000/0.0016/0.0000
2026-08-14 12:57:33,104 - INFO - fit progress: (1, 3.679727683496666, {'accuracy': 0.0016033619227825032, 'micro_precision': 0.0016033619227825032, 'micro_recall': 0.0016033619227825032, 'micro_f1': 0.0016033619227825032, 'macro_precision': 0.00017815132475361146, 'macro_recall': 0.1111111111111111, 'macro_f1': 0.0003557322819117012, 'weighted_precision': 2.570769455428806e-06, 'weighted_recall': 0.0016033619227825032, 'weighted_f1': 5.133308359695775e-06}, 471.767100088)
2026-08-14 12:57:33,104 - INFO - configure_evaluate: no clients selected, skipping evaluation
2026-08-14 12:57:33,105 - INFO - 
2026-08-14 12:57:33,105 - INFO - [ROUND 2]
2026-08-14 12:57:33,105 - INFO - configure_fit: strategy sampled 70 clients (out of 70)
2026-08-14 12:57:34,418 - INFO - aggregate_fit: received 70 results and 0 failures
2026-08-14 12:57:34,533 - INFO - [Round 2] tong hop 70 controller (paper) | trong so 0.0009..0.1220 entropy=3.523 train_loss=6.4144
2026-08-14 12:57:34,537 - INFO - [Round 62] luu checkpoint -> out_10shot/checkpoints_cnn/round_062.pth
2026-08-14 13:05:07,927 - INFO - [Round 62] loss=3.6283 acc=0.0016 | micro P/R/F1=0.0016/0.0016/0.0016 | macro P/R/F1=0.0002/0.1111/0.0004 | weighted P/R/F1=0.0000/0.0016/0.0000
2026-08-14 13:05:07,929 - INFO - fit progress: (2, 3.628293694059926, {'accuracy': 0.0016033619227825032, 'micro_precision': 0.0016033619227825032, 'micro_recall': 0.0016033619227825032, 'micro_f1': 0.0016033619227825032, 'macro_precision': 0.00017815132475361146, 'macro_recall': 0.1111111111111111, 'macro_f1': 0.0003557322819117012, 'weighted_precision': 2.570769455428806e-06, 'weighted_recall': 0.0016033619227825032, 'weighted_f1': 5.133308359695775e-06}, 926.5915329359996)
2026-08-14 13:05:07,929 - INFO - configure_evaluate: no clients selected, skipping evaluation
2026-08-14 13:05:07,929 - INFO - 
2026-08-14 13:05:07,929 - INFO - [ROUND 3]
2026-08-14 13:05:07,929 - INFO - configure_fit: strategy sampled 70 clients (out of 70)
2026-08-14 13:05:09,153 - INFO - aggregate_fit: received 70 results and 0 failures
2026-08-14 13:05:09,255 - INFO - [Round 3] tong hop 70 controller (paper) | trong so 0.0009..0.1220 entropy=3.523 train_loss=5.9812
2026-08-14 13:05:09,259 - INFO - [Round 63] luu checkpoint -> out_10shot/checkpoints_cnn/round_063.pth
2026-08-14 13:12:42,508 - INFO - [Round 63] loss=3.6134 acc=0.0016 | micro P/R/F1=0.0016/0.0016/0.0016 | macro P/R/F1=0.0002/0.1110/0.0004 | weighted P/R/F1=0.0000/0.0016/0.0000
2026-08-14 13:12:42,510 - INFO - fit progress: (3, 3.613435296055957, {'accuracy': 0.0016021710893703565, 'micro_precision': 0.0016021710893703565, 'micro_recall': 0.0016021710893703565, 'micro_f1': 0.0016021710893703565, 'macro_precision': 0.0001795312966289549, 'macro_recall': 0.11102858774461989, 'macro_f1': 0.0003584829325866, 'weighted_precision': 2.5906828046637337e-06, 'weighted_recall': 0.0016021710893703565, 'weighted_f1': 5.1730009566908536e-06}, 1381.1726013429998)
2026-08-14 13:12:42,510 - INFO - configure_evaluate: no clients selected, skipping evaluation
2026-08-14 13:12:42,510 - INFO - 
2026-08-14 13:12:42,510 - INFO - [ROUND 4]
2026-08-14 13:12:42,510 - INFO - configure_fit: strategy sampled 70 clients (out of 70)
2026-08-14 13:12:43,762 - INFO - aggregate_fit: received 70 results and 0 failures
2026-08-14 13:12:43,870 - INFO - [Round 4] tong hop 70 controller (paper) | trong so 0.0009..0.1220 entropy=3.523 train_loss=5.6042
2026-08-14 13:12:43,874 - INFO - [Round 64] luu checkpoint -> out_10shot/checkpoints_cnn/round_064.pth
2026-08-14 13:20:17,911 - INFO - [Round 64] loss=3.5936 acc=0.0015 | micro P/R/F1=0.0015/0.0015/0.0015 | macro P/R/F1=0.0002/0.1034/0.0003 | weighted P/R/F1=0.0000/0.0015/0.0000
2026-08-14 13:20:17,913 - INFO - fit progress: (4, 3.593626860304235, {'accuracy': 0.0014921857154244912, 'micro_precision': 0.0014921857154244912, 'micro_recall': 0.0014921857154244912, 'micro_f1': 0.0014921857154244912, 'macro_precision': 0.00017399549186353558, 'macro_recall': 0.10340672961549063, 'macro_f1': 0.00034740642649101284, 'weighted_precision': 2.5107997175082523e-06, 'weighted_recall': 0.0014921857154244912, 'weighted_f1': 5.013164123690658e-06}, 1836.575928581)
2026-08-14 13:20:17,913 - INFO - configure_evaluate: no clients selected, skipping evaluation
2026-08-14 13:20:17,913 - INFO - 
2026-08-14 13:20:17,913 - INFO - [ROUND 5]
2026-08-14 13:20:17,914 - INFO - configure_fit: strategy sampled 70 clients (out of 70)
2026-08-14 13:20:19,137 - INFO - aggregate_fit: received 70 results and 0 failures
2026-08-14 13:20:19,242 - INFO - [Round 5] tong hop 70 controller (paper) | trong so 0.0009..0.1220 entropy=3.523 train_loss=5.2690
2026-08-14 13:20:19,247 - INFO - [Round 65] luu checkpoint -> out_10shot/checkpoints_cnn/round_065.pth
2026-08-14 13:27:55,343 - INFO - [Round 65] loss=3.5762 acc=0.0014 | micro P/R/F1=0.0014/0.0014/0.0014 | macro P/R/F1=0.0003/0.1098/0.0007 | weighted P/R/F1=0.0000/0.0014/0.0000
2026-08-14 13:27:58,454 - INFO - Luu out_10shot/confusion_matrix_cnn_task2.csv
2026-08-14 13:27:58,454 - INFO - Luu out_10shot/confusion_matrix_cnn_task2_normalized.csv
2026-08-14 13:28:06,920 - INFO - Luu out_10shot/classification_report_cnn_task2.txt
               precision    recall  f1-score   support

       Benign     0.0000    0.0000    0.0000  41700592
          DoS     0.0000    0.0000    0.0000    145129
       double     0.0000    0.0000    0.0000     12413
force-neutral     0.0000    0.0000    0.0000      5744
      fuzzing     0.0013    0.6800    0.0026     67321
     interval     0.0018    0.3079    0.0035     40542
          rpm     0.0000    0.0000    0.0000      5043
rpm-accessory     0.0000    0.0000    0.0000      3146
        speed     0.0000    0.0000    0.0000      7471

     accuracy                         0.0014  41987401
    macro avg     0.0003    0.1098    0.0007  41987401
 weighted avg     0.0000    0.0014    0.0000  41987401

2026-08-14 13:28:07,281 - INFO - Luu out_10shot/confusion_matrix_cnn_task2.png
2026-08-14 13:28:07,282 - INFO - fit progress: (5, 3.576176741776519, {'accuracy': 0.0013876305418380147, 'micro_precision': 0.0013876305418380147, 'micro_recall': 0.0013876305418380147, 'micro_f1': 0.0013876305418380147, 'macro_precision': 0.00034355180229261336, 'macro_recall': 0.10977091958911535, 'macro_f1': 0.0006842627928263229, 'weighted_precision': 3.8200229569952405e-06, 'weighted_recall': 0.0013876305418380147, 'weighted_f1': 7.6121535680384145e-06}, 2305.9451242590003)
2026-08-14 13:28:07,282 - INFO - configure_evaluate: no clients selected, skipping evaluation
2026-08-14 13:28:07,283 - INFO - 
2026-08-14 13:28:07,283 - INFO - [ROUND 6]
2026-08-14 13:28:07,283 - INFO - configure_fit: strategy sampled 70 clients (out of 70)
2026-08-14 13:28:08,495 - INFO - aggregate_fit: received 70 results and 0 failures
2026-08-14 13:28:08,597 - INFO - [Round 6] tong hop 70 controller (paper) | trong so 0.0009..0.1220 entropy=3.523 train_loss=4.9569
2026-08-14 13:28:08,601 - INFO - [Round 66] luu checkpoint -> out_10shot/checkpoints_cnn/round_066.pth
2026-08-14 13:35:44,146 - INFO - [Round 66] loss=3.5510 acc=0.0014 | micro P/R/F1=0.0014/0.0014/0.0014 | macro P/R/F1=0.0003/0.1374/0.0006 | weighted P/R/F1=0.0000/0.0014/0.0000
2026-08-14 13:35:44,147 - INFO - fit progress: (6, 3.5509815362357777, {'accuracy': 0.0013816763747772813, 'micro_precision': 0.0013816763747772813, 'micro_recall': 0.0013816763747772813, 'micro_f1': 0.0013816763747772813, 'macro_precision': 0.00031399225395625736, 'macro_recall': 0.1373518099307063, 'macro_f1': 0.0006258864784999205, 'weighted_precision': 3.683942121211694e-06, 'weighted_recall': 0.0013816763747772813, 'weighted_f1': 7.339996021856745e-06}, 2762.8104753419993)
2026-08-14 13:35:44,148 - INFO - configure_evaluate: no clients selected, skipping evaluation
2026-08-14 13:35:44,148 - INFO - 
2026-08-14 13:35:44,148 - INFO - [ROUND 7]
2026-08-14 13:35:44,148 - INFO - configure_fit: strategy sampled 70 clients (out of 70)
2026-08-14 13:35:45,310 - INFO - aggregate_fit: received 70 results and 0 failures
2026-08-14 13:35:45,414 - INFO - [Round 7] tong hop 70 controller (paper) | trong so 0.0009..0.1220 entropy=3.523 train_loss=4.6814
2026-08-14 13:35:45,418 - INFO - [Round 67] luu checkpoint -> out_10shot/checkpoints_cnn/round_067.pth
2026-08-14 13:43:18,990 - INFO - [Round 67] loss=3.5107 acc=0.0011 | micro P/R/F1=0.0011/0.0011/0.0011 | macro P/R/F1=0.0006/0.1172/0.0010 | weighted P/R/F1=0.0000/0.0011/0.0000
2026-08-14 13:43:18,991 - INFO - fit progress: (7, 3.5106919263470013, {'accuracy': 0.0010530063530248038, 'micro_precision': 0.0010530063530248038, 'micro_recall': 0.0010530063530248038, 'micro_f1': 0.0010530063530248038, 'macro_precision': 0.0005512767641334104, 'macro_recall': 0.11716997667889663, 'macro_f1': 0.0010423441478126143, 'weighted_precision': 7.325381727180388e-06, 'weighted_recall': 0.0010530063530248038, 'weighted_f1': 1.378316874393457e-05}, 3217.653821064998)
2026-08-14 13:43:18,991 - INFO - configure_evaluate: no clients selected, skipping evaluation
2026-08-14 13:43:18,991 - INFO - 
2026-08-14 13:43:18,991 - INFO - [ROUND 8]
2026-08-14 13:43:18,992 - INFO - configure_fit: strategy sampled 70 clients (out of 70)
2026-08-14 13:43:20,160 - INFO - aggregate_fit: received 70 results and 0 failures
2026-08-14 13:43:20,264 - INFO - [Round 8] tong hop 70 controller (paper) | trong so 0.0009..0.1220 entropy=3.523 train_loss=4.4317
2026-08-14 13:43:20,268 - INFO - [Round 68] luu checkpoint -> out_10shot/checkpoints_cnn/round_068.pth
2026-08-14 13:50:51,944 - INFO - [Round 68] loss=3.4523 acc=0.0010 | micro P/R/F1=0.0010/0.0010/0.0010 | macro P/R/F1=0.0032/0.1116/0.0011 | weighted P/R/F1=0.0000/0.0010/0.0000
2026-08-14 13:50:51,945 - INFO - fit progress: (8, 3.4523120666757325, {'accuracy': 0.0009729585310603054, 'micro_precision': 0.0009729585310603054, 'micro_recall': 0.0009729585310603054, 'micro_f1': 0.0009729585310603054, 'macro_precision': 0.003193181410631651, 'macro_recall': 0.11162275598335669, 'macro_f1': 0.0010921778153447012, 'weighted_precision': 4.546243463135135e-05, 'weighted_recall': 0.0009729585310603054, 'weighted_f1': 1.4529606153694481e-05}, 3670.6082529100004)
2026-08-14 13:50:51,946 - INFO - configure_evaluate: no clients selected, skipping evaluation
2026-08-14 13:50:51,946 - INFO - 
2026-08-14 13:50:51,946 - INFO - [ROUND 9]
2026-08-14 13:50:51,946 - INFO - configure_fit: strategy sampled 70 clients (out of 70)
2026-08-14 13:50:53,101 - INFO - aggregate_fit: received 70 results and 0 failures
2026-08-14 13:50:53,216 - INFO - [Round 9] tong hop 70 controller (paper) | trong so 0.0009..0.1220 entropy=3.523 train_loss=4.1924
2026-08-14 13:50:53,220 - INFO - [Round 69] luu checkpoint -> out_10shot/checkpoints_cnn/round_069.pth
2026-08-14 13:58:26,437 - INFO - [Round 69] loss=3.3938 acc=0.0010 | micro P/R/F1=0.0010/0.0010/0.0010 | macro P/R/F1=0.0001/0.1111/0.0002 | weighted P/R/F1=0.0000/0.0010/0.0000
2026-08-14 13:58:26,438 - INFO - fit progress: (9, 3.393768301243643, {'accuracy': 0.0009655753639049962, 'micro_precision': 0.0009655753639049962, 'micro_recall': 0.0009655753639049962, 'micro_f1': 0.0009655753639049962, 'macro_precision': 0.00010728616176579526, 'macro_recall': 0.1111111111111111, 'macro_f1': 0.00021436533762298773, 'weighted_precision': 9.323358722008023e-07, 'weighted_recall': 0.0009655753639049962, 'weighted_f1': 1.8628729999554038e-06}, 4125.100785523)
2026-08-14 13:58:26,438 - INFO - configure_evaluate: no clients selected, skipping evaluation
2026-08-14 13:58:26,438 - INFO - 
2026-08-14 13:58:26,438 - INFO - [ROUND 10]
2026-08-14 13:58:26,438 - INFO - configure_fit: strategy sampled 70 clients (out of 70)
2026-08-14 13:58:27,582 - INFO - aggregate_fit: received 70 results and 0 failures
2026-08-14 13:58:27,685 - INFO - [Round 10] tong hop 70 controller (paper) | trong so 0.0009..0.1220 entropy=3.523 train_loss=3.9767
2026-08-14 13:58:27,690 - INFO - [Round 70] luu checkpoint -> out_10shot/checkpoints_cnn/round_070.pth
2026-08-14 14:06:00,258 - INFO - [Round 70] loss=3.3375 acc=0.0010 | micro P/R/F1=0.0010/0.0010/0.0010 | macro P/R/F1=0.0001/0.1111/0.0002 | weighted P/R/F1=0.0000/0.0010/0.0000
2026-08-14 14:06:03,246 - INFO - Luu out_10shot/confusion_matrix_cnn_task2.csv
2026-08-14 14:06:03,247 - INFO - Luu out_10shot/confusion_matrix_cnn_task2_normalized.csv
2026-08-14 14:06:10,881 - INFO - Luu out_10shot/classification_report_cnn_task2.txt
               precision    recall  f1-score   support

       Benign     0.0000    0.0000    0.0000  41700592
          DoS     0.0000    0.0000    0.0000    145129
       double     0.0000    0.0000    0.0000     12413
force-neutral     0.0000    0.0000    0.0000      5744
      fuzzing     0.0000    0.0000    0.0000     67321
     interval     0.0010    1.0000    0.0019     40542
          rpm     0.0000    0.0000    0.0000      5043
rpm-accessory     0.0000    0.0000    0.0000      3146
        speed     0.0000    0.0000    0.0000      7471

     accuracy                         0.0010  41987401
    macro avg     0.0001    0.1111    0.0002  41987401
 weighted avg     0.0000    0.0010    0.0000  41987401

2026-08-14 14:06:11,233 - INFO - Luu out_10shot/confusion_matrix_cnn_task2.png
2026-08-14 14:06:11,234 - INFO - fit progress: (10, 3.3375365124971226, {'accuracy': 0.0009655753639049962, 'micro_precision': 0.0009655753639049962, 'micro_recall': 0.0009655753639049962, 'micro_f1': 0.0009655753639049962, 'macro_precision': 0.00010728615154499957, 'macro_recall': 0.1111111111111111, 'macro_f1': 0.00021436531722081504, 'weighted_precision': 9.323357833802659e-07, 'weighted_recall': 0.0009655753639049962, 'weighted_f1': 1.862872822656886e-06}, 4589.896669732001)
2026-08-14 14:06:11,234 - INFO - configure_evaluate: no clients selected, skipping evaluation
2026-08-14 14:06:11,234 - INFO - 
2026-08-14 14:06:11,234 - INFO - [ROUND 11]
2026-08-14 14:06:11,235 - INFO - configure_fit: strategy sampled 70 clients (out of 70)
2026-08-14 14:06:12,416 - INFO - aggregate_fit: received 70 results and 0 failures
2026-08-14 14:06:12,520 - INFO - [Round 11] tong hop 70 controller (paper) | trong so 0.0009..0.1220 entropy=3.523 train_loss=3.7910
2026-08-14 14:06:12,524 - INFO - [Round 71] luu checkpoint -> out_10shot/checkpoints_cnn/round_071.pth
2026-08-14 14:13:43,523 - INFO - [Round 71] loss=3.2645 acc=0.0010 | micro P/R/F1=0.0010/0.0010/0.0010 | macro P/R/F1=0.0001/0.1111/0.0002 | weighted P/R/F1=0.0000/0.0010/0.0000
2026-08-14 14:13:43,525 - INFO - fit progress: (11, 3.2644859128737496, {'accuracy': 0.0009655753639049962, 'micro_precision': 0.0009655753639049962, 'micro_recall': 0.0009655753639049962, 'micro_f1': 0.0009655753639049962, 'macro_precision': 0.00010728615154499957, 'macro_recall': 0.1111111111111111, 'macro_f1': 0.00021436531722081504, 'weighted_precision': 9.323357833802659e-07, 'weighted_recall': 0.0009655753639049962, 'weighted_f1': 1.862872822656886e-06}, 5042.187582330998)
2026-08-14 14:13:43,525 - INFO - configure_evaluate: no clients selected, skipping evaluation
2026-08-14 14:13:43,525 - INFO - 
2026-08-14 14:13:43,525 - INFO - [ROUND 12]
2026-08-14 14:13:43,525 - INFO - configure_fit: strategy sampled 70 clients (out of 70)
2026-08-14 14:13:44,689 - INFO - aggregate_fit: received 70 results and 0 failures
2026-08-14 14:13:44,792 - INFO - [Round 12] tong hop 70 controller (paper) | trong so 0.0009..0.1220 entropy=3.523 train_loss=3.6172
2026-08-14 14:13:44,796 - INFO - [Round 72] luu checkpoint -> out_10shot/checkpoints_cnn/round_072.pth
2026-08-14 14:21:17,022 - INFO - [Round 72] loss=3.1869 acc=0.0010 | micro P/R/F1=0.0010/0.0010/0.0010 | macro P/R/F1=0.0001/0.1111/0.0002 | weighted P/R/F1=0.0000/0.0010/0.0000
2026-08-14 14:21:17,023 - INFO - fit progress: (12, 3.1868677414425313, {'accuracy': 0.0009655753639049962, 'micro_precision': 0.0009655753639049962, 'micro_recall': 0.0009655753639049962, 'micro_f1': 0.0009655753639049962, 'macro_precision': 0.00010728615154499957, 'macro_recall': 0.1111111111111111, 'macro_f1': 0.00021436531722081504, 'weighted_precision': 9.323357833802659e-07, 'weighted_recall': 0.0009655753639049962, 'weighted_f1': 1.862872822656886e-06}, 5495.685955724)
2026-08-14 14:21:17,023 - INFO - configure_evaluate: no clients selected, skipping evaluation
2026-08-14 14:21:17,023 - INFO - 
2026-08-14 14:21:17,024 - INFO - [ROUND 13]
2026-08-14 14:21:17,024 - INFO - configure_fit: strategy sampled 70 clients (out of 70)
2026-08-14 14:21:18,216 - INFO - aggregate_fit: received 70 results and 0 failures
2026-08-14 14:21:18,317 - INFO - [Round 13] tong hop 70 controller (paper) | trong so 0.0009..0.1220 entropy=3.523 train_loss=3.4651
2026-08-14 14:21:18,321 - INFO - [Round 73] luu checkpoint -> out_10shot/checkpoints_cnn/round_073.pth
2026-08-14 14:28:49,498 - INFO - [Round 73] loss=3.1293 acc=0.0010 | micro P/R/F1=0.0010/0.0010/0.0010 | macro P/R/F1=0.0001/0.1111/0.0002 | weighted P/R/F1=0.0000/0.0010/0.0000
2026-08-14 14:28:49,500 - INFO - fit progress: (13, 3.12933686723617, {'accuracy': 0.0009655753639049962, 'micro_precision': 0.0009655753639049962, 'micro_recall': 0.0009655753639049962, 'micro_f1': 0.0009655753639049962, 'macro_precision': 0.00010728615154499957, 'macro_recall': 0.1111111111111111, 'macro_f1': 0.00021436531722081504, 'weighted_precision': 9.323357833802659e-07, 'weighted_recall': 0.0009655753639049962, 'weighted_f1': 1.862872822656886e-06}, 5948.162515204998)
2026-08-14 14:28:49,500 - INFO - configure_evaluate: no clients selected, skipping evaluation
2026-08-14 14:28:49,500 - INFO - 
2026-08-14 14:28:49,500 - INFO - [ROUND 14]
2026-08-14 14:28:49,500 - INFO - configure_fit: strategy sampled 70 clients (out of 70)
2026-08-14 14:28:50,645 - INFO - aggregate_fit: received 70 results and 0 failures
2026-08-14 14:28:50,751 - INFO - [Round 14] tong hop 70 controller (paper) | trong so 0.0009..0.1220 entropy=3.523 train_loss=3.3321
2026-08-14 14:28:50,755 - INFO - [Round 74] luu checkpoint -> out_10shot/checkpoints_cnn/round_074.pth
2026-08-14 14:36:22,056 - INFO - [Round 74] loss=3.0477 acc=0.0010 | micro P/R/F1=0.0010/0.0010/0.0010 | macro P/R/F1=0.0001/0.1111/0.0002 | weighted P/R/F1=0.0000/0.0010/0.0000
2026-08-14 14:36:22,057 - INFO - fit progress: (14, 3.0477387229938784, {'accuracy': 0.0009655753639049962, 'micro_precision': 0.0009655753639049962, 'micro_recall': 0.0009655753639049962, 'micro_f1': 0.0009655753639049962, 'macro_precision': 0.00010728615154499957, 'macro_recall': 0.1111111111111111, 'macro_f1': 0.00021436531722081504, 'weighted_precision': 9.323357833802659e-07, 'weighted_recall': 0.0009655753639049962, 'weighted_f1': 1.862872822656886e-06}, 6400.720425418998)
2026-08-14 14:36:22,058 - INFO - configure_evaluate: no clients selected, skipping evaluation
2026-08-14 14:36:22,058 - INFO - 
2026-08-14 14:36:22,058 - INFO - [ROUND 15]
2026-08-14 14:36:22,058 - INFO - configure_fit: strategy sampled 70 clients (out of 70)
2026-08-14 14:36:23,192 - INFO - aggregate_fit: received 70 results and 0 failures
2026-08-14 14:36:23,293 - INFO - [Round 15] tong hop 70 controller (paper) | trong so 0.0009..0.1220 entropy=3.523 train_loss=3.2023
2026-08-14 14:36:23,297 - INFO - [Round 75] luu checkpoint -> out_10shot/checkpoints_cnn/round_075.pth
2026-08-14 14:43:56,617 - INFO - [Round 75] loss=2.9628 acc=0.0010 | micro P/R/F1=0.0010/0.0010/0.0010 | macro P/R/F1=0.0001/0.1111/0.0002 | weighted P/R/F1=0.0000/0.0010/0.0000
2026-08-14 14:43:59,468 - INFO - Luu out_10shot/confusion_matrix_cnn_task2.csv
2026-08-14 14:43:59,468 - INFO - Luu out_10shot/confusion_matrix_cnn_task2_normalized.csv
2026-08-14 14:44:07,270 - INFO - Luu out_10shot/classification_report_cnn_task2.txt
               precision    recall  f1-score   support

       Benign     0.0000    0.0000    0.0000  41700592
          DoS     0.0000    0.0000    0.0000    145129
       double     0.0000    0.0000    0.0000     12413
force-neutral     0.0000    0.0000    0.0000      5744
      fuzzing     0.0000    0.0000    0.0000     67321
     interval     0.0010    1.0000    0.0019     40542
          rpm     0.0000    0.0000    0.0000      5043
rpm-accessory     0.0000    0.0000    0.0000      3146
        speed     0.0000    0.0000    0.0000      7471

     accuracy                         0.0010  41987401
    macro avg     0.0001    0.1111    0.0002  41987401
 weighted avg     0.0000    0.0010    0.0000  41987401

2026-08-14 14:44:07,641 - INFO - Luu out_10shot/confusion_matrix_cnn_task2.png
2026-08-14 14:44:07,642 - INFO - fit progress: (15, 2.962814698555611, {'accuracy': 0.0009655753639049962, 'micro_precision': 0.0009655753639049962, 'micro_recall': 0.0009655753639049962, 'micro_f1': 0.0009655753639049962, 'macro_precision': 0.00010728615154499957, 'macro_recall': 0.1111111111111111, 'macro_f1': 0.00021436531722081504, 'weighted_precision': 9.323357833802659e-07, 'weighted_recall': 0.0009655753639049962, 'weighted_f1': 1.862872822656886e-06}, 6866.3053786129985)
2026-08-14 14:44:07,643 - INFO - configure_evaluate: no clients selected, skipping evaluation
2026-08-14 14:44:07,643 - INFO - 
2026-08-14 14:44:07,643 - INFO - [ROUND 16]
2026-08-14 14:44:07,643 - INFO - configure_fit: strategy sampled 70 clients (out of 70)
2026-08-14 14:44:08,809 - INFO - aggregate_fit: received 70 results and 0 failures
2026-08-14 14:44:08,916 - INFO - [Round 16] tong hop 70 controller (paper) | trong so 0.0009..0.1220 entropy=3.523 train_loss=3.0806
2026-08-14 14:44:08,921 - INFO - [Round 76] luu checkpoint -> out_10shot/checkpoints_cnn/round_076.pth
2026-08-14 14:51:42,297 - INFO - [Round 76] loss=2.8958 acc=0.0010 | micro P/R/F1=0.0010/0.0010/0.0010 | macro P/R/F1=0.0001/0.1111/0.0002 | weighted P/R/F1=0.0000/0.0010/0.0000
2026-08-14 14:51:42,298 - INFO - fit progress: (16, 2.8957997761799783, {'accuracy': 0.0009655753639049962, 'micro_precision': 0.0009655753639049962, 'micro_recall': 0.0009655753639049962, 'micro_f1': 0.0009655753639049962, 'macro_precision': 0.00010728615154499957, 'macro_recall': 0.1111111111111111, 'macro_f1': 0.00021436531722081504, 'weighted_precision': 9.323357833802659e-07, 'weighted_recall': 0.0009655753639049962, 'weighted_f1': 1.862872822656886e-06}, 7320.9608891359985)
2026-08-14 14:51:42,298 - INFO - configure_evaluate: no clients selected, skipping evaluation
2026-08-14 14:51:42,298 - INFO - 
2026-08-14 14:51:42,298 - INFO - [ROUND 17]
2026-08-14 14:51:42,298 - INFO - configure_fit: strategy sampled 70 clients (out of 70)
2026-08-14 14:51:43,444 - INFO - aggregate_fit: received 70 results and 0 failures
2026-08-14 14:51:43,552 - INFO - [Round 17] tong hop 70 controller (paper) | trong so 0.0009..0.1220 entropy=3.523 train_loss=2.9753
2026-08-14 14:51:43,556 - INFO - [Round 77] luu checkpoint -> out_10shot/checkpoints_cnn/round_077.pth
2026-08-14 14:59:17,671 - INFO - [Round 77] loss=2.8090 acc=0.0010 | micro P/R/F1=0.0010/0.0010/0.0010 | macro P/R/F1=0.0001/0.1111/0.0002 | weighted P/R/F1=0.0000/0.0010/0.0000
2026-08-14 14:59:17,673 - INFO - fit progress: (17, 2.8090025626697863, {'accuracy': 0.0009655753639049962, 'micro_precision': 0.0009655753639049962, 'micro_recall': 0.0009655753639049962, 'micro_f1': 0.0009655753639049962, 'macro_precision': 0.00010728615154499957, 'macro_recall': 0.1111111111111111, 'macro_f1': 0.00021436531722081504, 'weighted_precision': 9.323357833802659e-07, 'weighted_recall': 0.0009655753639049962, 'weighted_f1': 1.862872822656886e-06}, 7776.335531481998)
2026-08-14 14:59:17,673 - INFO - configure_evaluate: no clients selected, skipping evaluation
2026-08-14 14:59:17,673 - INFO - 
2026-08-14 14:59:17,673 - INFO - [ROUND 18]
2026-08-14 14:59:17,673 - INFO - configure_fit: strategy sampled 70 clients (out of 70)
2026-08-14 14:59:18,820 - INFO - aggregate_fit: received 70 results and 0 failures
2026-08-14 14:59:18,924 - INFO - [Round 18] tong hop 70 controller (paper) | trong so 0.0009..0.1220 entropy=3.523 train_loss=2.8757
2026-08-14 14:59:18,929 - INFO - [Round 78] luu checkpoint -> out_10shot/checkpoints_cnn/round_078.pth
2026-08-14 15:06:51,661 - INFO - [Round 78] loss=2.7358 acc=0.0010 | micro P/R/F1=0.0010/0.0010/0.0010 | macro P/R/F1=0.0001/0.1111/0.0002 | weighted P/R/F1=0.0000/0.0010/0.0000
2026-08-14 15:06:51,663 - INFO - fit progress: (18, 2.735807064812005, {'accuracy': 0.0009655753639049962, 'micro_precision': 0.0009655753639049962, 'micro_recall': 0.0009655753639049962, 'micro_f1': 0.0009655753639049962, 'macro_precision': 0.00010728615154499957, 'macro_recall': 0.1111111111111111, 'macro_f1': 0.00021436531722081504, 'weighted_precision': 9.323357833802659e-07, 'weighted_recall': 0.0009655753639049962, 'weighted_f1': 1.862872822656886e-06}, 8230.325773325001)
2026-08-14 15:06:51,663 - INFO - configure_evaluate: no clients selected, skipping evaluation
2026-08-14 15:06:51,663 - INFO - 
2026-08-14 15:06:51,663 - INFO - [ROUND 19]
2026-08-14 15:06:51,663 - INFO - configure_fit: strategy sampled 70 clients (out of 70)
2026-08-14 15:06:52,812 - INFO - aggregate_fit: received 70 results and 0 failures
2026-08-14 15:06:52,916 - INFO - [Round 19] tong hop 70 controller (paper) | trong so 0.0009..0.1220 entropy=3.523 train_loss=2.7729
2026-08-14 15:06:52,921 - INFO - [Round 79] luu checkpoint -> out_10shot/checkpoints_cnn/round_079.pth
2026-08-14 15:14:26,237 - INFO - [Round 79] loss=2.6522 acc=0.0010 | micro P/R/F1=0.0010/0.0010/0.0010 | macro P/R/F1=0.0001/0.1111/0.0002 | weighted P/R/F1=0.0000/0.0010/0.0000
2026-08-14 15:14:26,238 - INFO - fit progress: (19, 2.6521709681185217, {'accuracy': 0.0009655753639049962, 'micro_precision': 0.0009655753639049962, 'micro_recall': 0.0009655753639049962, 'micro_f1': 0.0009655753639049962, 'macro_precision': 0.00010728615154499957, 'macro_recall': 0.1111111111111111, 'macro_f1': 0.00021436531722081504, 'weighted_precision': 9.323357833802659e-07, 'weighted_recall': 0.0009655753639049962, 'weighted_f1': 1.862872822656886e-06}, 8684.901268078998)
2026-08-14 15:14:26,239 - INFO - configure_evaluate: no clients selected, skipping evaluation
2026-08-14 15:14:26,239 - INFO - 
2026-08-14 15:14:26,239 - INFO - [ROUND 20]
2026-08-14 15:14:26,239 - INFO - configure_fit: strategy sampled 70 clients (out of 70)
2026-08-14 15:14:27,384 - INFO - aggregate_fit: received 70 results and 0 failures
2026-08-14 15:14:27,489 - INFO - [Round 20] tong hop 70 controller (paper) | trong so 0.0009..0.1220 entropy=3.523 train_loss=2.6750
2026-08-14 15:14:27,493 - INFO - [Round 80] luu checkpoint -> out_10shot/checkpoints_cnn/round_080.pth
2026-08-14 15:22:01,340 - INFO - [Round 80] loss=2.6081 acc=0.0010 | micro P/R/F1=0.0010/0.0010/0.0010 | macro P/R/F1=0.0001/0.1111/0.0002 | weighted P/R/F1=0.0000/0.0010/0.0000
2026-08-14 15:22:04,336 - INFO - Luu out_10shot/confusion_matrix_cnn_task2.csv
2026-08-14 15:22:04,337 - INFO - Luu out_10shot/confusion_matrix_cnn_task2_normalized.csv
2026-08-14 15:22:11,853 - INFO - Luu out_10shot/classification_report_cnn_task2.txt
               precision    recall  f1-score   support

       Benign     0.0000    0.0000    0.0000  41700592
          DoS     0.0000    0.0000    0.0000    145129
       double     0.0000    0.0000    0.0000     12413
force-neutral     0.0000    0.0000    0.0000      5744
      fuzzing     0.0000    0.0000    0.0000     67321
     interval     0.0010    1.0000    0.0019     40542
          rpm     0.0000    0.0000    0.0000      5043
rpm-accessory     0.0000    0.0000    0.0000      3146
        speed     0.0000    0.0000    0.0000      7471

     accuracy                         0.0010  41987401
    macro avg     0.0001    0.1111    0.0002  41987401
 weighted avg     0.0000    0.0010    0.0000  41987401

2026-08-14 15:22:12,197 - INFO - Luu out_10shot/confusion_matrix_cnn_task2.png
2026-08-14 15:22:12,198 - INFO - fit progress: (20, 2.608070285433549, {'accuracy': 0.0009655753639049962, 'micro_precision': 0.0009655753639049962, 'micro_recall': 0.0009655753639049962, 'micro_f1': 0.0009655753639049962, 'macro_precision': 0.00010728615154499957, 'macro_recall': 0.1111111111111111, 'macro_f1': 0.00021436531722081504, 'weighted_precision': 9.323357833802659e-07, 'weighted_recall': 0.0009655753639049962, 'weighted_f1': 1.862872822656886e-06}, 9150.860801558001)
2026-08-14 15:22:12,198 - INFO - configure_evaluate: no clients selected, skipping evaluation
2026-08-14 15:22:12,198 - INFO - 
2026-08-14 15:22:12,198 - INFO - [ROUND 21]
2026-08-14 15:22:12,198 - INFO - configure_fit: strategy sampled 70 clients (out of 70)
2026-08-14 15:22:13,370 - INFO - aggregate_fit: received 70 results and 0 failures
2026-08-14 15:22:13,475 - INFO - [Round 21] tong hop 70 controller (paper) | trong so 0.0009..0.1220 entropy=3.523 train_loss=2.5885
2026-08-14 15:22:13,480 - INFO - [Round 81] luu checkpoint -> out_10shot/checkpoints_cnn/round_081.pth
2026-08-14 15:29:45,489 - INFO - [Round 81] loss=2.5463 acc=0.0010 | micro P/R/F1=0.0010/0.0010/0.0010 | macro P/R/F1=0.0001/0.1111/0.0002 | weighted P/R/F1=0.0000/0.0010/0.0000
2026-08-14 15:29:45,490 - INFO - fit progress: (21, 2.5462653842998964, {'accuracy': 0.0009655753639049962, 'micro_precision': 0.0009655753639049962, 'micro_recall': 0.0009655753639049962, 'micro_f1': 0.0009655753639049962, 'macro_precision': 0.00010728615154499957, 'macro_recall': 0.1111111111111111, 'macro_f1': 0.00021436531722081504, 'weighted_precision': 9.323357833802659e-07, 'weighted_recall': 0.0009655753639049962, 'weighted_f1': 1.862872822656886e-06}, 9604.152928673999)
2026-08-14 15:29:45,490 - INFO - configure_evaluate: no clients selected, skipping evaluation
2026-08-14 15:29:45,490 - INFO - 
2026-08-14 15:29:45,491 - INFO - [ROUND 22]
2026-08-14 15:29:45,491 - INFO - configure_fit: strategy sampled 70 clients (out of 70)
2026-08-14 15:29:46,656 - INFO - aggregate_fit: received 70 results and 0 failures
2026-08-14 15:29:46,759 - INFO - [Round 22] tong hop 70 controller (paper) | trong so 0.0009..0.1220 entropy=3.523 train_loss=2.5012
2026-08-14 15:29:46,762 - INFO - [Round 82] luu checkpoint -> out_10shot/checkpoints_cnn/round_082.pth
2026-08-14 15:37:22,061 - INFO - [Round 82] loss=2.5228 acc=0.0010 | micro P/R/F1=0.0010/0.0010/0.0010 | macro P/R/F1=0.0001/0.1111/0.0002 | weighted P/R/F1=0.0000/0.0010/0.0000
2026-08-14 15:37:22,062 - INFO - fit progress: (22, 2.5228195473480524, {'accuracy': 0.0009655753639049962, 'micro_precision': 0.0009655753639049962, 'micro_recall': 0.0009655753639049962, 'micro_f1': 0.0009655753639049962, 'macro_precision': 0.00010728615154499957, 'macro_recall': 0.1111111111111111, 'macro_f1': 0.00021436531722081504, 'weighted_precision': 9.323357833802659e-07, 'weighted_recall': 0.0009655753639049962, 'weighted_f1': 1.862872822656886e-06}, 10060.724890176001)
2026-08-14 15:37:22,062 - INFO - configure_evaluate: no clients selected, skipping evaluation
2026-08-14 15:37:22,062 - INFO - 
2026-08-14 15:37:22,062 - INFO - [ROUND 23]
2026-08-14 15:37:22,063 - INFO - configure_fit: strategy sampled 70 clients (out of 70)
2026-08-14 15:37:23,217 - INFO - aggregate_fit: received 70 results and 0 failures
2026-08-14 15:37:23,322 - INFO - [Round 23] tong hop 70 controller (paper) | trong so 0.0009..0.1220 entropy=3.523 train_loss=2.4132
2026-08-14 15:37:23,326 - INFO - [Round 83] luu checkpoint -> out_10shot/checkpoints_cnn/round_083.pth
2026-08-14 15:44:55,494 - INFO - [Round 83] loss=2.4932 acc=0.0010 | micro P/R/F1=0.0010/0.0010/0.0010 | macro P/R/F1=0.0001/0.1111/0.0002 | weighted P/R/F1=0.0000/0.0010/0.0000
2026-08-14 15:44:55,496 - INFO - fit progress: (23, 2.493246099167644, {'accuracy': 0.0009655753639049962, 'micro_precision': 0.0009655753639049962, 'micro_recall': 0.0009655753639049962, 'micro_f1': 0.0009655753639049962, 'macro_precision': 0.00010728615154499957, 'macro_recall': 0.1111111111111111, 'macro_f1': 0.00021436531722081504, 'weighted_precision': 9.323357833802659e-07, 'weighted_recall': 0.0009655753639049962, 'weighted_f1': 1.862872822656886e-06}, 10514.158566299999)
2026-08-14 15:44:55,496 - INFO - configure_evaluate: no clients selected, skipping evaluation
2026-08-14 15:44:55,496 - INFO - 
2026-08-14 15:44:55,496 - INFO - [ROUND 24]
2026-08-14 15:44:55,496 - INFO - configure_fit: strategy sampled 70 clients (out of 70)
2026-08-14 15:44:56,637 - INFO - aggregate_fit: received 70 results and 0 failures
2026-08-14 15:44:56,738 - INFO - [Round 24] tong hop 70 controller (paper) | trong so 0.0009..0.1220 entropy=3.523 train_loss=2.3261
2026-08-14 15:44:56,742 - INFO - [Round 84] luu checkpoint -> out_10shot/checkpoints_cnn/round_084.pth
2026-08-14 15:52:30,456 - INFO - [Round 84] loss=2.4682 acc=0.0010 | micro P/R/F1=0.0010/0.0010/0.0010 | macro P/R/F1=0.0001/0.1111/0.0002 | weighted P/R/F1=0.0000/0.0010/0.0000
2026-08-14 15:52:30,457 - INFO - fit progress: (24, 2.468186332032618, {'accuracy': 0.0009655753639049962, 'micro_precision': 0.0009655753639049962, 'micro_recall': 0.0009655753639049962, 'micro_f1': 0.0009655753639049962, 'macro_precision': 0.00010728615154499957, 'macro_recall': 0.1111111111111111, 'macro_f1': 0.00021436531722081504, 'weighted_precision': 9.323357833802659e-07, 'weighted_recall': 0.0009655753639049962, 'weighted_f1': 1.862872822656886e-06}, 10969.120369199)
2026-08-14 15:52:30,458 - INFO - configure_evaluate: no clients selected, skipping evaluation
2026-08-14 15:52:30,458 - INFO - 
2026-08-14 15:52:30,458 - INFO - [ROUND 25]
2026-08-14 15:52:30,458 - INFO - configure_fit: strategy sampled 70 clients (out of 70)
2026-08-14 15:52:31,577 - INFO - aggregate_fit: received 70 results and 0 failures
2026-08-14 15:52:31,681 - INFO - [Round 25] tong hop 70 controller (paper) | trong so 0.0009..0.1220 entropy=3.523 train_loss=2.2524
2026-08-14 15:52:31,686 - INFO - [Round 85] luu checkpoint -> out_10shot/checkpoints_cnn/round_085.pth
2026-08-14 16:00:03,701 - INFO - [Round 85] loss=2.4471 acc=0.0010 | micro P/R/F1=0.0010/0.0010/0.0010 | macro P/R/F1=0.0001/0.1111/0.0002 | weighted P/R/F1=0.0000/0.0010/0.0000
2026-08-14 16:00:06,454 - INFO - Luu out_10shot/confusion_matrix_cnn_task2.csv
2026-08-14 16:00:06,454 - INFO - Luu out_10shot/confusion_matrix_cnn_task2_normalized.csv
2026-08-14 16:00:13,927 - INFO - Luu out_10shot/classification_report_cnn_task2.txt
               precision    recall  f1-score   support

       Benign     0.0000    0.0000    0.0000  41700592
          DoS     0.0000    0.0000    0.0000    145129
       double     0.0000    0.0000    0.0000     12413
force-neutral     0.0000    0.0000    0.0000      5744
      fuzzing     0.0000    0.0000    0.0000     67321
     interval     0.0010    1.0000    0.0019     40542
          rpm     0.0000    0.0000    0.0000      5043
rpm-accessory     0.0000    0.0000    0.0000      3146
        speed     0.0000    0.0000    0.0000      7471

     accuracy                         0.0010  41987401
    macro avg     0.0001    0.1111    0.0002  41987401
 weighted avg     0.0000    0.0010    0.0000  41987401

2026-08-14 16:00:14,282 - INFO - Luu out_10shot/confusion_matrix_cnn_task2.png
2026-08-14 16:00:14,283 - INFO - fit progress: (25, 2.447129185706066, {'accuracy': 0.0009655753639049962, 'micro_precision': 0.0009655753639049962, 'micro_recall': 0.0009655753639049962, 'micro_f1': 0.0009655753639049962, 'macro_precision': 0.00010728615154499957, 'macro_recall': 0.1111111111111111, 'macro_f1': 0.00021436531722081504, 'weighted_precision': 9.323357833802659e-07, 'weighted_recall': 0.0009655753639049962, 'weighted_f1': 1.862872822656886e-06}, 11432.945548343001)
2026-08-14 16:00:14,283 - INFO - configure_evaluate: no clients selected, skipping evaluation
2026-08-14 16:00:14,283 - INFO - 
2026-08-14 16:00:14,283 - INFO - [ROUND 26]
2026-08-14 16:00:14,283 - INFO - configure_fit: strategy sampled 70 clients (out of 70)
2026-08-14 16:00:15,451 - INFO - aggregate_fit: received 70 results and 0 failures
2026-08-14 16:00:15,555 - INFO - [Round 26] tong hop 70 controller (paper) | trong so 0.0009..0.1220 entropy=3.523 train_loss=2.1798
2026-08-14 16:00:15,559 - INFO - [Round 86] luu checkpoint -> out_10shot/checkpoints_cnn/round_086.pth
2026-08-14 16:08:16,237 - INFO - [Round 86] loss=2.4289 acc=0.0010 | micro P/R/F1=0.0010/0.0010/0.0010 | macro P/R/F1=0.0001/0.1111/0.0002 | weighted P/R/F1=0.0000/0.0010/0.0000
2026-08-14 16:08:16,238 - INFO - fit progress: (26, 2.4288739952014464, {'accuracy': 0.0009655753639049962, 'micro_precision': 0.0009655753639049962, 'micro_recall': 0.0009655753639049962, 'micro_f1': 0.0009655753639049962, 'macro_precision': 0.00010728615154499957, 'macro_recall': 0.1111111111111111, 'macro_f1': 0.00021436531722081504, 'weighted_precision': 9.323357833802659e-07, 'weighted_recall': 0.0009655753639049962, 'weighted_f1': 1.862872822656886e-06}, 11914.900998562998)
2026-08-14 16:08:16,238 - INFO - configure_evaluate: no clients selected, skipping evaluation
2026-08-14 16:08:16,238 - INFO - 
2026-08-14 16:08:16,238 - INFO - [ROUND 27]
2026-08-14 16:08:16,239 - INFO - configure_fit: strategy sampled 70 clients (out of 70)
2026-08-14 16:08:17,458 - INFO - aggregate_fit: received 70 results and 0 failures
2026-08-14 16:08:17,565 - INFO - [Round 27] tong hop 70 controller (paper) | trong so 0.0009..0.1220 entropy=3.523 train_loss=2.1135
2026-08-14 16:08:17,569 - INFO - [Round 87] luu checkpoint -> out_10shot/checkpoints_cnn/round_087.pth
2026-08-14 16:16:35,344 - INFO - [Round 87] loss=2.4147 acc=0.0010 | micro P/R/F1=0.0010/0.0010/0.0010 | macro P/R/F1=0.0001/0.1111/0.0002 | weighted P/R/F1=0.0000/0.0010/0.0000
2026-08-14 16:16:35,346 - INFO - fit progress: (27, 2.4146618465134813, {'accuracy': 0.0009655753639049962, 'micro_precision': 0.0009655753639049962, 'micro_recall': 0.0009655753639049962, 'micro_f1': 0.0009655753639049962, 'macro_precision': 0.00010728615154499957, 'macro_recall': 0.1111111111111111, 'macro_f1': 0.00021436531722081504, 'weighted_precision': 9.323357833802659e-07, 'weighted_recall': 0.0009655753639049962, 'weighted_f1': 1.862872822656886e-06}, 12414.008518947)
2026-08-14 16:16:35,346 - INFO - configure_evaluate: no clients selected, skipping evaluation
2026-08-14 16:16:35,346 - INFO - 
2026-08-14 16:16:35,346 - INFO - [ROUND 28]
2026-08-14 16:16:35,346 - INFO - configure_fit: strategy sampled 70 clients (out of 70)
2026-08-14 16:16:36,549 - INFO - aggregate_fit: received 70 results and 0 failures
2026-08-14 16:16:36,656 - INFO - [Round 28] tong hop 70 controller (paper) | trong so 0.0009..0.1220 entropy=3.523 train_loss=2.0435
2026-08-14 16:16:36,660 - INFO - [Round 88] luu checkpoint -> out_10shot/checkpoints_cnn/round_088.pth
2026-08-14 16:24:56,190 - INFO - [Round 88] loss=2.4019 acc=0.0010 | micro P/R/F1=0.0010/0.0010/0.0010 | macro P/R/F1=0.0001/0.1111/0.0002 | weighted P/R/F1=0.0000/0.0010/0.0000
2026-08-14 16:24:56,191 - INFO - fit progress: (28, 2.401922086519958, {'accuracy': 0.0009655753639049962, 'micro_precision': 0.0009655753639049962, 'micro_recall': 0.0009655753639049962, 'micro_f1': 0.0009655753639049962, 'macro_precision': 0.00010773362142231643, 'macro_recall': 0.1111111111111111, 'macro_f1': 0.00021525852761813182, 'weighted_precision': 9.362243763869066e-07, 'weighted_recall': 0.0009655753639049962, 'weighted_f1': 1.8706349802467818e-06}, 12914.853980782)
2026-08-14 16:24:56,191 - INFO - configure_evaluate: no clients selected, skipping evaluation
2026-08-14 16:24:56,191 - INFO - 
2026-08-14 16:24:56,191 - INFO - [ROUND 29]
2026-08-14 16:24:56,192 - INFO - configure_fit: strategy sampled 70 clients (out of 70)
2026-08-14 16:24:57,394 - INFO - aggregate_fit: received 70 results and 0 failures
2026-08-14 16:24:57,501 - INFO - [Round 29] tong hop 70 controller (paper) | trong so 0.0009..0.1220 entropy=3.523 train_loss=1.9891
2026-08-14 16:24:57,505 - INFO - [Round 89] luu checkpoint -> out_10shot/checkpoints_cnn/round_089.pth
2026-08-14 16:33:15,703 - INFO - [Round 89] loss=2.3879 acc=0.0010 | micro P/R/F1=0.0010/0.0010/0.0010 | macro P/R/F1=0.0001/0.1111/0.0002 | weighted P/R/F1=0.0000/0.0010/0.0000
2026-08-14 16:33:15,704 - INFO - fit progress: (29, 2.3879051071971165, {'accuracy': 0.0009655753639049962, 'micro_precision': 0.0009655753639049962, 'micro_recall': 0.0009655753639049962, 'micro_f1': 0.0009655753639049962, 'macro_precision': 0.00011829505091374699, 'macro_recall': 0.1111111111111111, 'macro_f1': 0.00023633848277182263, 'weighted_precision': 1.0280050815078118e-06, 'weighted_recall': 0.0009655753639049962, 'weighted_f1': 2.0538235485644153e-06}, 13414.366912946001)
2026-08-14 16:33:15,704 - INFO - configure_evaluate: no clients selected, skipping evaluation
2026-08-14 16:33:15,704 - INFO - 
2026-08-14 16:33:15,704 - INFO - [ROUND 30]
2026-08-14 16:33:15,705 - INFO - configure_fit: strategy sampled 70 clients (out of 70)
2026-08-14 16:33:16,885 - INFO - aggregate_fit: received 70 results and 0 failures
2026-08-14 16:33:16,993 - INFO - [Round 30] tong hop 70 controller (paper) | trong so 0.0009..0.1220 entropy=3.523 train_loss=1.9442
2026-08-14 16:33:16,997 - INFO - [Round 90] luu checkpoint -> out_10shot/checkpoints_cnn/round_090.pth
2026-08-14 16:41:38,238 - INFO - [Round 90] loss=2.3759 acc=0.0010 | micro P/R/F1=0.0010/0.0010/0.0010 | macro P/R/F1=0.0002/0.1232/0.0003 | weighted P/R/F1=0.0000/0.0010/0.0000
2026-08-14 16:41:41,439 - INFO - Luu out_10shot/confusion_matrix_cnn_task2.csv
2026-08-14 16:41:41,440 - INFO - Luu out_10shot/confusion_matrix_cnn_task2_normalized.csv
2026-08-14 16:41:49,995 - INFO - Luu out_10shot/classification_report_cnn_task2.txt
               precision    recall  f1-score   support

       Benign     0.0000    0.0000    0.0000  41700592
          DoS     0.0000    0.0000    0.0000    145129
       double     0.0000    0.0000    0.0000     12413
force-neutral     0.0000    0.0000    0.0000      5744
      fuzzing     0.0000    0.0000    0.0000     67321
     interval     0.0013    0.9993    0.0026     40542
          rpm     0.0000    0.0000    0.0000      5043
rpm-accessory     0.0000    0.0000    0.0000      3146
        speed     0.0001    0.1099    0.0002      7471

     accuracy                         0.0010  41987401
    macro avg     0.0002    0.1232    0.0003  41987401
 weighted avg     0.0000    0.0010    0.0000  41987401

2026-08-14 16:41:50,369 - INFO - Luu out_10shot/confusion_matrix_cnn_task2.png
2026-08-14 16:41:50,370 - INFO - fit progress: (30, 2.37590009625883, {'accuracy': 0.000984461981821642, 'micro_precision': 0.000984461981821642, 'micro_recall': 0.000984461981821642, 'micro_f1': 0.000984461981821642, 'macro_precision': 0.000151763882290651, 'macro_recall': 0.12324454877505005, 'macro_f1': 0.00030314709896268394, 'weighted_precision': 1.2574458078377495e-06, 'weighted_recall': 0.000984461981821642, 'weighted_f1': 2.5116706396367273e-06}, 13929.033035116)
2026-08-14 16:41:50,370 - INFO - configure_evaluate: no clients selected, skipping evaluation
2026-08-14 16:41:50,371 - INFO - 
2026-08-14 16:41:50,371 - INFO - [SUMMARY]
2026-08-14 16:41:50,371 - INFO - Run finished 30 round(s) in 13929.03s
2026-08-14 16:41:50,376 - INFO - 	History (loss, centralized):
2026-08-14 16:41:50,376 - INFO - 		round 1: 3.679727683496666
2026-08-14 16:41:50,376 - INFO - 		round 2: 3.628293694059926
2026-08-14 16:41:50,376 - INFO - 		round 3: 3.613435296055957
2026-08-14 16:41:50,376 - INFO - 		round 4: 3.593626860304235
2026-08-14 16:41:50,376 - INFO - 		round 5: 3.576176741776519
2026-08-14 16:41:50,376 - INFO - 		round 6: 3.5509815362357777
2026-08-14 16:41:50,376 - INFO - 		round 7: 3.5106919263470013
2026-08-14 16:41:50,376 - INFO - 		round 8: 3.4523120666757325
2026-08-14 16:41:50,376 - INFO - 		round 9: 3.393768301243643
2026-08-14 16:41:50,376 - INFO - 		round 10: 3.3375365124971226
2026-08-14 16:41:50,376 - INFO - 		round 11: 3.2644859128737496
2026-08-14 16:41:50,376 - INFO - 		round 12: 3.1868677414425313
2026-08-14 16:41:50,376 - INFO - 		round 13: 3.12933686723617
2026-08-14 16:41:50,376 - INFO - 		round 14: 3.0477387229938784
2026-08-14 16:41:50,376 - INFO - 		round 15: 2.962814698555611
2026-08-14 16:41:50,376 - INFO - 		round 16: 2.8957997761799783
2026-08-14 16:41:50,377 - INFO - 		round 17: 2.8090025626697863
2026-08-14 16:41:50,377 - INFO - 		round 18: 2.735807064812005
2026-08-14 16:41:50,377 - INFO - 		round 19: 2.6521709681185217
2026-08-14 16:41:50,377 - INFO - 		round 20: 2.608070285433549
2026-08-14 16:41:50,377 - INFO - 		round 21: 2.5462653842998964
2026-08-14 16:41:50,377 - INFO - 		round 22: 2.5228195473480524
2026-08-14 16:41:50,377 - INFO - 		round 23: 2.493246099167644
2026-08-14 16:41:50,377 - INFO - 		round 24: 2.468186332032618
2026-08-14 16:41:50,377 - INFO - 		round 25: 2.447129185706066
2026-08-14 16:41:50,377 - INFO - 		round 26: 2.4288739952014464
2026-08-14 16:41:50,377 - INFO - 		round 27: 2.4146618465134813
2026-08-14 16:41:50,377 - INFO - 		round 28: 2.401922086519958
2026-08-14 16:41:50,377 - INFO - 		round 29: 2.3879051071971165
2026-08-14 16:41:50,378 - INFO - 		round 30: 2.37590009625883
2026-08-14 16:41:50,378 - INFO - 	History (metrics, distributed, fit):
2026-08-14 16:41:50,378 - INFO - 	{'num_clients': [(1, 70),
2026-08-14 16:41:50,378 - INFO - 	                 (2, 70),
2026-08-14 16:41:50,378 - INFO - 	                 (3, 70),
2026-08-14 16:41:50,378 - INFO - 	                 (4, 70),
2026-08-14 16:41:50,378 - INFO - 	                 (5, 70),
2026-08-14 16:41:50,378 - INFO - 	                 (6, 70),
2026-08-14 16:41:50,378 - INFO - 	                 (7, 70),
2026-08-14 16:41:50,378 - INFO - 	                 (8, 70),
2026-08-14 16:41:50,378 - INFO - 	                 (9, 70),
2026-08-14 16:41:50,378 - INFO - 	                 (10, 70),
2026-08-14 16:41:50,379 - INFO - 	                 (11, 70),
2026-08-14 16:41:50,379 - INFO - 	                 (12, 70),
2026-08-14 16:41:50,379 - INFO - 	                 (13, 70),
2026-08-14 16:41:50,379 - INFO - 	                 (14, 70),
2026-08-14 16:41:50,379 - INFO - 	                 (15, 70),
2026-08-14 16:41:50,379 - INFO - 	                 (16, 70),
2026-08-14 16:41:50,379 - INFO - 	                 (17, 70),
2026-08-14 16:41:50,379 - INFO - 	                 (18, 70),
2026-08-14 16:41:50,379 - INFO - 	                 (19, 70),
2026-08-14 16:41:50,379 - INFO - 	                 (20, 70),
2026-08-14 16:41:50,379 - INFO - 	                 (21, 70),
2026-08-14 16:41:50,379 - INFO - 	                 (22, 70),
2026-08-14 16:41:50,379 - INFO - 	                 (23, 70),
2026-08-14 16:41:50,379 - INFO - 	                 (24, 70),
2026-08-14 16:41:50,380 - INFO - 	                 (25, 70),
2026-08-14 16:41:50,380 - INFO - 	                 (26, 70),
2026-08-14 16:41:50,380 - INFO - 	                 (27, 70),
2026-08-14 16:41:50,380 - INFO - 	                 (28, 70),
2026-08-14 16:41:50,380 - INFO - 	                 (29, 70),
2026-08-14 16:41:50,380 - INFO - 	                 (30, 70)],
2026-08-14 16:41:50,380 - INFO - 	 'train_loss': [(1, 6.902008110481856),
2026-08-14 16:41:50,380 - INFO - 	                (2, 6.414416362783635),
2026-08-14 16:41:50,380 - INFO - 	                (3, 5.9812328721758785),
2026-08-14 16:41:50,380 - INFO - 	                (4, 5.604243446722712),
2026-08-14 16:41:50,380 - INFO - 	                (5, 5.269026725139306),
2026-08-14 16:41:50,380 - INFO - 	                (6, 4.956893149422938),
2026-08-14 16:41:50,380 - INFO - 	                (7, 4.681416908700173),
2026-08-14 16:41:50,380 - INFO - 	                (8, 4.431709454665),
2026-08-14 16:41:50,380 - INFO - 	                (9, 4.19235644381089),
2026-08-14 16:41:50,380 - INFO - 	                (10, 3.9766522067140384),
2026-08-14 16:41:50,380 - INFO - 	                (11, 3.791048926264238),
2026-08-14 16:41:50,381 - INFO - 	                (12, 3.6171940416093293),
2026-08-14 16:41:50,381 - INFO - 	                (13, 3.4650881631905914),
2026-08-14 16:41:50,381 - INFO - 	                (14, 3.332098514950965),
2026-08-14 16:41:50,381 - INFO - 	                (15, 3.202268956516199),
2026-08-14 16:41:50,381 - INFO - 	                (16, 3.0805574312626156),
2026-08-14 16:41:50,381 - INFO - 	                (17, 2.9753483643691765),
2026-08-14 16:41:50,381 - INFO - 	                (18, 2.8757206473765287),
2026-08-14 16:41:50,381 - INFO - 	                (19, 2.772933357270709),
2026-08-14 16:41:50,381 - INFO - 	                (20, 2.6749656470291505),
2026-08-14 16:41:50,381 - INFO - 	                (21, 2.588548603700778),
2026-08-14 16:41:50,381 - INFO - 	                (22, 2.5011941472813284),
2026-08-14 16:41:50,381 - INFO - 	                (23, 2.413214156387431),
2026-08-14 16:41:50,381 - INFO - 	                (24, 2.326117454325303),
2026-08-14 16:41:50,381 - INFO - 	                (25, 2.2524427054289853),
2026-08-14 16:41:50,381 - INFO - 	                (26, 2.1797803342184694),
2026-08-14 16:41:50,381 - INFO - 	                (27, 2.113544897185725),
2026-08-14 16:41:50,381 - INFO - 	                (28, 2.0434507192127835),
2026-08-14 16:41:50,381 - INFO - 	                (29, 1.9891022741692364),
2026-08-14 16:41:50,382 - INFO - 	                (30, 1.944222065369155)],
2026-08-14 16:41:50,382 - INFO - 	 'weight_entropy': [(1, 3.5225752531731653),
2026-08-14 16:41:50,382 - INFO - 	                    (2, 3.5225752531731658),
2026-08-14 16:41:50,382 - INFO - 	                    (3, 3.5225752531731653),
2026-08-14 16:41:50,382 - INFO - 	                    (4, 3.5225752531731653),
2026-08-14 16:41:50,382 - INFO - 	                    (5, 3.5225752531731658),
2026-08-14 16:41:50,382 - INFO - 	                    (6, 3.5225752531731653),
2026-08-14 16:41:50,382 - INFO - 	                    (7, 3.5225752531731658),
2026-08-14 16:41:50,382 - INFO - 	                    (8, 3.522575253173166),
2026-08-14 16:41:50,382 - INFO - 	                    (9, 3.5225752531731658),
2026-08-14 16:41:50,382 - INFO - 	                    (10, 3.5225752531731658),
2026-08-14 16:41:50,382 - INFO - 	                    (11, 3.5225752531731653),
2026-08-14 16:41:50,382 - INFO - 	                    (12, 3.522575253173166),
2026-08-14 16:41:50,382 - INFO - 	                    (13, 3.522575253173165),
2026-08-14 16:41:50,382 - INFO - 	                    (14, 3.5225752531731653),
2026-08-14 16:41:50,382 - INFO - 	                    (15, 3.522575253173166),
2026-08-14 16:41:50,382 - INFO - 	                    (16, 3.5225752531731658),
2026-08-14 16:41:50,382 - INFO - 	                    (17, 3.5225752531731658),
2026-08-14 16:41:50,382 - INFO - 	                    (18, 3.522575253173165),
2026-08-14 16:41:50,382 - INFO - 	                    (19, 3.522575253173165),
2026-08-14 16:41:50,382 - INFO - 	                    (20, 3.5225752531731667),
2026-08-14 16:41:50,382 - INFO - 	                    (21, 3.522575253173166),
2026-08-14 16:41:50,383 - INFO - 	                    (22, 3.522575253173166),
2026-08-14 16:41:50,383 - INFO - 	                    (23, 3.522575253173165),
2026-08-14 16:41:50,383 - INFO - 	                    (24, 3.5225752531731658),
2026-08-14 16:41:50,383 - INFO - 	                    (25, 3.5225752531731658),
2026-08-14 16:41:50,383 - INFO - 	                    (26, 3.5225752531731653),
2026-08-14 16:41:50,383 - INFO - 	                    (27, 3.522575253173165),
2026-08-14 16:41:50,383 - INFO - 	                    (28, 3.522575253173165),
2026-08-14 16:41:50,383 - INFO - 	                    (29, 3.5225752531731658),
2026-08-14 16:41:50,383 - INFO - 	                    (30, 3.5225752531731658)],
2026-08-14 16:41:50,383 - INFO - 	 'weight_max': [(1, 0.12196929343760947),
2026-08-14 16:41:50,383 - INFO - 	                (2, 0.12196929343760947),
2026-08-14 16:41:50,383 - INFO - 	                (3, 0.12196929343760947),
2026-08-14 16:41:50,383 - INFO - 	                (4, 0.12196929343760947),
2026-08-14 16:41:50,383 - INFO - 	                (5, 0.12196929343760947),
2026-08-14 16:41:50,383 - INFO - 	                (6, 0.12196929343760947),
2026-08-14 16:41:50,383 - INFO - 	                (7, 0.12196929343760947),
2026-08-14 16:41:50,383 - INFO - 	                (8, 0.12196929343760947),
2026-08-14 16:41:50,383 - INFO - 	                (9, 0.12196929343760947),
2026-08-14 16:41:50,383 - INFO - 	                (10, 0.12196929343760947),
2026-08-14 16:41:50,383 - INFO - 	                (11, 0.12196929343760944),
2026-08-14 16:41:50,383 - INFO - 	                (12, 0.12196929343760947),
2026-08-14 16:41:50,383 - INFO - 	                (13, 0.12196929343760944),
2026-08-14 16:41:50,383 - INFO - 	                (14, 0.12196929343760947),
2026-08-14 16:41:50,384 - INFO - 	                (15, 0.1219692934376095),
2026-08-14 16:41:50,384 - INFO - 	                (16, 0.12196929343760947),
2026-08-14 16:41:50,384 - INFO - 	                (17, 0.12196929343760947),
2026-08-14 16:41:50,384 - INFO - 	                (18, 0.12196929343760944),
2026-08-14 16:41:50,384 - INFO - 	                (19, 0.12196929343760944),
2026-08-14 16:41:50,384 - INFO - 	                (20, 0.1219692934376095),
2026-08-14 16:41:50,384 - INFO - 	                (21, 0.1219692934376095),
2026-08-14 16:41:50,384 - INFO - 	                (22, 0.12196929343760947),
2026-08-14 16:41:50,384 - INFO - 	                (23, 0.12196929343760944),
2026-08-14 16:41:50,384 - INFO - 	                (24, 0.12196929343760947),
2026-08-14 16:41:50,384 - INFO - 	                (25, 0.12196929343760947),
2026-08-14 16:41:50,384 - INFO - 	                (26, 0.12196929343760944),
2026-08-14 16:41:50,384 - INFO - 	                (27, 0.12196929343760944),
2026-08-14 16:41:50,384 - INFO - 	                (28, 0.12196929343760947),
2026-08-14 16:41:50,384 - INFO - 	                (29, 0.12196929343760947),
2026-08-14 16:41:50,384 - INFO - 	                (30, 0.12196929343760947)],
2026-08-14 16:41:50,384 - INFO - 	 'weight_min': [(1, 0.0008583135461010928),
2026-08-14 16:41:50,384 - INFO - 	                (2, 0.0008583135461010928),
2026-08-14 16:41:50,384 - INFO - 	                (3, 0.0008583135461010928),
2026-08-14 16:41:50,384 - INFO - 	                (4, 0.0008583135461010928),
2026-08-14 16:41:50,384 - INFO - 	                (5, 0.0008583135461010928),
2026-08-14 16:41:50,384 - INFO - 	                (6, 0.0008583135461010928),
2026-08-14 16:41:50,385 - INFO - 	                (7, 0.0008583135461010928),
2026-08-14 16:41:50,385 - INFO - 	                (8, 0.0008583135461010928),
2026-08-14 16:41:50,385 - INFO - 	                (9, 0.0008583135461010928),
2026-08-14 16:41:50,385 - INFO - 	                (10, 0.0008583135461010928),
2026-08-14 16:41:50,385 - INFO - 	                (11, 0.0008583135461010927),
2026-08-14 16:41:50,385 - INFO - 	                (12, 0.0008583135461010928),
2026-08-14 16:41:50,385 - INFO - 	                (13, 0.0008583135461010927),
2026-08-14 16:41:50,385 - INFO - 	                (14, 0.0008583135461010928),
2026-08-14 16:41:50,385 - INFO - 	                (15, 0.000858313546101093),
2026-08-14 16:41:50,385 - INFO - 	                (16, 0.0008583135461010928),
2026-08-14 16:41:50,385 - INFO - 	                (17, 0.0008583135461010928),
2026-08-14 16:41:50,385 - INFO - 	                (18, 0.0008583135461010927),
2026-08-14 16:41:50,385 - INFO - 	                (19, 0.0008583135461010927),
2026-08-14 16:41:50,385 - INFO - 	                (20, 0.000858313546101093),
2026-08-14 16:41:50,385 - INFO - 	                (21, 0.000858313546101093),
2026-08-14 16:41:50,385 - INFO - 	                (22, 0.0008583135461010928),
2026-08-14 16:41:50,385 - INFO - 	                (23, 0.0008583135461010927),
2026-08-14 16:41:50,385 - INFO - 	                (24, 0.0008583135461010928),
2026-08-14 16:41:50,385 - INFO - 	                (25, 0.0008583135461010928),
2026-08-14 16:41:50,385 - INFO - 	                (26, 0.0008583135461010927),
2026-08-14 16:41:50,385 - INFO - 	                (27, 0.0008583135461010927),
2026-08-14 16:41:50,385 - INFO - 	                (28, 0.0008583135461010928),
2026-08-14 16:41:50,385 - INFO - 	                (29, 0.0008583135461010928),
2026-08-14 16:41:50,386 - INFO - 	                (30, 0.0008583135461010928)]}
2026-08-14 16:41:50,386 - INFO - 	History (metrics, centralized):
2026-08-14 16:41:50,386 - INFO - 	{'accuracy': [(1, 0.0016033619227825032),
2026-08-14 16:41:50,386 - INFO - 	              (2, 0.0016033619227825032),
2026-08-14 16:41:50,386 - INFO - 	              (3, 0.0016021710893703565),
2026-08-14 16:41:50,386 - INFO - 	              (4, 0.0014921857154244912),
2026-08-14 16:41:50,386 - INFO - 	              (5, 0.0013876305418380147),
2026-08-14 16:41:50,386 - INFO - 	              (6, 0.0013816763747772813),
2026-08-14 16:41:50,386 - INFO - 	              (7, 0.0010530063530248038),
2026-08-14 16:41:50,386 - INFO - 	              (8, 0.0009729585310603054),
2026-08-14 16:41:50,386 - INFO - 	              (9, 0.0009655753639049962),
2026-08-14 16:41:50,386 - INFO - 	              (10, 0.0009655753639049962),
2026-08-14 16:41:50,386 - INFO - 	              (11, 0.0009655753639049962),
2026-08-14 16:41:50,386 - INFO - 	              (12, 0.0009655753639049962),
2026-08-14 16:41:50,386 - INFO - 	              (13, 0.0009655753639049962),
2026-08-14 16:41:50,386 - INFO - 	              (14, 0.0009655753639049962),
2026-08-14 16:41:50,386 - INFO - 	              (15, 0.0009655753639049962),
2026-08-14 16:41:50,386 - INFO - 	              (16, 0.0009655753639049962),
2026-08-14 16:41:50,386 - INFO - 	              (17, 0.0009655753639049962),
2026-08-14 16:41:50,386 - INFO - 	              (18, 0.0009655753639049962),
2026-08-14 16:41:50,386 - INFO - 	              (19, 0.0009655753639049962),
2026-08-14 16:41:50,386 - INFO - 	              (20, 0.0009655753639049962),
2026-08-14 16:41:50,387 - INFO - 	              (21, 0.0009655753639049962),
2026-08-14 16:41:50,387 - INFO - 	              (22, 0.0009655753639049962),
2026-08-14 16:41:50,387 - INFO - 	              (23, 0.0009655753639049962),
2026-08-14 16:41:50,387 - INFO - 	              (24, 0.0009655753639049962),
2026-08-14 16:41:50,387 - INFO - 	              (25, 0.0009655753639049962),
2026-08-14 16:41:50,387 - INFO - 	              (26, 0.0009655753639049962),
2026-08-14 16:41:50,387 - INFO - 	              (27, 0.0009655753639049962),
2026-08-14 16:41:50,387 - INFO - 	              (28, 0.0009655753639049962),
2026-08-14 16:41:50,387 - INFO - 	              (29, 0.0009655753639049962),
2026-08-14 16:41:50,387 - INFO - 	              (30, 0.000984461981821642)],
2026-08-14 16:41:50,387 - INFO - 	 'macro_f1': [(1, 0.0003557322819117012),
2026-08-14 16:41:50,387 - INFO - 	              (2, 0.0003557322819117012),
2026-08-14 16:41:50,387 - INFO - 	              (3, 0.0003584829325866),
2026-08-14 16:41:50,387 - INFO - 	              (4, 0.00034740642649101284),
2026-08-14 16:41:50,387 - INFO - 	              (5, 0.0006842627928263229),
2026-08-14 16:41:50,387 - INFO - 	              (6, 0.0006258864784999205),
2026-08-14 16:41:50,387 - INFO - 	              (7, 0.0010423441478126143),
2026-08-14 16:41:50,387 - INFO - 	              (8, 0.0010921778153447012),
2026-08-14 16:41:50,387 - INFO - 	              (9, 0.00021436533762298773),
2026-08-14 16:41:50,387 - INFO - 	              (10, 0.00021436531722081504),
2026-08-14 16:41:50,387 - INFO - 	              (11, 0.00021436531722081504),
2026-08-14 16:41:50,387 - INFO - 	              (12, 0.00021436531722081504),
2026-08-14 16:41:50,387 - INFO - 	              (13, 0.00021436531722081504),
2026-08-14 16:41:50,388 - INFO - 	              (14, 0.00021436531722081504),
2026-08-14 16:41:50,388 - INFO - 	              (15, 0.00021436531722081504),
2026-08-14 16:41:50,388 - INFO - 	              (16, 0.00021436531722081504),
2026-08-14 16:41:50,388 - INFO - 	              (17, 0.00021436531722081504),
2026-08-14 16:41:50,388 - INFO - 	              (18, 0.00021436531722081504),
2026-08-14 16:41:50,388 - INFO - 	              (19, 0.00021436531722081504),
2026-08-14 16:41:50,388 - INFO - 	              (20, 0.00021436531722081504),
2026-08-14 16:41:50,388 - INFO - 	              (21, 0.00021436531722081504),
2026-08-14 16:41:50,388 - INFO - 	              (22, 0.00021436531722081504),
2026-08-14 16:41:50,388 - INFO - 	              (23, 0.00021436531722081504),
2026-08-14 16:41:50,388 - INFO - 	              (24, 0.00021436531722081504),
2026-08-14 16:41:50,388 - INFO - 	              (25, 0.00021436531722081504),
2026-08-14 16:41:50,388 - INFO - 	              (26, 0.00021436531722081504),
2026-08-14 16:41:50,388 - INFO - 	              (27, 0.00021436531722081504),
2026-08-14 16:41:50,388 - INFO - 	              (28, 0.00021525852761813182),
2026-08-14 16:41:50,388 - INFO - 	              (29, 0.00023633848277182263),
2026-08-14 16:41:50,388 - INFO - 	              (30, 0.00030314709896268394)],
2026-08-14 16:41:50,388 - INFO - 	 'macro_precision': [(1, 0.00017815132475361146),
2026-08-14 16:41:50,388 - INFO - 	                     (2, 0.00017815132475361146),
2026-08-14 16:41:50,388 - INFO - 	                     (3, 0.0001795312966289549),
2026-08-14 16:41:50,388 - INFO - 	                     (4, 0.00017399549186353558),
2026-08-14 16:41:50,388 - INFO - 	                     (5, 0.00034355180229261336),
2026-08-14 16:41:50,389 - INFO - 	                     (6, 0.00031399225395625736),
2026-08-14 16:41:50,389 - INFO - 	                     (7, 0.0005512767641334104),
2026-08-14 16:41:50,389 - INFO - 	                     (8, 0.003193181410631651),
2026-08-14 16:41:50,389 - INFO - 	                     (9, 0.00010728616176579526),
2026-08-14 16:41:50,389 - INFO - 	                     (10, 0.00010728615154499957),
2026-08-14 16:41:50,389 - INFO - 	                     (11, 0.00010728615154499957),
2026-08-14 16:41:50,389 - INFO - 	                     (12, 0.00010728615154499957),
2026-08-14 16:41:50,389 - INFO - 	                     (13, 0.00010728615154499957),
2026-08-14 16:41:50,389 - INFO - 	                     (14, 0.00010728615154499957),
2026-08-14 16:41:50,389 - INFO - 	                     (15, 0.00010728615154499957),
2026-08-14 16:41:50,389 - INFO - 	                     (16, 0.00010728615154499957),
2026-08-14 16:41:50,389 - INFO - 	                     (17, 0.00010728615154499957),
2026-08-14 16:41:50,389 - INFO - 	                     (18, 0.00010728615154499957),
2026-08-14 16:41:50,389 - INFO - 	                     (19, 0.00010728615154499957),
2026-08-14 16:41:50,389 - INFO - 	                     (20, 0.00010728615154499957),
2026-08-14 16:41:50,389 - INFO - 	                     (21, 0.00010728615154499957),
2026-08-14 16:41:50,389 - INFO - 	                     (22, 0.00010728615154499957),
2026-08-14 16:41:50,389 - INFO - 	                     (23, 0.00010728615154499957),
2026-08-14 16:41:50,389 - INFO - 	                     (24, 0.00010728615154499957),
2026-08-14 16:41:50,389 - INFO - 	                     (25, 0.00010728615154499957),
2026-08-14 16:41:50,389 - INFO - 	                     (26, 0.00010728615154499957),
2026-08-14 16:41:50,389 - INFO - 	                     (27, 0.00010728615154499957),
2026-08-14 16:41:50,390 - INFO - 	                     (28, 0.00010773362142231643),
2026-08-14 16:41:50,390 - INFO - 	                     (29, 0.00011829505091374699),
2026-08-14 16:41:50,390 - INFO - 	                     (30, 0.000151763882290651)],
2026-08-14 16:41:50,390 - INFO - 	 'macro_recall': [(1, 0.1111111111111111),
2026-08-14 16:41:50,390 - INFO - 	                  (2, 0.1111111111111111),
2026-08-14 16:41:50,390 - INFO - 	                  (3, 0.11102858774461989),
2026-08-14 16:41:50,390 - INFO - 	                  (4, 0.10340672961549063),
2026-08-14 16:41:50,390 - INFO - 	                  (5, 0.10977091958911535),
2026-08-14 16:41:50,390 - INFO - 	                  (6, 0.1373518099307063),
2026-08-14 16:41:50,390 - INFO - 	                  (7, 0.11716997667889663),
2026-08-14 16:41:50,390 - INFO - 	                  (8, 0.11162275598335669),
2026-08-14 16:41:50,390 - INFO - 	                  (9, 0.1111111111111111),
2026-08-14 16:41:50,390 - INFO - 	                  (10, 0.1111111111111111),
2026-08-14 16:41:50,390 - INFO - 	                  (11, 0.1111111111111111),
2026-08-14 16:41:50,390 - INFO - 	                  (12, 0.1111111111111111),
2026-08-14 16:41:50,390 - INFO - 	                  (13, 0.1111111111111111),
2026-08-14 16:41:50,390 - INFO - 	                  (14, 0.1111111111111111),
2026-08-14 16:41:50,390 - INFO - 	                  (15, 0.1111111111111111),
2026-08-14 16:41:50,390 - INFO - 	                  (16, 0.1111111111111111),
2026-08-14 16:41:50,390 - INFO - 	                  (17, 0.1111111111111111),
2026-08-14 16:41:50,390 - INFO - 	                  (18, 0.1111111111111111),
2026-08-14 16:41:50,390 - INFO - 	                  (19, 0.1111111111111111),
2026-08-14 16:41:50,390 - INFO - 	                  (20, 0.1111111111111111),
2026-08-14 16:41:50,391 - INFO - 	                  (21, 0.1111111111111111),
2026-08-14 16:41:50,391 - INFO - 	                  (22, 0.1111111111111111),
2026-08-14 16:41:50,391 - INFO - 	                  (23, 0.1111111111111111),
2026-08-14 16:41:50,391 - INFO - 	                  (24, 0.1111111111111111),
2026-08-14 16:41:50,391 - INFO - 	                  (25, 0.1111111111111111),
2026-08-14 16:41:50,391 - INFO - 	                  (26, 0.1111111111111111),
2026-08-14 16:41:50,391 - INFO - 	                  (27, 0.1111111111111111),
2026-08-14 16:41:50,391 - INFO - 	                  (28, 0.1111111111111111),
2026-08-14 16:41:50,391 - INFO - 	                  (29, 0.1111111111111111),
2026-08-14 16:41:50,391 - INFO - 	                  (30, 0.12324454877505005)],
2026-08-14 16:41:50,391 - INFO - 	 'micro_f1': [(1, 0.0016033619227825032),
2026-08-14 16:41:50,391 - INFO - 	              (2, 0.0016033619227825032),
2026-08-14 16:41:50,391 - INFO - 	              (3, 0.0016021710893703565),
2026-08-14 16:41:50,391 - INFO - 	              (4, 0.0014921857154244912),
2026-08-14 16:41:50,391 - INFO - 	              (5, 0.0013876305418380147),
2026-08-14 16:41:50,391 - INFO - 	              (6, 0.0013816763747772813),
2026-08-14 16:41:50,392 - INFO - 	              (7, 0.0010530063530248038),
2026-08-14 16:41:50,392 - INFO - 	              (8, 0.0009729585310603054),
2026-08-14 16:41:50,392 - INFO - 	              (9, 0.0009655753639049962),
2026-08-14 16:41:50,392 - INFO - 	              (10, 0.0009655753639049962),
2026-08-14 16:41:50,392 - INFO - 	              (11, 0.0009655753639049962),
2026-08-14 16:41:50,392 - INFO - 	              (12, 0.0009655753639049962),
2026-08-14 16:41:50,392 - INFO - 	              (13, 0.0009655753639049962),
2026-08-14 16:41:50,392 - INFO - 	              (14, 0.0009655753639049962),
2026-08-14 16:41:50,392 - INFO - 	              (15, 0.0009655753639049962),
2026-08-14 16:41:50,392 - INFO - 	              (16, 0.0009655753639049962),
2026-08-14 16:41:50,392 - INFO - 	              (17, 0.0009655753639049962),
2026-08-14 16:41:50,392 - INFO - 	              (18, 0.0009655753639049962),
2026-08-14 16:41:50,392 - INFO - 	              (19, 0.0009655753639049962),
2026-08-14 16:41:50,393 - INFO - 	              (20, 0.0009655753639049962),
2026-08-14 16:41:50,393 - INFO - 	              (21, 0.0009655753639049962),
2026-08-14 16:41:50,393 - INFO - 	              (22, 0.0009655753639049962),
2026-08-14 16:41:50,393 - INFO - 	              (23, 0.0009655753639049962),
2026-08-14 16:41:50,393 - INFO - 	              (24, 0.0009655753639049962),
2026-08-14 16:41:50,393 - INFO - 	              (25, 0.0009655753639049962),
2026-08-14 16:41:50,393 - INFO - 	              (26, 0.0009655753639049962),
2026-08-14 16:41:50,393 - INFO - 	              (27, 0.0009655753639049962),
2026-08-14 16:41:50,393 - INFO - 	              (28, 0.0009655753639049962),
2026-08-14 16:41:50,393 - INFO - 	              (29, 0.0009655753639049962),
2026-08-14 16:41:50,393 - INFO - 	              (30, 0.000984461981821642)],
2026-08-14 16:41:50,393 - INFO - 	 'micro_precision': [(1, 0.0016033619227825032),
2026-08-14 16:41:50,393 - INFO - 	                     (2, 0.0016033619227825032),
2026-08-14 16:41:50,394 - INFO - 	                     (3, 0.0016021710893703565),
2026-08-14 16:41:50,394 - INFO - 	                     (4, 0.0014921857154244912),
2026-08-14 16:41:50,394 - INFO - 	                     (5, 0.0013876305418380147),
2026-08-14 16:41:50,394 - INFO - 	                     (6, 0.0013816763747772813),
2026-08-14 16:41:50,394 - INFO - 	                     (7, 0.0010530063530248038),
2026-08-14 16:41:50,394 - INFO - 	                     (8, 0.0009729585310603054),
2026-08-14 16:41:50,394 - INFO - 	                     (9, 0.0009655753639049962),
2026-08-14 16:41:50,394 - INFO - 	                     (10, 0.0009655753639049962),
2026-08-14 16:41:50,394 - INFO - 	                     (11, 0.0009655753639049962),
2026-08-14 16:41:50,394 - INFO - 	                     (12, 0.0009655753639049962),
2026-08-14 16:41:50,394 - INFO - 	                     (13, 0.0009655753639049962),
2026-08-14 16:41:50,394 - INFO - 	                     (14, 0.0009655753639049962),
2026-08-14 16:41:50,395 - INFO - 	                     (15, 0.0009655753639049962),
2026-08-14 16:41:50,395 - INFO - 	                     (16, 0.0009655753639049962),
2026-08-14 16:41:50,395 - INFO - 	                     (17, 0.0009655753639049962),
2026-08-14 16:41:50,395 - INFO - 	                     (18, 0.0009655753639049962),
2026-08-14 16:41:50,395 - INFO - 	                     (19, 0.0009655753639049962),
2026-08-14 16:41:50,395 - INFO - 	                     (20, 0.0009655753639049962),
2026-08-14 16:41:50,395 - INFO - 	                     (21, 0.0009655753639049962),
2026-08-14 16:41:50,395 - INFO - 	                     (22, 0.0009655753639049962),
2026-08-14 16:41:50,395 - INFO - 	                     (23, 0.0009655753639049962),
2026-08-14 16:41:50,395 - INFO - 	                     (24, 0.0009655753639049962),
2026-08-14 16:41:50,395 - INFO - 	                     (25, 0.0009655753639049962),
2026-08-14 16:41:50,396 - INFO - 	                     (26, 0.0009655753639049962),
2026-08-14 16:41:50,396 - INFO - 	                     (27, 0.0009655753639049962),
2026-08-14 16:41:50,396 - INFO - 	                     (28, 0.0009655753639049962),
2026-08-14 16:41:50,396 - INFO - 	                     (29, 0.0009655753639049962),
2026-08-14 16:41:50,396 - INFO - 	                     (30, 0.000984461981821642)],
2026-08-14 16:41:50,396 - INFO - 	 'micro_recall': [(1, 0.0016033619227825032),
2026-08-14 16:41:50,396 - INFO - 	                  (2, 0.0016033619227825032),
2026-08-14 16:41:50,396 - INFO - 	                  (3, 0.0016021710893703565),
2026-08-14 16:41:50,396 - INFO - 	                  (4, 0.0014921857154244912),
2026-08-14 16:41:50,396 - INFO - 	                  (5, 0.0013876305418380147),
2026-08-14 16:41:50,396 - INFO - 	                  (6, 0.0013816763747772813),
2026-08-14 16:41:50,396 - INFO - 	                  (7, 0.0010530063530248038),
2026-08-14 16:41:50,396 - INFO - 	                  (8, 0.0009729585310603054),
2026-08-14 16:41:50,396 - INFO - 	                  (9, 0.0009655753639049962),
2026-08-14 16:41:50,396 - INFO - 	                  (10, 0.0009655753639049962),
2026-08-14 16:41:50,396 - INFO - 	                  (11, 0.0009655753639049962),
2026-08-14 16:41:50,396 - INFO - 	                  (12, 0.0009655753639049962),
2026-08-14 16:41:50,396 - INFO - 	                  (13, 0.0009655753639049962),
2026-08-14 16:41:50,396 - INFO - 	                  (14, 0.0009655753639049962),
2026-08-14 16:41:50,396 - INFO - 	                  (15, 0.0009655753639049962),
2026-08-14 16:41:50,396 - INFO - 	                  (16, 0.0009655753639049962),
2026-08-14 16:41:50,397 - INFO - 	                  (17, 0.0009655753639049962),
2026-08-14 16:41:50,397 - INFO - 	                  (18, 0.0009655753639049962),
2026-08-14 16:41:50,397 - INFO - 	                  (19, 0.0009655753639049962),
2026-08-14 16:41:50,397 - INFO - 	                  (20, 0.0009655753639049962),
2026-08-14 16:41:50,397 - INFO - 	                  (21, 0.0009655753639049962),
2026-08-14 16:41:50,397 - INFO - 	                  (22, 0.0009655753639049962),
2026-08-14 16:41:50,397 - INFO - 	                  (23, 0.0009655753639049962),
2026-08-14 16:41:50,397 - INFO - 	                  (24, 0.0009655753639049962),
2026-08-14 16:41:50,397 - INFO - 	                  (25, 0.0009655753639049962),
2026-08-14 16:41:50,397 - INFO - 	                  (26, 0.0009655753639049962),
2026-08-14 16:41:50,397 - INFO - 	                  (27, 0.0009655753639049962),
2026-08-14 16:41:50,397 - INFO - 	                  (28, 0.0009655753639049962),
2026-08-14 16:41:50,397 - INFO - 	                  (29, 0.0009655753639049962),
2026-08-14 16:41:50,397 - INFO - 	                  (30, 0.000984461981821642)],
2026-08-14 16:41:50,397 - INFO - 	 'weighted_f1': [(1, 5.133308359695775e-06),
2026-08-14 16:41:50,397 - INFO - 	                 (2, 5.133308359695775e-06),
2026-08-14 16:41:50,397 - INFO - 	                 (3, 5.1730009566908536e-06),
2026-08-14 16:41:50,397 - INFO - 	                 (4, 5.013164123690658e-06),
2026-08-14 16:41:50,397 - INFO - 	                 (5, 7.6121535680384145e-06),
2026-08-14 16:41:50,397 - INFO - 	                 (6, 7.339996021856745e-06),
2026-08-14 16:41:50,398 - INFO - 	                 (7, 1.378316874393457e-05),
2026-08-14 16:41:50,398 - INFO - 	                 (8, 1.4529606153694481e-05),
2026-08-14 16:41:50,398 - INFO - 	                 (9, 1.8628729999554038e-06),
2026-08-14 16:41:50,398 - INFO - 	                 (10, 1.862872822656886e-06),
2026-08-14 16:41:50,398 - INFO - 	                 (11, 1.862872822656886e-06),
2026-08-14 16:41:50,398 - INFO - 	                 (12, 1.862872822656886e-06),
2026-08-14 16:41:50,398 - INFO - 	                 (13, 1.862872822656886e-06),
2026-08-14 16:41:50,398 - INFO - 	                 (14, 1.862872822656886e-06),
2026-08-14 16:41:50,398 - INFO - 	                 (15, 1.862872822656886e-06),
2026-08-14 16:41:50,398 - INFO - 	                 (16, 1.862872822656886e-06),
2026-08-14 16:41:50,398 - INFO - 	                 (17, 1.862872822656886e-06),
2026-08-14 16:41:50,398 - INFO - 	                 (18, 1.862872822656886e-06),
2026-08-14 16:41:50,398 - INFO - 	                 (19, 1.862872822656886e-06),
2026-08-14 16:41:50,398 - INFO - 	                 (20, 1.862872822656886e-06),
2026-08-14 16:41:50,398 - INFO - 	                 (21, 1.862872822656886e-06),
2026-08-14 16:41:50,398 - INFO - 	                 (22, 1.862872822656886e-06),
2026-08-14 16:41:50,398 - INFO - 	                 (23, 1.862872822656886e-06),
2026-08-14 16:41:50,398 - INFO - 	                 (24, 1.862872822656886e-06),
2026-08-14 16:41:50,398 - INFO - 	                 (25, 1.862872822656886e-06),
2026-08-14 16:41:50,398 - INFO - 	                 (26, 1.862872822656886e-06),
2026-08-14 16:41:50,399 - INFO - 	                 (27, 1.862872822656886e-06),
2026-08-14 16:41:50,399 - INFO - 	                 (28, 1.8706349802467818e-06),
2026-08-14 16:41:50,399 - INFO - 	                 (29, 2.0538235485644153e-06),
2026-08-14 16:41:50,399 - INFO - 	                 (30, 2.5116706396367273e-06)],
2026-08-14 16:41:50,399 - INFO - 	 'weighted_precision': [(1, 2.570769455428806e-06),
2026-08-14 16:41:50,399 - INFO - 	                        (2, 2.570769455428806e-06),
2026-08-14 16:41:50,399 - INFO - 	                        (3, 2.5906828046637337e-06),
2026-08-14 16:41:50,399 - INFO - 	                        (4, 2.5107997175082523e-06),
2026-08-14 16:41:50,399 - INFO - 	                        (5, 3.8200229569952405e-06),
2026-08-14 16:41:50,399 - INFO - 	                        (6, 3.683942121211694e-06),
2026-08-14 16:41:50,399 - INFO - 	                        (7, 7.325381727180388e-06),
2026-08-14 16:41:50,399 - INFO - 	                        (8, 4.546243463135135e-05),
2026-08-14 16:41:50,399 - INFO - 	                        (9, 9.323358722008023e-07),
2026-08-14 16:41:50,399 - INFO - 	                        (10, 9.323357833802659e-07),
2026-08-14 16:41:50,399 - INFO - 	                        (11, 9.323357833802659e-07),
2026-08-14 16:41:50,399 - INFO - 	                        (12, 9.323357833802659e-07),
2026-08-14 16:41:50,399 - INFO - 	                        (13, 9.323357833802659e-07),
2026-08-14 16:41:50,399 - INFO - 	                        (14, 9.323357833802659e-07),
2026-08-14 16:41:50,399 - INFO - 	                        (15, 9.323357833802659e-07),
2026-08-14 16:41:50,399 - INFO - 	                        (16, 9.323357833802659e-07),
2026-08-14 16:41:50,399 - INFO - 	                        (17, 9.323357833802659e-07),
2026-08-14 16:41:50,399 - INFO - 	                        (18, 9.323357833802659e-07),
2026-08-14 16:41:50,399 - INFO - 	                        (19, 9.323357833802659e-07),
2026-08-14 16:41:50,400 - INFO - 	                        (20, 9.323357833802659e-07),
2026-08-14 16:41:50,400 - INFO - 	                        (21, 9.323357833802659e-07),
2026-08-14 16:41:50,400 - INFO - 	                        (22, 9.323357833802659e-07),
2026-08-14 16:41:50,400 - INFO - 	                        (23, 9.323357833802659e-07),
2026-08-14 16:41:50,400 - INFO - 	                        (24, 9.323357833802659e-07),
2026-08-14 16:41:50,400 - INFO - 	                        (25, 9.323357833802659e-07),
2026-08-14 16:41:50,400 - INFO - 	                        (26, 9.323357833802659e-07),
2026-08-14 16:41:50,400 - INFO - 	                        (27, 9.323357833802659e-07),
2026-08-14 16:41:50,400 - INFO - 	                        (28, 9.362243763869066e-07),
2026-08-14 16:41:50,400 - INFO - 	                        (29, 1.0280050815078118e-06),
2026-08-14 16:41:50,400 - INFO - 	                        (30, 1.2574458078377495e-06)],
2026-08-14 16:41:50,400 - INFO - 	 'weighted_recall': [(1, 0.0016033619227825032),
2026-08-14 16:41:50,400 - INFO - 	                     (2, 0.0016033619227825032),
2026-08-14 16:41:50,400 - INFO - 	                     (3, 0.0016021710893703565),
2026-08-14 16:41:50,400 - INFO - 	                     (4, 0.0014921857154244912),
2026-08-14 16:41:50,400 - INFO - 	                     (5, 0.0013876305418380147),
2026-08-14 16:41:50,400 - INFO - 	                     (6, 0.0013816763747772813),
2026-08-14 16:41:50,400 - INFO - 	                     (7, 0.0010530063530248038),
2026-08-14 16:41:50,400 - INFO - 	                     (8, 0.0009729585310603054),
2026-08-14 16:41:50,400 - INFO - 	                     (9, 0.0009655753639049962),
2026-08-14 16:41:50,400 - INFO - 	                     (10, 0.0009655753639049962),
2026-08-14 16:41:50,400 - INFO - 	                     (11, 0.0009655753639049962),
2026-08-14 16:41:50,400 - INFO - 	                     (12, 0.0009655753639049962),
2026-08-14 16:41:50,400 - INFO - 	                     (13, 0.0009655753639049962),
2026-08-14 16:41:50,401 - INFO - 	                     (14, 0.0009655753639049962),
2026-08-14 16:41:50,401 - INFO - 	                     (15, 0.0009655753639049962),
2026-08-14 16:41:50,401 - INFO - 	                     (16, 0.0009655753639049962),
2026-08-14 16:41:50,401 - INFO - 	                     (17, 0.0009655753639049962),
2026-08-14 16:41:50,401 - INFO - 	                     (18, 0.0009655753639049962),
2026-08-14 16:41:50,401 - INFO - 	                     (19, 0.0009655753639049962),
2026-08-14 16:41:50,401 - INFO - 	                     (20, 0.0009655753639049962),
2026-08-14 16:41:50,401 - INFO - 	                     (21, 0.0009655753639049962),
2026-08-14 16:41:50,401 - INFO - 	                     (22, 0.0009655753639049962),
2026-08-14 16:41:50,401 - INFO - 	                     (23, 0.0009655753639049962),
2026-08-14 16:41:50,401 - INFO - 	                     (24, 0.0009655753639049962),
2026-08-14 16:41:50,401 - INFO - 	                     (25, 0.0009655753639049962),
2026-08-14 16:41:50,401 - INFO - 	                     (26, 0.0009655753639049962),
2026-08-14 16:41:50,401 - INFO - 	                     (27, 0.0009655753639049962),
2026-08-14 16:41:50,401 - INFO - 	                     (28, 0.0009655753639049962),
2026-08-14 16:41:50,401 - INFO - 	                     (29, 0.0009655753639049962),
2026-08-14 16:41:50,401 - INFO - 	                     (30, 0.000984461981821642)]}
2026-08-14 16:41:50,401 - INFO - 
2026-08-14 16:41:50,406 - INFO - Nap global test: /kaggle/input/datasets/tongxuanvu/100clientiov/global_test_data.pt
2026-08-14 16:41:52,313 - INFO - Global test goc: n=42048683
2026-08-14 16:41:54,106 - INFO - Task 3: loc ve lop 0-10 -> n=41995397
2026-08-14 16:41:54,106 - INFO - Danh gia moi round tren n=41995397 mau (dtype=float16)
2026-08-14 16:41:54,118 - INFO - ===== Task 3: 80 client, 30 round =====
2026-08-14 16:41:54,118 - WARNING - DEPRECATED FEATURE: flwr.simulation.start_simulation() is deprecated.
	Instead, use the `flwr run` CLI command to start a local simulation in your Flower app, as shown for example below:

		$ flwr new  # Create a new Flower app from a template

		$ flwr run  # Run the Flower app in Simulation Mode

	Using `start_simulation()` is deprecated.

            This is a deprecated feature. It will be removed
            entirely in future versions of Flower.
        
2026-08-14 16:41:54,118 - INFO - Starting Flower simulation, config: num_rounds=30, no round_timeout
2026-08-14 16:42:04,571 - INFO - Flower VCE: Ray initialized with resources: {'node:172.19.2.2': 1.0, 'object_store_memory': 8297068953.0, 'memory': 19359827559.0, 'GPU': 2.0, 'node:__internal_head__': 1.0, 'CPU': 4.0, 'accelerator_type:T4': 1.0}
2026-08-14 16:42:04,571 - INFO - Optimize your simulation with Flower VCE: https://flower.ai/docs/framework/how-to-run-simulations.html
2026-08-14 16:42:04,571 - INFO - Flower VCE: Resources for each Virtual Client: {'num_cpus': 1.0, 'num_gpus': 0.5}
2026-08-14 16:42:04,591 - INFO - Flower VCE: Creating VirtualClientEngineActorPool with 4 actors
2026-08-14 16:42:04,595 - INFO - [INIT]
2026-08-14 16:42:04,595 - INFO - Using initial global parameters provided by strategy
2026-08-14 16:42:04,595 - INFO - Starting evaluation of initial global parameters
2026-08-14 16:42:04,598 - INFO - Evaluation returned no results (`None`)
2026-08-14 16:42:04,598 - INFO - 
2026-08-14 16:42:04,598 - INFO - [ROUND 1]
2026-08-14 16:42:04,598 - INFO - configure_fit: strategy sampled 80 clients (out of 80)
2026-08-14 16:42:22,780 - INFO - aggregate_fit: received 80 results and 0 failures
2026-08-14 16:42:22,934 - INFO - [Round 1] tong hop 80 controller (paper) | trong so 0.0007..0.1063 entropy=3.686 train_loss=4.8223
2026-08-14 16:42:22,938 - INFO - [Round 91] luu checkpoint -> out_10shot/checkpoints_cnn/round_091.pth
2026-08-14 16:50:42,765 - INFO - [Round 91] loss=2.4187 acc=0.0010 | micro P/R/F1=0.0010/0.0010/0.0010 | macro P/R/F1=0.0001/0.0918/0.0002 | weighted P/R/F1=0.0000/0.0010/0.0000
2026-08-14 16:50:42,767 - INFO - fit progress: (1, 2.418707242654287, {'accuracy': 0.0009666773718081532, 'micro_precision': 0.0009666773718081532, 'micro_recall': 0.0009666773718081532, 'micro_f1': 0.0009666773718081532, 'macro_precision': 0.00011297167948350328, 'macro_recall': 0.09184410283502988, 'macro_f1': 0.00022566543671485973, 'weighted_precision': 1.1926289017375956e-06, 'weighted_recall': 0.0009666773718081532, 'weighted_f1': 2.382317959805497e-06}, 518.168761727)
2026-08-14 16:50:42,767 - INFO - configure_evaluate: no clients selected, skipping evaluation
2026-08-14 16:50:42,767 - INFO - 
2026-08-14 16:50:42,767 - INFO - [ROUND 2]
2026-08-14 16:50:42,767 - INFO - configure_fit: strategy sampled 80 clients (out of 80)
2026-08-14 16:50:44,173 - INFO - aggregate_fit: received 80 results and 0 failures
2026-08-14 16:50:44,296 - INFO - [Round 2] tong hop 80 controller (paper) | trong so 0.0007..0.1063 entropy=3.686 train_loss=4.6459
2026-08-14 16:50:44,301 - INFO - [Round 92] luu checkpoint -> out_10shot/checkpoints_cnn/round_092.pth
2026-08-14 16:59:05,005 - INFO - [Round 92] loss=2.4395 acc=0.0010 | micro P/R/F1=0.0010/0.0010/0.0010 | macro P/R/F1=0.0001/0.0911/0.0002 | weighted P/R/F1=0.0000/0.0010/0.0000
2026-08-14 16:59:05,006 - INFO - fit progress: (2, 2.4394716185429592, {'accuracy': 0.0009653200801983131, 'micro_precision': 0.0009653200801983131, 'micro_recall': 0.0009653200801983131, 'micro_f1': 0.0009653200801983131, 'macro_precision': 0.0001098327804784806, 'macro_recall': 0.09107110450526096, 'macro_f1': 0.00021940091952309668, 'weighted_precision': 1.1647540329772937e-06, 'weighted_recall': 0.0009653200801983131, 'weighted_f1': 2.326700590597029e-06}, 1020.4084669209988)
2026-08-14 16:59:05,007 - INFO - configure_evaluate: no clients selected, skipping evaluation
2026-08-14 16:59:05,007 - INFO - 
2026-08-14 16:59:05,007 - INFO - [ROUND 3]
2026-08-14 16:59:05,007 - INFO - configure_fit: strategy sampled 80 clients (out of 80)
2026-08-14 16:59:06,241 - INFO - aggregate_fit: received 80 results and 0 failures
2026-08-14 16:59:06,385 - INFO - [Round 3] tong hop 80 controller (paper) | trong so 0.0007..0.1063 entropy=3.686 train_loss=4.4838
2026-08-14 16:59:06,390 - INFO - [Round 93] luu checkpoint -> out_10shot/checkpoints_cnn/round_093.pth
2026-08-14 17:07:31,728 - INFO - [Round 93] loss=2.4647 acc=0.0010 | micro P/R/F1=0.0010/0.0010/0.0010 | macro P/R/F1=0.0001/0.0911/0.0002 | weighted P/R/F1=0.0000/0.0010/0.0000
2026-08-14 17:07:31,730 - INFO - fit progress: (3, 2.4646726067352445, {'accuracy': 0.0009657248864679145, 'micro_precision': 0.0009657248864679145, 'micro_recall': 0.0009657248864679145, 'micro_f1': 0.0009657248864679145, 'macro_precision': 0.0001057066369832686, 'macro_recall': 0.09109929842584887, 'macro_f1': 0.0002111682418131689, 'weighted_precision': 1.120747121700185e-06, 'weighted_recall': 0.0009657248864679145, 'weighted_f1': 2.238895942413141e-06}, 1527.1318424130004)
2026-08-14 17:07:31,730 - INFO - configure_evaluate: no clients selected, skipping evaluation
2026-08-14 17:07:31,730 - INFO - 
2026-08-14 17:07:31,730 - INFO - [ROUND 4]
2026-08-14 17:07:31,730 - INFO - configure_fit: strategy sampled 80 clients (out of 80)
2026-08-14 17:07:32,971 - INFO - aggregate_fit: received 80 results and 0 failures
2026-08-14 17:07:33,094 - INFO - [Round 4] tong hop 80 controller (paper) | trong so 0.0007..0.1063 entropy=3.686 train_loss=4.3247
2026-08-14 17:07:33,099 - INFO - [Round 94] luu checkpoint -> out_10shot/checkpoints_cnn/round_094.pth
2026-08-14 17:15:51,184 - INFO - [Round 94] loss=2.4894 acc=0.0010 | micro P/R/F1=0.0010/0.0010/0.0010 | macro P/R/F1=0.0001/0.0909/0.0002 | weighted P/R/F1=0.0000/0.0010/0.0000
2026-08-14 17:15:51,185 - INFO - fit progress: (4, 2.489439703389678, {'accuracy': 0.0009653915165988311, 'micro_precision': 0.0009653915165988311, 'micro_recall': 0.0009653915165988311, 'micro_f1': 0.0009653915165988311, 'macro_precision': 0.00010285944147719067, 'macro_recall': 0.09090909090909091, 'macro_f1': 0.0002054863845921279, 'weighted_precision': 1.092295954245912e-06, 'weighted_recall': 0.0009653915165988311, 'weighted_f1': 2.1821229370798552e-06}, 2026.5870100489992)
2026-08-14 17:15:51,185 - INFO - configure_evaluate: no clients selected, skipping evaluation
2026-08-14 17:15:51,185 - INFO - 
2026-08-14 17:15:51,185 - INFO - [ROUND 5]
2026-08-14 17:15:51,186 - INFO - configure_fit: strategy sampled 80 clients (out of 80)
2026-08-14 17:15:52,419 - INFO - aggregate_fit: received 80 results and 0 failures
2026-08-14 17:15:52,537 - INFO - [Round 5] tong hop 80 controller (paper) | trong so 0.0007..0.1063 entropy=3.686 train_loss=4.1881
2026-08-14 17:15:52,541 - INFO - [Round 95] luu checkpoint -> out_10shot/checkpoints_cnn/round_095.pth
2026-08-14 17:24:13,541 - INFO - [Round 95] loss=2.5115 acc=0.0010 | micro P/R/F1=0.0010/0.0010/0.0010 | macro P/R/F1=0.0001/0.0909/0.0002 | weighted P/R/F1=0.0000/0.0010/0.0000
2026-08-14 17:24:16,480 - INFO - Luu out_10shot/confusion_matrix_cnn_task3.csv
2026-08-14 17:24:16,481 - INFO - Luu out_10shot/confusion_matrix_cnn_task3_normalized.csv
2026-08-14 17:24:24,533 - INFO - Luu out_10shot/classification_report_cnn_task3.txt
                 precision    recall  f1-score   support

         Benign     0.0000    0.0000    0.0000  41700592
            DoS     0.0000    0.0000    0.0000    145129
         double     0.0000    0.0000    0.0000     12413
  force-neutral     0.0000    0.0000    0.0000      5744
        fuzzing     0.0000    0.0000    0.0000     67321
       interval     0.0011    1.0000    0.0022     40542
            rpm     0.0000    0.0000    0.0000      5043
  rpm-accessory     0.0000    0.0000    0.0000      3146
          speed     0.0000    0.0000    0.0000      7471
speed-accessory     0.0000    0.0000    0.0000      2257
     standstill     0.0000    0.0000    0.0000      5739

       accuracy                         0.0010  41995397
      macro avg     0.0001    0.0909    0.0002  41995397
   weighted avg     0.0000    0.0010    0.0000  41995397

2026-08-14 17:24:25,017 - INFO - Luu out_10shot/confusion_matrix_cnn_task3.png
2026-08-14 17:24:25,018 - INFO - fit progress: (5, 2.5114570465086032, {'accuracy': 0.0009653915165988311, 'micro_precision': 0.0009653915165988311, 'micro_recall': 0.0009653915165988311, 'micro_f1': 0.0009653915165988311, 'macro_precision': 0.00010070622807162683, 'macro_recall': 0.09090909090909091, 'macro_f1': 0.00020118958465707444, 'weighted_precision': 1.0694303207391715e-06, 'weighted_recall': 0.0009653915165988311, 'weighted_f1': 2.136493900815802e-06}, 2540.420582298)
2026-08-14 17:24:25,019 - INFO - configure_evaluate: no clients selected, skipping evaluation
2026-08-14 17:24:25,019 - INFO - 
2026-08-14 17:24:25,019 - INFO - [ROUND 6]
2026-08-14 17:24:25,019 - INFO - configure_fit: strategy sampled 80 clients (out of 80)
2026-08-14 17:24:26,272 - INFO - aggregate_fit: received 80 results and 0 failures
2026-08-14 17:24:26,393 - INFO - [Round 6] tong hop 80 controller (paper) | trong so 0.0007..0.1063 entropy=3.686 train_loss=4.0584
2026-08-14 17:24:26,397 - INFO - [Round 96] luu checkpoint -> out_10shot/checkpoints_cnn/round_096.pth
2026-08-14 17:32:49,086 - INFO - [Round 96] loss=2.5333 acc=0.0010 | micro P/R/F1=0.0010/0.0010/0.0010 | macro P/R/F1=0.0001/0.0909/0.0002 | weighted P/R/F1=0.0000/0.0010/0.0000
2026-08-14 17:32:49,088 - INFO - fit progress: (6, 2.5333490159399252, {'accuracy': 0.0009653915165988311, 'micro_precision': 0.0009653915165988311, 'micro_recall': 0.0009653915165988311, 'micro_f1': 0.0009653915165988311, 'macro_precision': 9.923341125072642e-05, 'macro_recall': 0.09090909090909091, 'macro_f1': 0.00019825041878273816, 'weighted_precision': 1.053790027230757e-06, 'weighted_recall': 0.0009653915165988311, 'weighted_f1': 2.1052819970052306e-06}, 3044.4896859229993)
2026-08-14 17:32:49,088 - INFO - configure_evaluate: no clients selected, skipping evaluation
2026-08-14 17:32:49,088 - INFO - 
2026-08-14 17:32:49,088 - INFO - [ROUND 7]
2026-08-14 17:32:49,088 - INFO - configure_fit: strategy sampled 80 clients (out of 80)
2026-08-14 17:32:50,318 - INFO - aggregate_fit: received 80 results and 0 failures
2026-08-14 17:32:50,439 - INFO - [Round 7] tong hop 80 controller (paper) | trong so 0.0007..0.1063 entropy=3.686 train_loss=3.9318
2026-08-14 17:32:50,443 - INFO - [Round 97] luu checkpoint -> out_10shot/checkpoints_cnn/round_097.pth
2026-08-14 17:41:11,058 - INFO - [Round 97] loss=2.5508 acc=0.0010 | micro P/R/F1=0.0010/0.0010/0.0010 | macro P/R/F1=0.0001/0.0925/0.0002 | weighted P/R/F1=0.0000/0.0010/0.0000
2026-08-14 17:41:11,060 - INFO - fit progress: (7, 2.550834746078481, {'accuracy': 0.0009685109060881124, 'micro_precision': 0.0009685109060881124, 'micro_recall': 0.0009685109060881124, 'micro_f1': 0.0009685109060881124, 'macro_precision': 0.00010117661686504178, 'macro_recall': 0.09250313332765482, 'macro_f1': 0.00020213125663531595, 'weighted_precision': 1.0520673593957077e-06, 'weighted_recall': 0.0009685109060881124, 'weighted_f1': 2.1018497631527634e-06}, 3546.4618669400006)
2026-08-14 17:41:11,060 - INFO - configure_evaluate: no clients selected, skipping evaluation
2026-08-14 17:41:11,060 - INFO - 
2026-08-14 17:41:11,060 - INFO - [ROUND 8]
2026-08-14 17:41:11,060 - INFO - configure_fit: strategy sampled 80 clients (out of 80)
2026-08-14 17:41:12,252 - INFO - aggregate_fit: received 80 results and 0 failures
2026-08-14 17:41:12,369 - INFO - [Round 8] tong hop 80 controller (paper) | trong so 0.0007..0.1063 entropy=3.686 train_loss=3.8215
2026-08-14 17:41:12,373 - INFO - [Round 98] luu checkpoint -> out_10shot/checkpoints_cnn/round_098.pth
2026-08-14 17:49:34,617 - INFO - [Round 98] loss=2.5795 acc=0.0010 | micro P/R/F1=0.0010/0.0010/0.0010 | macro P/R/F1=0.0001/0.1136/0.0003 | weighted P/R/F1=0.0000/0.0010/0.0000
2026-08-14 17:49:34,619 - INFO - fit progress: (8, 2.579528370124938, {'accuracy': 0.0010097773334539497, 'micro_precision': 0.0010097773334539497, 'micro_recall': 0.0010097773334539497, 'micro_f1': 0.0010097773334539497, 'macro_precision': 0.0001416726940555492, 'macro_recall': 0.11359073265109941, 'macro_f1': 0.0002829605567396282, 'weighted_precision': 1.1117531253586217e-06, 'weighted_recall': 0.0010097773334539497, 'weighted_f1': 2.2209863587398293e-06}, 4050.0208104289995)
2026-08-14 17:49:34,619 - INFO - configure_evaluate: no clients selected, skipping evaluation
2026-08-14 17:49:34,619 - INFO - 
2026-08-14 17:49:34,619 - INFO - [ROUND 9]
2026-08-14 17:49:34,619 - INFO - configure_fit: strategy sampled 80 clients (out of 80)
2026-08-14 17:49:35,816 - INFO - aggregate_fit: received 80 results and 0 failures
2026-08-14 17:49:35,934 - INFO - [Round 9] tong hop 80 controller (paper) | trong so 0.0007..0.1063 entropy=3.686 train_loss=3.7201
2026-08-14 17:49:35,939 - INFO - [Round 99] luu checkpoint -> out_10shot/checkpoints_cnn/round_099.pth
2026-08-14 17:57:58,072 - INFO - [Round 99] loss=2.5928 acc=0.0010 | micro P/R/F1=0.0010/0.0010/0.0010 | macro P/R/F1=0.0002/0.1262/0.0003 | weighted P/R/F1=0.0000/0.0010/0.0000
2026-08-14 17:57:58,074 - INFO - fit progress: (9, 2.5928043222980803, {'accuracy': 0.0010343752673656116, 'micro_precision': 0.0010343752673656116, 'micro_recall': 0.0010343752673656116, 'micro_f1': 0.0010343752673656116, 'macro_precision': 0.00015629757978467636, 'macro_recall': 0.12616054805855367, 'macro_f1': 0.00031219256826261707, 'weighted_precision': 1.1584992583079232e-06, 'weighted_recall': 0.0010343752673656116, 'weighted_f1': 2.314366324340282e-06}, 4553.476037917)
2026-08-14 17:57:58,074 - INFO - configure_evaluate: no clients selected, skipping evaluation
2026-08-14 17:57:58,074 - INFO - 
2026-08-14 17:57:58,074 - INFO - [ROUND 10]
2026-08-14 17:57:58,075 - INFO - configure_fit: strategy sampled 80 clients (out of 80)
2026-08-14 17:57:59,307 - INFO - aggregate_fit: received 80 results and 0 failures
2026-08-14 17:57:59,429 - INFO - [Round 10] tong hop 80 controller (paper) | trong so 0.0007..0.1063 entropy=3.686 train_loss=3.6201
2026-08-14 17:57:59,433 - INFO - [Round 100] luu checkpoint -> out_10shot/checkpoints_cnn/round_100.pth
2026-08-14 18:06:25,074 - INFO - [Round 100] loss=2.6184 acc=0.0010 | micro P/R/F1=0.0010/0.0010/0.0010 | macro P/R/F1=0.0002/0.1314/0.0004 | weighted P/R/F1=0.0000/0.0010/0.0000
2026-08-14 18:06:28,194 - INFO - Luu out_10shot/confusion_matrix_cnn_task3.csv
2026-08-14 18:06:28,194 - INFO - Luu out_10shot/confusion_matrix_cnn_task3_normalized.csv
2026-08-14 18:06:36,253 - INFO - Luu out_10shot/classification_report_cnn_task3.txt
                 precision    recall  f1-score   support

         Benign     0.0000    0.0000    0.0000  41700592
            DoS     0.0000    0.0000    0.0000    145129
         double     0.0000    0.0000    0.0000     12413
  force-neutral     0.0000    0.0000    0.0000      5744
        fuzzing     0.0000    0.0000    0.0000     67321
       interval     0.0011    1.0000    0.0021     40542
            rpm     0.0000    0.0000    0.0000      5043
  rpm-accessory     0.0000    0.0000    0.0000      3146
          speed     0.0009    0.4457    0.0018      7471
speed-accessory     0.0000    0.0000    0.0000      2257
     standstill     0.0000    0.0000    0.0000      5739

       accuracy                         0.0010  41995397
      macro avg     0.0002    0.1314    0.0004  41995397
   weighted avg     0.0000    0.0010    0.0000  41995397

2026-08-14 18:06:36,759 - INFO - Luu out_10shot/confusion_matrix_cnn_task3.png
2026-08-14 18:06:36,760 - INFO - fit progress: (10, 2.6184290368812997, {'accuracy': 0.0010446859211736942, 'micro_precision': 0.0010446859211736942, 'micro_recall': 0.0010446859211736942, 'micro_f1': 0.0010446859211736942, 'macro_precision': 0.00017807461719123024, 'macro_recall': 0.13142940582373053, 'macro_f1': 0.00035561580531681415, 'weighted_precision': 1.1821486844290123e-06, 'weighted_recall': 0.0010446859211736942, 'weighted_f1': 2.3614902365830402e-06}, 5072.162023377998)
2026-08-14 18:06:36,760 - INFO - configure_evaluate: no clients selected, skipping evaluation
2026-08-14 18:06:36,760 - INFO - 
2026-08-14 18:06:36,760 - INFO - [ROUND 11]
2026-08-14 18:06:36,761 - INFO - configure_fit: strategy sampled 80 clients (out of 80)
2026-08-14 18:06:37,987 - INFO - aggregate_fit: received 80 results and 0 failures
2026-08-14 18:06:38,116 - INFO - [Round 11] tong hop 80 controller (paper) | trong so 0.0007..0.1063 entropy=3.686 train_loss=3.5339
2026-08-14 18:06:38,121 - INFO - [Round 101] luu checkpoint -> out_10shot/checkpoints_cnn/round_101.pth
2026-08-14 18:15:04,551 - INFO - [Round 101] loss=2.6342 acc=0.0010 | micro P/R/F1=0.0010/0.0010/0.0010 | macro P/R/F1=0.0002/0.1233/0.0004 | weighted P/R/F1=0.0000/0.0010/0.0000
2026-08-14 18:15:04,553 - INFO - fit progress: (11, 2.6342025411474315, {'accuracy': 0.0010288270402587217, 'micro_precision': 0.0010288270402587217, 'micro_recall': 0.0010288270402587217, 'micro_f1': 0.0010288270402587217, 'macro_precision': 0.00017602251986178092, 'macro_recall': 0.12332534284080263, 'macro_f1': 0.00035143940820040327, 'weighted_precision': 1.1625221913191066e-06, 'weighted_recall': 0.0010288270402587217, 'weighted_f1': 2.3221613401360165e-06}, 5579.954837220997)
2026-08-14 18:15:04,553 - INFO - configure_evaluate: no clients selected, skipping evaluation
2026-08-14 18:15:04,553 - INFO - 
2026-08-14 18:15:04,553 - INFO - [ROUND 12]
2026-08-14 18:15:04,554 - INFO - configure_fit: strategy sampled 80 clients (out of 80)
2026-08-14 18:15:05,807 - INFO - aggregate_fit: received 80 results and 0 failures
2026-08-14 18:15:05,926 - INFO - [Round 12] tong hop 80 controller (paper) | trong so 0.0007..0.1063 entropy=3.686 train_loss=3.4411
2026-08-14 18:15:05,931 - INFO - [Round 102] luu checkpoint -> out_10shot/checkpoints_cnn/round_102.pth
2026-08-14 18:23:14,845 - INFO - [Round 102] loss=2.6701 acc=0.0010 | micro P/R/F1=0.0010/0.0010/0.0010 | macro P/R/F1=0.0001/0.0909/0.0002 | weighted P/R/F1=0.0000/0.0010/0.0000
2026-08-14 18:23:14,846 - INFO - fit progress: (12, 2.670052199808781, {'accuracy': 0.0009653915165988311, 'micro_precision': 0.0009653915165988311, 'micro_recall': 0.0009653915165988311, 'micro_f1': 0.0009653915165988311, 'macro_precision': 9.108598311457022e-05, 'macro_recall': 0.09090909090909091, 'macro_f1': 0.00018198962248864916, 'weighted_precision': 9.672699891785752e-07, 'weighted_recall': 0.0009653915165988311, 'weighted_f1': 1.932603614255223e-06}, 6070.248397274001)
2026-08-14 18:23:14,846 - INFO - configure_evaluate: no clients selected, skipping evaluation
2026-08-14 18:23:14,847 - INFO - 
2026-08-14 18:23:14,847 - INFO - [ROUND 13]
2026-08-14 18:23:14,847 - INFO - configure_fit: strategy sampled 80 clients (out of 80)
2026-08-14 18:23:16,007 - INFO - aggregate_fit: received 80 results and 0 failures
2026-08-14 18:23:16,127 - INFO - [Round 13] tong hop 80 controller (paper) | trong so 0.0007..0.1063 entropy=3.686 train_loss=3.3630
2026-08-14 18:23:16,131 - INFO - [Round 103] luu checkpoint -> out_10shot/checkpoints_cnn/round_103.pth
2026-08-14 18:30:55,506 - INFO - [Round 103] loss=2.6876 acc=0.0010 | micro P/R/F1=0.0010/0.0010/0.0010 | macro P/R/F1=0.0001/0.0909/0.0002 | weighted P/R/F1=0.0000/0.0010/0.0000
2026-08-14 18:30:55,507 - INFO - fit progress: (13, 2.6875530133814296, {'accuracy': 0.0009653915165988311, 'micro_precision': 0.0009653915165988311, 'micro_recall': 0.0009653915165988311, 'micro_f1': 0.0009653915165988311, 'macro_precision': 8.934056482276543e-05, 'macro_recall': 0.09090909090909091, 'macro_f1': 0.00017850570384107315, 'weighted_precision': 9.487348570485027e-07, 'weighted_recall': 0.0009653915165988311, 'weighted_f1': 1.8956068136794292e-06}, 6530.909129617001)
2026-08-14 18:30:55,507 - INFO - configure_evaluate: no clients selected, skipping evaluation
2026-08-14 18:30:55,507 - INFO - 
2026-08-14 18:30:55,508 - INFO - [ROUND 14]
2026-08-14 18:30:55,508 - INFO - configure_fit: strategy sampled 80 clients (out of 80)
2026-08-14 18:30:56,679 - INFO - aggregate_fit: received 80 results and 0 failures
2026-08-14 18:30:56,795 - INFO - [Round 14] tong hop 80 controller (paper) | trong so 0.0007..0.1063 entropy=3.686 train_loss=3.2894
2026-08-14 18:30:56,799 - INFO - [Round 104] luu checkpoint -> out_10shot/checkpoints_cnn/round_104.pth
2026-08-14 18:38:35,967 - INFO - [Round 104] loss=2.7160 acc=0.0010 | micro P/R/F1=0.0010/0.0010/0.0010 | macro P/R/F1=0.0001/0.0909/0.0002 | weighted P/R/F1=0.0000/0.0010/0.0000
2026-08-14 18:38:35,968 - INFO - fit progress: (14, 2.715975571315858, {'accuracy': 0.0009653915165988311, 'micro_precision': 0.0009653915165988311, 'micro_recall': 0.0009653915165988311, 'micro_f1': 0.0009653915165988311, 'macro_precision': 8.890770483310416e-05, 'macro_recall': 0.09090909090909091, 'macro_f1': 0.0001776416788128029, 'weighted_precision': 9.441381840676682e-07, 'weighted_recall': 0.0009653915165988311, 'weighted_f1': 1.8864314669227965e-06}, 6991.370538759002)
2026-08-14 18:38:35,969 - INFO - configure_evaluate: no clients selected, skipping evaluation
2026-08-14 18:38:35,969 - INFO - 
2026-08-14 18:38:35,969 - INFO - [ROUND 15]
2026-08-14 18:38:35,969 - INFO - configure_fit: strategy sampled 80 clients (out of 80)
2026-08-14 18:38:37,133 - INFO - aggregate_fit: received 80 results and 0 failures
2026-08-14 18:38:37,253 - INFO - [Round 15] tong hop 80 controller (paper) | trong so 0.0007..0.1063 entropy=3.686 train_loss=3.2141
2026-08-14 18:38:37,257 - INFO - [Round 105] luu checkpoint -> out_10shot/checkpoints_cnn/round_105.pth
2026-08-14 18:46:15,418 - INFO - [Round 105] loss=2.7379 acc=0.0010 | micro P/R/F1=0.0010/0.0010/0.0010 | macro P/R/F1=0.0001/0.0909/0.0002 | weighted P/R/F1=0.0000/0.0010/0.0000
2026-08-14 18:46:18,411 - INFO - Luu out_10shot/confusion_matrix_cnn_task3.csv
2026-08-14 18:46:18,411 - INFO - Luu out_10shot/confusion_matrix_cnn_task3_normalized.csv
2026-08-14 18:46:26,142 - INFO - Luu out_10shot/classification_report_cnn_task3.txt
                 precision    recall  f1-score   support

         Benign     0.0000    0.0000    0.0000  41700592
            DoS     0.0000    0.0000    0.0000    145129
         double     0.0000    0.0000    0.0000     12413
  force-neutral     0.0000    0.0000    0.0000      5744
        fuzzing     0.0000    0.0000    0.0000     67321
       interval     0.0010    1.0000    0.0020     40542
            rpm     0.0000    0.0000    0.0000      5043
  rpm-accessory     0.0000    0.0000    0.0000      3146
          speed     0.0000    0.0000    0.0000      7471
speed-accessory     0.0000    0.0000    0.0000      2257
     standstill     0.0000    0.0000    0.0000      5739

       accuracy                         0.0010  41995397
      macro avg     0.0001    0.0909    0.0002  41995397
   weighted avg     0.0000    0.0010    0.0000  41995397

2026-08-14 18:46:26,950 - INFO - Luu out_10shot/confusion_matrix_cnn_task3.png
2026-08-14 18:46:26,951 - INFO - fit progress: (15, 2.737883005190579, {'accuracy': 0.0009653915165988311, 'micro_precision': 0.0009653915165988311, 'micro_recall': 0.0009653915165988311, 'micro_f1': 0.0009653915165988311, 'macro_precision': 8.896204609037108e-05, 'macro_recall': 0.09090909090909091, 'macro_f1': 0.00017775014899432074, 'weighted_precision': 9.447152505441029e-07, 'weighted_recall': 0.0009653915165988311, 'weighted_f1': 1.8875833450462505e-06}, 7462.353329881)
2026-08-14 18:46:26,951 - INFO - configure_evaluate: no clients selected, skipping evaluation
2026-08-14 18:46:26,952 - INFO - 
2026-08-14 18:46:26,952 - INFO - [ROUND 16]
2026-08-14 18:46:26,952 - INFO - configure_fit: strategy sampled 80 clients (out of 80)
2026-08-14 18:46:28,084 - INFO - aggregate_fit: received 80 results and 0 failures
2026-08-14 18:46:28,205 - INFO - [Round 16] tong hop 80 controller (paper) | trong so 0.0007..0.1063 entropy=3.686 train_loss=3.1486
2026-08-14 18:46:28,210 - INFO - [Round 106] luu checkpoint -> out_10shot/checkpoints_cnn/round_106.pth
2026-08-14 18:54:01,687 - INFO - [Round 106] loss=2.7695 acc=0.0010 | micro P/R/F1=0.0010/0.0010/0.0010 | macro P/R/F1=0.0001/0.0909/0.0002 | weighted P/R/F1=0.0000/0.0010/0.0000
2026-08-14 18:54:01,689 - INFO - fit progress: (16, 2.7694885887239753, {'accuracy': 0.0009653915165988311, 'micro_precision': 0.0009653915165988311, 'micro_recall': 0.0009653915165988311, 'micro_f1': 0.0009653915165988311, 'macro_precision': 8.904574575284937e-05, 'macro_recall': 0.09090909090909091, 'macro_f1': 0.0001779172210177929, 'weighted_precision': 9.456040829291889e-07, 'weighted_recall': 0.0009653915165988311, 'weighted_f1': 1.8893575341015815e-06}, 7917.091116016003)
2026-08-14 18:54:01,689 - INFO - configure_evaluate: no clients selected, skipping evaluation
2026-08-14 18:54:01,689 - INFO - 
2026-08-14 18:54:01,689 - INFO - [ROUND 17]
2026-08-14 18:54:01,690 - INFO - configure_fit: strategy sampled 80 clients (out of 80)
2026-08-14 18:54:02,878 - INFO - aggregate_fit: received 80 results and 0 failures
2026-08-14 18:54:03,001 - INFO - [Round 17] tong hop 80 controller (paper) | trong so 0.0007..0.1063 entropy=3.686 train_loss=3.0777
2026-08-14 18:54:03,005 - INFO - [Round 107] luu checkpoint -> out_10shot/checkpoints_cnn/round_107.pth
2026-08-14 19:01:38,252 - INFO - [Round 107] loss=2.7870 acc=0.0010 | micro P/R/F1=0.0010/0.0010/0.0010 | macro P/R/F1=0.0001/0.0909/0.0002 | weighted P/R/F1=0.0000/0.0010/0.0000
2026-08-14 19:01:38,253 - INFO - fit progress: (17, 2.7870143953677005, {'accuracy': 0.0009653915165988311, 'micro_precision': 0.0009653915165988311, 'micro_recall': 0.0009653915165988311, 'micro_f1': 0.0009653915165988311, 'macro_precision': 8.937880027450592e-05, 'macro_recall': 0.09090909090909091, 'macro_f1': 0.00017858202463077883, 'weighted_precision': 9.491408910366821e-07, 'weighted_recall': 0.0009653915165988311, 'weighted_f1': 1.8964172875515712e-06}, 8373.655054930998)
2026-08-14 19:01:38,253 - INFO - configure_evaluate: no clients selected, skipping evaluation
2026-08-14 19:01:38,253 - INFO - 
2026-08-14 19:01:38,253 - INFO - [ROUND 18]
2026-08-14 19:01:38,253 - INFO - configure_fit: strategy sampled 80 clients (out of 80)
2026-08-14 19:01:39,380 - INFO - aggregate_fit: received 80 results and 0 failures
2026-08-14 19:01:39,499 - INFO - [Round 18] tong hop 80 controller (paper) | trong so 0.0007..0.1063 entropy=3.686 train_loss=3.0126
2026-08-14 19:01:39,503 - INFO - [Round 108] luu checkpoint -> out_10shot/checkpoints_cnn/round_108.pth
2026-08-14 19:09:15,620 - INFO - [Round 108] loss=2.8170 acc=0.0009 | micro P/R/F1=0.0009/0.0009/0.0009 | macro P/R/F1=0.0001/0.0896/0.0002 | weighted P/R/F1=0.0000/0.0009/0.0000
2026-08-14 19:09:15,621 - INFO - fit progress: (18, 2.8169703763321667, {'accuracy': 0.0009361025923864942, 'micro_precision': 0.0009361025923864942, 'micro_recall': 0.0009361025923864942, 'micro_f1': 0.0009361025923864942, 'macro_precision': 9.596034415851664e-05, 'macro_recall': 0.08956048891098821, 'macro_f1': 0.00019167669633966586, 'weighted_precision': 9.533108746953044e-07, 'weighted_recall': 0.0009361025923864942, 'weighted_f1': 1.90460535105271e-06}, 8831.023309124)
2026-08-14 19:09:15,621 - INFO - configure_evaluate: no clients selected, skipping evaluation
2026-08-14 19:09:15,622 - INFO - 
2026-08-14 19:09:15,622 - INFO - [ROUND 19]
2026-08-14 19:09:15,622 - INFO - configure_fit: strategy sampled 80 clients (out of 80)
2026-08-14 19:09:16,780 - INFO - aggregate_fit: received 80 results and 0 failures
2026-08-14 19:09:16,903 - INFO - [Round 19] tong hop 80 controller (paper) | trong so 0.0007..0.1063 entropy=3.686 train_loss=2.9543
2026-08-14 19:09:16,907 - INFO - [Round 109] luu checkpoint -> out_10shot/checkpoints_cnn/round_109.pth
2026-08-14 19:16:52,305 - INFO - [Round 109] loss=2.8132 acc=0.0009 | micro P/R/F1=0.0009/0.0009/0.0009 | macro P/R/F1=0.0001/0.0979/0.0002 | weighted P/R/F1=0.0000/0.0009/0.0000
2026-08-14 19:16:52,306 - INFO - fit progress: (19, 2.813248970700882, {'accuracy': 0.0008670950294862078, 'micro_precision': 0.0008670950294862078, 'micro_recall': 0.0008670950294862078, 'micro_f1': 0.0008670950294862078, 'macro_precision': 0.0001114807506379466, 'macro_recall': 0.0978617229512928, 'macro_f1': 0.00022270633135258302, 'weighted_precision': 1.0173545955095434e-06, 'weighted_recall': 0.0008670950294862078, 'weighted_f1': 2.0323212385458536e-06}, 9287.70811747)
2026-08-14 19:16:52,306 - INFO - configure_evaluate: no clients selected, skipping evaluation
2026-08-14 19:16:52,306 - INFO - 
2026-08-14 19:16:52,307 - INFO - [ROUND 20]
2026-08-14 19:16:52,307 - INFO - configure_fit: strategy sampled 80 clients (out of 80)
2026-08-14 19:16:53,476 - INFO - aggregate_fit: received 80 results and 0 failures
2026-08-14 19:16:53,592 - INFO - [Round 20] tong hop 80 controller (paper) | trong so 0.0007..0.1063 entropy=3.686 train_loss=2.8927
2026-08-14 19:16:53,596 - INFO - [Round 110] luu checkpoint -> out_10shot/checkpoints_cnn/round_110.pth
2026-08-14 19:24:30,563 - INFO - [Round 110] loss=2.8186 acc=0.0008 | micro P/R/F1=0.0008/0.0008/0.0008 | macro P/R/F1=0.0001/0.0966/0.0002 | weighted P/R/F1=0.0000/0.0008/0.0000
2026-08-14 19:24:33,707 - INFO - Luu out_10shot/confusion_matrix_cnn_task3.csv
2026-08-14 19:24:33,707 - INFO - Luu out_10shot/confusion_matrix_cnn_task3_normalized.csv
2026-08-14 19:24:42,294 - INFO - Luu out_10shot/classification_report_cnn_task3.txt
                 precision    recall  f1-score   support

         Benign     0.0000    0.0000    0.0000  41700592
            DoS     0.0000    0.0000    0.0000    145129
         double     0.0000    0.0000    0.0000     12413
  force-neutral     0.0000    0.0000    0.0000      5744
        fuzzing     0.0000    0.0000    0.0000     67321
       interval     0.0012    0.8071    0.0024     40542
            rpm     0.0000    0.0000    0.0000      5043
  rpm-accessory     0.0000    0.0000    0.0000      3146
          speed     0.0001    0.2557    0.0003      7471
speed-accessory     0.0000    0.0000    0.0000      2257
     standstill     0.0000    0.0000    0.0000      5739

       accuracy                         0.0008  41995397
      macro avg     0.0001    0.0966    0.0002  41995397
   weighted avg     0.0000    0.0008    0.0000  41995397

2026-08-14 19:24:42,778 - INFO - Luu out_10shot/confusion_matrix_cnn_task3.png
2026-08-14 19:24:42,779 - INFO - fit progress: (20, 2.8185991217052253, {'accuracy': 0.0008246141833115662, 'micro_precision': 0.0008246141833115662, 'micro_recall': 0.0008246141833115662, 'micro_f1': 0.0008246141833115662, 'macro_precision': 0.00012019062158684977, 'macro_recall': 0.09661086173876086, 'macro_f1': 0.00024005012323314418, 'weighted_precision': 1.172683722008862e-06, 'weighted_recall': 0.0008246141833115662, 'weighted_f1': 2.341957865560575e-06}, 9758.181282587)
2026-08-14 19:24:42,779 - INFO - configure_evaluate: no clients selected, skipping evaluation
2026-08-14 19:24:42,779 - INFO - 
2026-08-14 19:24:42,780 - INFO - [ROUND 21]
2026-08-14 19:24:42,780 - INFO - configure_fit: strategy sampled 80 clients (out of 80)
2026-08-14 19:24:43,968 - INFO - aggregate_fit: received 80 results and 0 failures
2026-08-14 19:24:44,116 - INFO - [Round 21] tong hop 80 controller (paper) | trong so 0.0007..0.1063 entropy=3.686 train_loss=2.8340
2026-08-14 19:24:44,120 - INFO - [Round 111] luu checkpoint -> out_10shot/checkpoints_cnn/round_111.pth
2026-08-14 19:32:22,390 - INFO - [Round 111] loss=2.8225 acc=0.0002 | micro P/R/F1=0.0002/0.0002/0.0002 | macro P/R/F1=0.0000/0.0754/0.0001 | weighted P/R/F1=0.0000/0.0002/0.0000
2026-08-14 19:32:22,391 - INFO - fit progress: (21, 2.8225000794313133, {'accuracy': 0.0002270725051128818, 'micro_precision': 0.0002270725051128818, 'micro_recall': 0.0002270725051128818, 'micro_f1': 0.0002270725051128818, 'macro_precision': 4.118328785435145e-05, 'macro_recall': 0.07543954385526021, 'macro_f1': 8.226471740452975e-05, 'weighted_precision': 2.553261786575996e-07, 'weighted_recall': 0.0002270725051128818, 'weighted_f1': 5.096860770658315e-07}, 10217.793554762997)
2026-08-14 19:32:22,392 - INFO - configure_evaluate: no clients selected, skipping evaluation
2026-08-14 19:32:22,392 - INFO - 
2026-08-14 19:32:22,392 - INFO - [ROUND 22]
2026-08-14 19:32:22,392 - INFO - configure_fit: strategy sampled 80 clients (out of 80)
2026-08-14 19:32:23,529 - INFO - aggregate_fit: received 80 results and 0 failures
2026-08-14 19:32:23,646 - INFO - [Round 22] tong hop 80 controller (paper) | trong so 0.0007..0.1063 entropy=3.686 train_loss=2.7754
2026-08-14 19:32:23,650 - INFO - [Round 112] luu checkpoint -> out_10shot/checkpoints_cnn/round_112.pth
2026-08-14 19:40:00,193 - INFO - [Round 112] loss=2.8280 acc=0.0001 | micro P/R/F1=0.0001/0.0001/0.0001 | macro P/R/F1=0.0000/0.0673/0.0000 | weighted P/R/F1=0.0000/0.0001/0.0000
2026-08-14 19:40:00,195 - INFO - fit progress: (22, 2.827992317049396, {'accuracy': 0.0001317287225549981, 'micro_precision': 0.0001317287225549981, 'micro_recall': 0.0001317287225549981, 'micro_f1': 0.0001317287225549981, 'macro_precision': 1.753129024534554e-05, 'macro_recall': 0.06725527394648331, 'macro_f1': 3.5053233856824345e-05, 'weighted_precision': 3.466305544348116e-08, 'weighted_recall': 0.0001317287225549981, 'weighted_f1': 6.930565230071212e-08}, 10675.597045228002)
2026-08-14 19:40:00,195 - INFO - configure_evaluate: no clients selected, skipping evaluation
2026-08-14 19:40:00,195 - INFO - 
2026-08-14 19:40:00,195 - INFO - [ROUND 23]
2026-08-14 19:40:00,196 - INFO - configure_fit: strategy sampled 80 clients (out of 80)
2026-08-14 19:40:01,354 - INFO - aggregate_fit: received 80 results and 0 failures
2026-08-14 19:40:01,473 - INFO - [Round 23] tong hop 80 controller (paper) | trong so 0.0007..0.1063 entropy=3.686 train_loss=2.7268
2026-08-14 19:40:01,477 - INFO - [Round 113] luu checkpoint -> out_10shot/checkpoints_cnn/round_113.pth
2026-08-14 19:47:37,281 - INFO - [Round 113] loss=2.8369 acc=0.0002 | micro P/R/F1=0.0002/0.0002/0.0002 | macro P/R/F1=0.0000/0.0814/0.0000 | weighted P/R/F1=0.0000/0.0002/0.0000
2026-08-14 19:47:37,282 - INFO - fit progress: (23, 2.836873138286911, {'accuracy': 0.00015920792462088167, 'micro_precision': 0.00015920792462088167, 'micro_recall': 0.00015920792462088167, 'micro_f1': 0.00015920792462088167, 'macro_precision': 1.6495723787074255e-05, 'macro_recall': 0.08135700466044463, 'macro_f1': 3.298475967447663e-05, 'weighted_precision': 3.228056342807164e-08, 'weighted_recall': 0.00015920792462088167, 'weighted_f1': 6.454803927221272e-08}, 11132.684271118)
2026-08-14 19:47:37,282 - INFO - configure_evaluate: no clients selected, skipping evaluation
2026-08-14 19:47:37,283 - INFO - 
2026-08-14 19:47:37,283 - INFO - [ROUND 24]
2026-08-14 19:47:37,283 - INFO - configure_fit: strategy sampled 80 clients (out of 80)
2026-08-14 19:47:38,456 - INFO - aggregate_fit: received 80 results and 0 failures
2026-08-14 19:47:38,572 - INFO - [Round 24] tong hop 80 controller (paper) | trong so 0.0007..0.1063 entropy=3.686 train_loss=2.6776
2026-08-14 19:47:38,576 - INFO - [Round 114] luu checkpoint -> out_10shot/checkpoints_cnn/round_114.pth
2026-08-14 19:55:12,827 - INFO - [Round 114] loss=2.8512 acc=0.0002 | micro P/R/F1=0.0002/0.0002/0.0002 | macro P/R/F1=0.0000/0.0908/0.0000 | weighted P/R/F1=0.0000/0.0002/0.0000
2026-08-14 19:55:12,828 - INFO - fit progress: (24, 2.8512390394461025, {'accuracy': 0.0001777337644885224, 'micro_precision': 0.0001777337644885224, 'micro_recall': 0.0001777337644885224, 'micro_f1': 0.0001777337644885224, 'macro_precision': 1.8665989029245006e-05, 'macro_recall': 0.090823913069931, 'macro_f1': 3.732430722505377e-05, 'weighted_precision': 3.652756620951538e-08, 'weighted_recall': 0.0001777337644885224, 'weighted_f1': 7.304012132715745e-08}, 11588.230634288004)
2026-08-14 19:55:12,829 - INFO - configure_evaluate: no clients selected, skipping evaluation
2026-08-14 19:55:12,829 - INFO - 
2026-08-14 19:55:12,829 - INFO - [ROUND 25]
2026-08-14 19:55:12,829 - INFO - configure_fit: strategy sampled 80 clients (out of 80)
2026-08-14 19:55:14,009 - INFO - aggregate_fit: received 80 results and 0 failures
2026-08-14 19:55:14,153 - INFO - [Round 25] tong hop 80 controller (paper) | trong so 0.0007..0.1063 entropy=3.686 train_loss=2.6350
2026-08-14 19:55:14,157 - INFO - [Round 115] luu checkpoint -> out_10shot/checkpoints_cnn/round_115.pth
2026-08-14 20:02:47,485 - INFO - [Round 115] loss=2.8586 acc=0.0002 | micro P/R/F1=0.0002/0.0002/0.0002 | macro P/R/F1=0.0000/0.0909/0.0000 | weighted P/R/F1=0.0000/0.0002/0.0000
2026-08-14 20:02:50,349 - INFO - Luu out_10shot/confusion_matrix_cnn_task3.csv
2026-08-14 20:02:50,349 - INFO - Luu out_10shot/confusion_matrix_cnn_task3_normalized.csv
2026-08-14 20:02:58,354 - INFO - Luu out_10shot/classification_report_cnn_task3.txt
                 precision    recall  f1-score   support

         Benign     0.0000    0.0000    0.0000  41700592
            DoS     0.0000    0.0000    0.0000    145129
         double     0.0000    0.0000    0.0000     12413
  force-neutral     0.0000    0.0000    0.0000      5744
        fuzzing     0.0000    0.0000    0.0000     67321
       interval     0.0000    0.0000    0.0000     40542
            rpm     0.0000    0.0000    0.0000      5043
  rpm-accessory     0.0000    0.0000    0.0000      3146
          speed     0.0002    1.0000    0.0004      7471
speed-accessory     0.0000    0.0000    0.0000      2257
     standstill     0.0000    0.0000    0.0000      5739

       accuracy                         0.0002  41995397
      macro avg     0.0000    0.0909    0.0000  41995397
   weighted avg     0.0000    0.0002    0.0000  41995397

2026-08-14 20:02:58,808 - INFO - Luu out_10shot/confusion_matrix_cnn_task3.png
2026-08-14 20:02:58,809 - INFO - fit progress: (25, 2.858622476436749, {'accuracy': 0.00017790044942306415, 'micro_precision': 0.00017790044942306415, 'micro_recall': 0.00017790044942306415, 'micro_f1': 0.00017790044942306415, 'macro_precision': 1.645805191839743e-05, 'macro_recall': 0.09090909090909091, 'macro_f1': 3.2910145831018846e-05, 'weighted_precision': 3.220684316202129e-08, 'weighted_recall': 0.00017790044942306415, 'weighted_f1': 6.440202707308517e-08}, 12054.211103446003)
2026-08-14 20:02:58,809 - INFO - configure_evaluate: no clients selected, skipping evaluation
2026-08-14 20:02:58,809 - INFO - 
2026-08-14 20:02:58,809 - INFO - [ROUND 26]
2026-08-14 20:02:58,810 - INFO - configure_fit: strategy sampled 80 clients (out of 80)
2026-08-14 20:02:59,949 - INFO - aggregate_fit: received 80 results and 0 failures
2026-08-14 20:03:00,072 - INFO - [Round 26] tong hop 80 controller (paper) | trong so 0.0007..0.1063 entropy=3.686 train_loss=2.5869
2026-08-14 20:03:00,076 - INFO - [Round 116] luu checkpoint -> out_10shot/checkpoints_cnn/round_116.pth
2026-08-14 20:10:34,842 - INFO - [Round 116] loss=2.8576 acc=0.0002 | micro P/R/F1=0.0002/0.0002/0.0002 | macro P/R/F1=0.0000/0.0909/0.0000 | weighted P/R/F1=0.0000/0.0002/0.0000
2026-08-14 20:10:34,844 - INFO - fit progress: (26, 2.8576292731431034, {'accuracy': 0.00017790044942306415, 'micro_precision': 0.00017790044942306415, 'micro_recall': 0.00017790044942306415, 'micro_f1': 0.00017790044942306415, 'macro_precision': 1.6652043879354827e-05, 'macro_recall': 0.09090909090909091, 'macro_f1': 3.3297988483491115e-05, 'weighted_precision': 3.2586466989447887e-08, 'weighted_recall': 0.00017790044942306415, 'weighted_f1': 6.516099827706792e-08}, 12510.245959692002)
2026-08-14 20:10:34,844 - INFO - configure_evaluate: no clients selected, skipping evaluation
2026-08-14 20:10:34,844 - INFO - 
2026-08-14 20:10:34,844 - INFO - [ROUND 27]
2026-08-14 20:10:34,844 - INFO - configure_fit: strategy sampled 80 clients (out of 80)
2026-08-14 20:10:35,987 - INFO - aggregate_fit: received 80 results and 0 failures
2026-08-14 20:10:36,107 - INFO - [Round 27] tong hop 80 controller (paper) | trong so 0.0007..0.1063 entropy=3.686 train_loss=2.5469
2026-08-14 20:10:36,112 - INFO - [Round 117] luu checkpoint -> out_10shot/checkpoints_cnn/round_117.pth
2026-08-14 20:18:12,627 - INFO - [Round 117] loss=2.8544 acc=0.0002 | micro P/R/F1=0.0002/0.0002/0.0002 | macro P/R/F1=0.0000/0.0909/0.0000 | weighted P/R/F1=0.0000/0.0002/0.0000
2026-08-14 20:18:12,628 - INFO - fit progress: (27, 2.8544150193377282, {'accuracy': 0.00017790044942306415, 'micro_precision': 0.00017790044942306415, 'micro_recall': 0.00017790044942306415, 'micro_f1': 0.00017790044942306415, 'macro_precision': 1.617316171944024e-05, 'macro_recall': 0.09090909090909091, 'macro_f1': 3.234056989694302e-05, 'weighted_precision': 3.1649340123283465e-08, 'weighted_recall': 0.00017790044942306415, 'weighted_f1': 6.3287421111906e-08}, 12968.030462383002)
2026-08-14 20:18:12,629 - INFO - configure_evaluate: no clients selected, skipping evaluation
2026-08-14 20:18:12,629 - INFO - 
2026-08-14 20:18:12,629 - INFO - [ROUND 28]
2026-08-14 20:18:12,629 - INFO - configure_fit: strategy sampled 80 clients (out of 80)
2026-08-14 20:18:13,757 - INFO - aggregate_fit: received 80 results and 0 failures
2026-08-14 20:18:13,879 - INFO - [Round 28] tong hop 80 controller (paper) | trong so 0.0007..0.1063 entropy=3.686 train_loss=2.5039
2026-08-14 20:18:13,883 - INFO - [Round 118] luu checkpoint -> out_10shot/checkpoints_cnn/round_118.pth
2026-08-14 20:25:48,636 - INFO - [Round 118] loss=2.8555 acc=0.0002 | micro P/R/F1=0.0002/0.0002/0.0002 | macro P/R/F1=0.0000/0.0909/0.0000 | weighted P/R/F1=0.0000/0.0002/0.0000
2026-08-14 20:25:48,638 - INFO - fit progress: (28, 2.8554963934866846, {'accuracy': 0.00017790044942306415, 'micro_precision': 0.00017790044942306415, 'micro_recall': 0.00017790044942306415, 'micro_f1': 0.00017790044942306415, 'macro_precision': 1.6189625304113475e-05, 'macro_recall': 0.09090909090909091, 'macro_f1': 3.237348534765371e-05, 'weighted_precision': 3.168155779352079e-08, 'weighted_recall': 0.00017790044942306415, 'weighted_f1': 6.335183352012435e-08}, 13424.039711368001)
2026-08-14 20:25:48,638 - INFO - configure_evaluate: no clients selected, skipping evaluation
2026-08-14 20:25:48,638 - INFO - 
2026-08-14 20:25:48,638 - INFO - [ROUND 29]
2026-08-14 20:25:48,638 - INFO - configure_fit: strategy sampled 80 clients (out of 80)
2026-08-14 20:25:49,789 - INFO - aggregate_fit: received 80 results and 0 failures
2026-08-14 20:25:49,908 - INFO - [Round 29] tong hop 80 controller (paper) | trong so 0.0007..0.1063 entropy=3.686 train_loss=2.4626
2026-08-14 20:25:49,912 - INFO - [Round 119] luu checkpoint -> out_10shot/checkpoints_cnn/round_119.pth
2026-08-14 20:33:23,257 - INFO - [Round 119] loss=2.8545 acc=0.0002 | micro P/R/F1=0.0002/0.0002/0.0002 | macro P/R/F1=0.0000/0.0909/0.0000 | weighted P/R/F1=0.0000/0.0002/0.0000
2026-08-14 20:33:23,258 - INFO - fit progress: (29, 2.8544917679595723, {'accuracy': 0.00017790044942306415, 'micro_precision': 0.00017790044942306415, 'micro_recall': 0.00017790044942306415, 'micro_f1': 0.00017790044942306415, 'macro_precision': 1.6172782378382234e-05, 'macro_recall': 0.09090909090909091, 'macro_f1': 3.233981148469817e-05, 'weighted_precision': 3.1648597788891734e-08, 'weighted_recall': 0.00017790044942306415, 'weighted_f1': 6.328593697123473e-08}, 13878.660274132002)
2026-08-14 20:33:23,258 - INFO - configure_evaluate: no clients selected, skipping evaluation
2026-08-14 20:33:23,259 - INFO - 
2026-08-14 20:33:23,259 - INFO - [ROUND 30]
2026-08-14 20:33:23,259 - INFO - configure_fit: strategy sampled 80 clients (out of 80)
2026-08-14 20:33:24,439 - INFO - aggregate_fit: received 80 results and 0 failures
2026-08-14 20:33:24,561 - INFO - [Round 30] tong hop 80 controller (paper) | trong so 0.0007..0.1063 entropy=3.686 train_loss=2.4230
2026-08-14 20:33:24,565 - INFO - [Round 120] luu checkpoint -> out_10shot/checkpoints_cnn/round_120.pth
2026-08-14 20:40:58,244 - INFO - [Round 120] loss=2.8516 acc=0.0002 | micro P/R/F1=0.0002/0.0002/0.0002 | macro P/R/F1=0.0000/0.0909/0.0000 | weighted P/R/F1=0.0000/0.0002/0.0000
2026-08-14 20:41:01,256 - INFO - Luu out_10shot/confusion_matrix_cnn_task3.csv
2026-08-14 20:41:01,257 - INFO - Luu out_10shot/confusion_matrix_cnn_task3_normalized.csv
2026-08-14 20:41:09,195 - INFO - Luu out_10shot/classification_report_cnn_task3.txt
                 precision    recall  f1-score   support

         Benign     0.0000    0.0000    0.0000  41700592
            DoS     0.0000    0.0000    0.0000    145129
         double     0.0000    0.0000    0.0000     12413
  force-neutral     0.0000    0.0000    0.0000      5744
        fuzzing     0.0000    0.0000    0.0000     67321
       interval     0.0000    0.0000    0.0000     40542
            rpm     0.0000    0.0000    0.0000      5043
  rpm-accessory     0.0000    0.0000    0.0000      3146
          speed     0.0002    1.0000    0.0004      7471
speed-accessory     0.0000    0.0000    0.0000      2257
     standstill     0.0000    0.0000    0.0000      5739

       accuracy                         0.0002  41995397
      macro avg     0.0000    0.0909    0.0000  41995397
   weighted avg     0.0000    0.0002    0.0000  41995397

2026-08-14 20:41:09,668 - INFO - Luu out_10shot/confusion_matrix_cnn_task3.png
2026-08-14 20:41:09,669 - INFO - fit progress: (30, 2.8515990303398215, {'accuracy': 0.00017790044942306415, 'micro_precision': 0.00017790044942306415, 'micro_recall': 0.00017790044942306415, 'micro_f1': 0.00017790044942306415, 'macro_precision': 1.6174508620225047e-05, 'macro_recall': 0.09090909090909091, 'macro_f1': 3.234326274024811e-05, 'weighted_precision': 3.1651975880087865e-08, 'weighted_recall': 0.00017790044942306415, 'weighted_f1': 6.329269075028222e-08}, 14345.070932670002)
2026-08-14 20:41:09,669 - INFO - configure_evaluate: no clients selected, skipping evaluation
2026-08-14 20:41:09,670 - INFO - 
2026-08-14 20:41:09,670 - INFO - [SUMMARY]
2026-08-14 20:41:09,670 - INFO - Run finished 30 round(s) in 14345.07s
2026-08-14 20:41:09,676 - INFO - 	History (loss, centralized):
2026-08-14 20:41:09,676 - INFO - 		round 1: 2.418707242654287
2026-08-14 20:41:09,676 - INFO - 		round 2: 2.4394716185429592
2026-08-14 20:41:09,676 - INFO - 		round 3: 2.4646726067352445
2026-08-14 20:41:09,677 - INFO - 		round 4: 2.489439703389678
2026-08-14 20:41:09,677 - INFO - 		round 5: 2.5114570465086032
2026-08-14 20:41:09,677 - INFO - 		round 6: 2.5333490159399252
2026-08-14 20:41:09,677 - INFO - 		round 7: 2.550834746078481
2026-08-14 20:41:09,677 - INFO - 		round 8: 2.579528370124938
2026-08-14 20:41:09,677 - INFO - 		round 9: 2.5928043222980803
2026-08-14 20:41:09,677 - INFO - 		round 10: 2.6184290368812997
2026-08-14 20:41:09,677 - INFO - 		round 11: 2.6342025411474315
2026-08-14 20:41:09,677 - INFO - 		round 12: 2.670052199808781
2026-08-14 20:41:09,677 - INFO - 		round 13: 2.6875530133814296
2026-08-14 20:41:09,677 - INFO - 		round 14: 2.715975571315858
2026-08-14 20:41:09,677 - INFO - 		round 15: 2.737883005190579
2026-08-14 20:41:09,677 - INFO - 		round 16: 2.7694885887239753
2026-08-14 20:41:09,677 - INFO - 		round 17: 2.7870143953677005
2026-08-14 20:41:09,677 - INFO - 		round 18: 2.8169703763321667
2026-08-14 20:41:09,677 - INFO - 		round 19: 2.813248970700882
2026-08-14 20:41:09,677 - INFO - 		round 20: 2.8185991217052253
2026-08-14 20:41:09,677 - INFO - 		round 21: 2.8225000794313133
2026-08-14 20:41:09,678 - INFO - 		round 22: 2.827992317049396
2026-08-14 20:41:09,678 - INFO - 		round 23: 2.836873138286911
2026-08-14 20:41:09,678 - INFO - 		round 24: 2.8512390394461025
2026-08-14 20:41:09,678 - INFO - 		round 25: 2.858622476436749
2026-08-14 20:41:09,678 - INFO - 		round 26: 2.8576292731431034
2026-08-14 20:41:09,678 - INFO - 		round 27: 2.8544150193377282
2026-08-14 20:41:09,678 - INFO - 		round 28: 2.8554963934866846
2026-08-14 20:41:09,678 - INFO - 		round 29: 2.8544917679595723
2026-08-14 20:41:09,678 - INFO - 		round 30: 2.8515990303398215
2026-08-14 20:41:09,678 - INFO - 	History (metrics, distributed, fit):
2026-08-14 20:41:09,678 - INFO - 	{'num_clients': [(1, 80),
2026-08-14 20:41:09,678 - INFO - 	                 (2, 80),
2026-08-14 20:41:09,678 - INFO - 	                 (3, 80),
2026-08-14 20:41:09,678 - INFO - 	                 (4, 80),
2026-08-14 20:41:09,678 - INFO - 	                 (5, 80),
2026-08-14 20:41:09,678 - INFO - 	                 (6, 80),
2026-08-14 20:41:09,678 - INFO - 	                 (7, 80),
2026-08-14 20:41:09,678 - INFO - 	                 (8, 80),
2026-08-14 20:41:09,678 - INFO - 	                 (9, 80),
2026-08-14 20:41:09,678 - INFO - 	                 (10, 80),
2026-08-14 20:41:09,678 - INFO - 	                 (11, 80),
2026-08-14 20:41:09,678 - INFO - 	                 (12, 80),
2026-08-14 20:41:09,678 - INFO - 	                 (13, 80),
2026-08-14 20:41:09,679 - INFO - 	                 (14, 80),
2026-08-14 20:41:09,679 - INFO - 	                 (15, 80),
2026-08-14 20:41:09,679 - INFO - 	                 (16, 80),
2026-08-14 20:41:09,679 - INFO - 	                 (17, 80),
2026-08-14 20:41:09,679 - INFO - 	                 (18, 80),
2026-08-14 20:41:09,679 - INFO - 	                 (19, 80),
2026-08-14 20:41:09,679 - INFO - 	                 (20, 80),
2026-08-14 20:41:09,679 - INFO - 	                 (21, 80),
2026-08-14 20:41:09,679 - INFO - 	                 (22, 80),
2026-08-14 20:41:09,679 - INFO - 	                 (23, 80),
2026-08-14 20:41:09,679 - INFO - 	                 (24, 80),
2026-08-14 20:41:09,679 - INFO - 	                 (25, 80),
2026-08-14 20:41:09,679 - INFO - 	                 (26, 80),
2026-08-14 20:41:09,679 - INFO - 	                 (27, 80),
2026-08-14 20:41:09,679 - INFO - 	                 (28, 80),
2026-08-14 20:41:09,679 - INFO - 	                 (29, 80),
2026-08-14 20:41:09,679 - INFO - 	                 (30, 80)],
2026-08-14 20:41:09,679 - INFO - 	 'train_loss': [(1, 4.822289797817349),
2026-08-14 20:41:09,679 - INFO - 	                (2, 4.6458577238768415),
2026-08-14 20:41:09,679 - INFO - 	                (3, 4.483807224605816),
2026-08-14 20:41:09,679 - INFO - 	                (4, 4.32474468799378),
2026-08-14 20:41:09,679 - INFO - 	                (5, 4.188116606619213),
2026-08-14 20:41:09,680 - INFO - 	                (6, 4.058449017246356),
2026-08-14 20:41:09,680 - INFO - 	                (7, 3.931779710084171),
2026-08-14 20:41:09,680 - INFO - 	                (8, 3.821480410021593),
2026-08-14 20:41:09,680 - INFO - 	                (9, 3.72014748757516),
2026-08-14 20:41:09,680 - INFO - 	                (10, 3.6201355915282214),
2026-08-14 20:41:09,680 - INFO - 	                (11, 3.53390392499129),
2026-08-14 20:41:09,680 - INFO - 	                (12, 3.441097728844969),
2026-08-14 20:41:09,680 - INFO - 	                (13, 3.3630436060640485),
2026-08-14 20:41:09,680 - INFO - 	                (14, 3.289352857078792),
2026-08-14 20:41:09,680 - INFO - 	                (15, 3.2141144504972896),
2026-08-14 20:41:09,680 - INFO - 	                (16, 3.148594351555453),
2026-08-14 20:41:09,680 - INFO - 	                (17, 3.077724356975365),
2026-08-14 20:41:09,680 - INFO - 	                (18, 3.01258412031949),
2026-08-14 20:41:09,680 - INFO - 	                (19, 2.954301266958251),
2026-08-14 20:41:09,680 - INFO - 	                (20, 2.892708513537127),
2026-08-14 20:41:09,680 - INFO - 	                (21, 2.833998849875215),
2026-08-14 20:41:09,680 - INFO - 	                (22, 2.775381537658862),
2026-08-14 20:41:09,680 - INFO - 	                (23, 2.726819352029489),
2026-08-14 20:41:09,680 - INFO - 	                (24, 2.6775623438365717),
2026-08-14 20:41:09,680 - INFO - 	                (25, 2.6349891475675853),
2026-08-14 20:41:09,680 - INFO - 	                (26, 2.58691185521139),
2026-08-14 20:41:09,680 - INFO - 	                (27, 2.546892425857795),
2026-08-14 20:41:09,680 - INFO - 	                (28, 2.5038890094539337),
2026-08-14 20:41:09,681 - INFO - 	                (29, 2.462580831925679),
2026-08-14 20:41:09,681 - INFO - 	                (30, 2.4229868011454676)],
2026-08-14 20:41:09,681 - INFO - 	 'weight_entropy': [(1, 3.685916407357923),
2026-08-14 20:41:09,681 - INFO - 	                    (2, 3.6859164073579227),
2026-08-14 20:41:09,681 - INFO - 	                    (3, 3.685916407357923),
2026-08-14 20:41:09,681 - INFO - 	                    (4, 3.685916407357923),
2026-08-14 20:41:09,681 - INFO - 	                    (5, 3.685916407357923),
2026-08-14 20:41:09,681 - INFO - 	                    (6, 3.685916407357924),
2026-08-14 20:41:09,681 - INFO - 	                    (7, 3.685916407357923),
2026-08-14 20:41:09,681 - INFO - 	                    (8, 3.685916407357923),
2026-08-14 20:41:09,681 - INFO - 	                    (9, 3.685916407357923),
2026-08-14 20:41:09,681 - INFO - 	                    (10, 3.6859164073579236),
2026-08-14 20:41:09,681 - INFO - 	                    (11, 3.685916407357923),
2026-08-14 20:41:09,681 - INFO - 	                    (12, 3.685916407357923),
2026-08-14 20:41:09,681 - INFO - 	                    (13, 3.685916407357923),
2026-08-14 20:41:09,681 - INFO - 	                    (14, 3.6859164073579223),
2026-08-14 20:41:09,681 - INFO - 	                    (15, 3.6859164073579236),
2026-08-14 20:41:09,681 - INFO - 	                    (16, 3.685916407357923),
2026-08-14 20:41:09,681 - INFO - 	                    (17, 3.685916407357923),
2026-08-14 20:41:09,681 - INFO - 	                    (18, 3.685916407357923),
2026-08-14 20:41:09,681 - INFO - 	                    (19, 3.685916407357923),
2026-08-14 20:41:09,681 - INFO - 	                    (20, 3.685916407357923),
2026-08-14 20:41:09,681 - INFO - 	                    (21, 3.685916407357923),
2026-08-14 20:41:09,681 - INFO - 	                    (22, 3.685916407357923),
2026-08-14 20:41:09,681 - INFO - 	                    (23, 3.685916407357923),
2026-08-14 20:41:09,681 - INFO - 	                    (24, 3.685916407357923),
2026-08-14 20:41:09,682 - INFO - 	                    (25, 3.685916407357923),
2026-08-14 20:41:09,682 - INFO - 	                    (26, 3.685916407357923),
2026-08-14 20:41:09,682 - INFO - 	                    (27, 3.685916407357923),
2026-08-14 20:41:09,682 - INFO - 	                    (28, 3.6859164073579227),
2026-08-14 20:41:09,682 - INFO - 	                    (29, 3.6859164073579227),
2026-08-14 20:41:09,682 - INFO - 	                    (30, 3.685916407357923)],
2026-08-14 20:41:09,682 - INFO - 	 'weight_max': [(1, 0.10626216623292657),
2026-08-14 20:41:09,682 - INFO - 	                (2, 0.10626216623292657),
2026-08-14 20:41:09,682 - INFO - 	                (3, 0.10626216623292657),
2026-08-14 20:41:09,682 - INFO - 	                (4, 0.10626216623292657),
2026-08-14 20:41:09,682 - INFO - 	                (5, 0.10626216623292657),
2026-08-14 20:41:09,682 - INFO - 	                (6, 0.10626216623292661),
2026-08-14 20:41:09,682 - INFO - 	                (7, 0.10626216623292657),
2026-08-14 20:41:09,682 - INFO - 	                (8, 0.10626216623292657),
2026-08-14 20:41:09,682 - INFO - 	                (9, 0.10626216623292657),
2026-08-14 20:41:09,682 - INFO - 	                (10, 0.10626216623292657),
2026-08-14 20:41:09,682 - INFO - 	                (11, 0.10626216623292657),
2026-08-14 20:41:09,682 - INFO - 	                (12, 0.10626216623292657),
2026-08-14 20:41:09,682 - INFO - 	                (13, 0.10626216623292657),
2026-08-14 20:41:09,682 - INFO - 	                (14, 0.10626216623292657),
2026-08-14 20:41:09,682 - INFO - 	                (15, 0.10626216623292657),
2026-08-14 20:41:09,682 - INFO - 	                (16, 0.10626216623292657),
2026-08-14 20:41:09,682 - INFO - 	                (17, 0.10626216623292657),
2026-08-14 20:41:09,682 - INFO - 	                (18, 0.10626216623292657),
2026-08-14 20:41:09,683 - INFO - 	                (19, 0.10626216623292657),
2026-08-14 20:41:09,683 - INFO - 	                (20, 0.10626216623292657),
2026-08-14 20:41:09,683 - INFO - 	                (21, 0.10626216623292657),
2026-08-14 20:41:09,683 - INFO - 	                (22, 0.10626216623292657),
2026-08-14 20:41:09,683 - INFO - 	                (23, 0.10626216623292657),
2026-08-14 20:41:09,683 - INFO - 	                (24, 0.10626216623292657),
2026-08-14 20:41:09,683 - INFO - 	                (25, 0.10626216623292657),
2026-08-14 20:41:09,683 - INFO - 	                (26, 0.10626216623292657),
2026-08-14 20:41:09,683 - INFO - 	                (27, 0.10626216623292657),
2026-08-14 20:41:09,683 - INFO - 	                (28, 0.10626216623292657),
2026-08-14 20:41:09,683 - INFO - 	                (29, 0.10626216623292657),
2026-08-14 20:41:09,683 - INFO - 	                (30, 0.10626216623292657)],
2026-08-14 20:41:09,683 - INFO - 	 'weight_min': [(1, 0.0007477804793746833),
2026-08-14 20:41:09,683 - INFO - 	                (2, 0.0007477804793746833),
2026-08-14 20:41:09,683 - INFO - 	                (3, 0.0007477804793746833),
2026-08-14 20:41:09,683 - INFO - 	                (4, 0.0007477804793746833),
2026-08-14 20:41:09,684 - INFO - 	                (5, 0.0007477804793746833),
2026-08-14 20:41:09,684 - INFO - 	                (6, 0.0007477804793746835),
2026-08-14 20:41:09,684 - INFO - 	                (7, 0.0007477804793746833),
2026-08-14 20:41:09,684 - INFO - 	                (8, 0.0007477804793746833),
2026-08-14 20:41:09,684 - INFO - 	                (9, 0.0007477804793746833),
2026-08-14 20:41:09,684 - INFO - 	                (10, 0.0007477804793746833),
2026-08-14 20:41:09,684 - INFO - 	                (11, 0.0007477804793746833),
2026-08-14 20:41:09,684 - INFO - 	                (12, 0.0007477804793746833),
2026-08-14 20:41:09,684 - INFO - 	                (13, 0.0007477804793746833),
2026-08-14 20:41:09,684 - INFO - 	                (14, 0.0007477804793746833),
2026-08-14 20:41:09,684 - INFO - 	                (15, 0.0007477804793746833),
2026-08-14 20:41:09,684 - INFO - 	                (16, 0.0007477804793746833),
2026-08-14 20:41:09,684 - INFO - 	                (17, 0.0007477804793746833),
2026-08-14 20:41:09,684 - INFO - 	                (18, 0.0007477804793746833),
2026-08-14 20:41:09,684 - INFO - 	                (19, 0.0007477804793746833),
2026-08-14 20:41:09,684 - INFO - 	                (20, 0.0007477804793746833),
2026-08-14 20:41:09,684 - INFO - 	                (21, 0.0007477804793746833),
2026-08-14 20:41:09,684 - INFO - 	                (22, 0.0007477804793746833),
2026-08-14 20:41:09,684 - INFO - 	                (23, 0.0007477804793746833),
2026-08-14 20:41:09,685 - INFO - 	                (24, 0.0007477804793746833),
2026-08-14 20:41:09,685 - INFO - 	                (25, 0.0007477804793746833),
2026-08-14 20:41:09,685 - INFO - 	                (26, 0.0007477804793746833),
2026-08-14 20:41:09,685 - INFO - 	                (27, 0.0007477804793746833),
2026-08-14 20:41:09,685 - INFO - 	                (28, 0.0007477804793746833),
2026-08-14 20:41:09,685 - INFO - 	                (29, 0.0007477804793746833),
2026-08-14 20:41:09,685 - INFO - 	                (30, 0.0007477804793746833)]}
2026-08-14 20:41:09,685 - INFO - 	History (metrics, centralized):
2026-08-14 20:41:09,685 - INFO - 	{'accuracy': [(1, 0.0009666773718081532),
2026-08-14 20:41:09,685 - INFO - 	              (2, 0.0009653200801983131),
2026-08-14 20:41:09,685 - INFO - 	              (3, 0.0009657248864679145),
2026-08-14 20:41:09,685 - INFO - 	              (4, 0.0009653915165988311),
2026-08-14 20:41:09,685 - INFO - 	              (5, 0.0009653915165988311),
2026-08-14 20:41:09,685 - INFO - 	              (6, 0.0009653915165988311),
2026-08-14 20:41:09,685 - INFO - 	              (7, 0.0009685109060881124),
2026-08-14 20:41:09,685 - INFO - 	              (8, 0.0010097773334539497),
2026-08-14 20:41:09,685 - INFO - 	              (9, 0.0010343752673656116),
2026-08-14 20:41:09,685 - INFO - 	              (10, 0.0010446859211736942),
2026-08-14 20:41:09,685 - INFO - 	              (11, 0.0010288270402587217),
2026-08-14 20:41:09,686 - INFO - 	              (12, 0.0009653915165988311),
2026-08-14 20:41:09,686 - INFO - 	              (13, 0.0009653915165988311),
2026-08-14 20:41:09,686 - INFO - 	              (14, 0.0009653915165988311),
2026-08-14 20:41:09,686 - INFO - 	              (15, 0.0009653915165988311),
2026-08-14 20:41:09,686 - INFO - 	              (16, 0.0009653915165988311),
2026-08-14 20:41:09,686 - INFO - 	              (17, 0.0009653915165988311),
2026-08-14 20:41:09,686 - INFO - 	              (18, 0.0009361025923864942),
2026-08-14 20:41:09,686 - INFO - 	              (19, 0.0008670950294862078),
2026-08-14 20:41:09,686 - INFO - 	              (20, 0.0008246141833115662),
2026-08-14 20:41:09,686 - INFO - 	              (21, 0.0002270725051128818),
2026-08-14 20:41:09,686 - INFO - 	              (22, 0.0001317287225549981),
2026-08-14 20:41:09,686 - INFO - 	              (23, 0.00015920792462088167),
2026-08-14 20:41:09,686 - INFO - 	              (24, 0.0001777337644885224),
2026-08-14 20:41:09,686 - INFO - 	              (25, 0.00017790044942306415),
2026-08-14 20:41:09,686 - INFO - 	              (26, 0.00017790044942306415),
2026-08-14 20:41:09,687 - INFO - 	              (27, 0.00017790044942306415),
2026-08-14 20:41:09,687 - INFO - 	              (28, 0.00017790044942306415),
2026-08-14 20:41:09,687 - INFO - 	              (29, 0.00017790044942306415),
2026-08-14 20:41:09,687 - INFO - 	              (30, 0.00017790044942306415)],
2026-08-14 20:41:09,687 - INFO - 	 'macro_f1': [(1, 0.00022566543671485973),
2026-08-14 20:41:09,687 - INFO - 	              (2, 0.00021940091952309668),
2026-08-14 20:41:09,687 - INFO - 	              (3, 0.0002111682418131689),
2026-08-14 20:41:09,687 - INFO - 	              (4, 0.0002054863845921279),
2026-08-14 20:41:09,687 - INFO - 	              (5, 0.00020118958465707444),
2026-08-14 20:41:09,687 - INFO - 	              (6, 0.00019825041878273816),
2026-08-14 20:41:09,687 - INFO - 	              (7, 0.00020213125663531595),
2026-08-14 20:41:09,687 - INFO - 	              (8, 0.0002829605567396282),
2026-08-14 20:41:09,687 - INFO - 	              (9, 0.00031219256826261707),
2026-08-14 20:41:09,687 - INFO - 	              (10, 0.00035561580531681415),
2026-08-14 20:41:09,687 - INFO - 	              (11, 0.00035143940820040327),
2026-08-14 20:41:09,687 - INFO - 	              (12, 0.00018198962248864916),
2026-08-14 20:41:09,687 - INFO - 	              (13, 0.00017850570384107315),
2026-08-14 20:41:09,687 - INFO - 	              (14, 0.0001776416788128029),
2026-08-14 20:41:09,687 - INFO - 	              (15, 0.00017775014899432074),
2026-08-14 20:41:09,688 - INFO - 	              (16, 0.0001779172210177929),
2026-08-14 20:41:09,688 - INFO - 	              (17, 0.00017858202463077883),
2026-08-14 20:41:09,688 - INFO - 	              (18, 0.00019167669633966586),
2026-08-14 20:41:09,688 - INFO - 	              (19, 0.00022270633135258302),
2026-08-14 20:41:09,688 - INFO - 	              (20, 0.00024005012323314418),
2026-08-14 20:41:09,688 - INFO - 	              (21, 8.226471740452975e-05),
2026-08-14 20:41:09,688 - INFO - 	              (22, 3.5053233856824345e-05),
2026-08-14 20:41:09,688 - INFO - 	              (23, 3.298475967447663e-05),
2026-08-14 20:41:09,688 - INFO - 	              (24, 3.732430722505377e-05),
2026-08-14 20:41:09,688 - INFO - 	              (25, 3.2910145831018846e-05),
2026-08-14 20:41:09,688 - INFO - 	              (26, 3.3297988483491115e-05),
2026-08-14 20:41:09,688 - INFO - 	              (27, 3.234056989694302e-05),
2026-08-14 20:41:09,688 - INFO - 	              (28, 3.237348534765371e-05),
2026-08-14 20:41:09,688 - INFO - 	              (29, 3.233981148469817e-05),
2026-08-14 20:41:09,688 - INFO - 	              (30, 3.234326274024811e-05)],
2026-08-14 20:41:09,688 - INFO - 	 'macro_precision': [(1, 0.00011297167948350328),
2026-08-14 20:41:09,688 - INFO - 	                     (2, 0.0001098327804784806),
2026-08-14 20:41:09,688 - INFO - 	                     (3, 0.0001057066369832686),
2026-08-14 20:41:09,688 - INFO - 	                     (4, 0.00010285944147719067),
2026-08-14 20:41:09,688 - INFO - 	                     (5, 0.00010070622807162683),
2026-08-14 20:41:09,688 - INFO - 	                     (6, 9.923341125072642e-05),
2026-08-14 20:41:09,689 - INFO - 	                     (7, 0.00010117661686504178),
2026-08-14 20:41:09,689 - INFO - 	                     (8, 0.0001416726940555492),
2026-08-14 20:41:09,689 - INFO - 	                     (9, 0.00015629757978467636),
2026-08-14 20:41:09,689 - INFO - 	                     (10, 0.00017807461719123024),
2026-08-14 20:41:09,689 - INFO - 	                     (11, 0.00017602251986178092),
2026-08-14 20:41:09,689 - INFO - 	                     (12, 9.108598311457022e-05),
2026-08-14 20:41:09,689 - INFO - 	                     (13, 8.934056482276543e-05),
2026-08-14 20:41:09,689 - INFO - 	                     (14, 8.890770483310416e-05),
2026-08-14 20:41:09,689 - INFO - 	                     (15, 8.896204609037108e-05),
2026-08-14 20:41:09,689 - INFO - 	                     (16, 8.904574575284937e-05),
2026-08-14 20:41:09,689 - INFO - 	                     (17, 8.937880027450592e-05),
2026-08-14 20:41:09,689 - INFO - 	                     (18, 9.596034415851664e-05),
2026-08-14 20:41:09,689 - INFO - 	                     (19, 0.0001114807506379466),
2026-08-14 20:41:09,689 - INFO - 	                     (20, 0.00012019062158684977),
2026-08-14 20:41:09,689 - INFO - 	                     (21, 4.118328785435145e-05),
2026-08-14 20:41:09,689 - INFO - 	                     (22, 1.753129024534554e-05),
2026-08-14 20:41:09,689 - INFO - 	                     (23, 1.6495723787074255e-05),
2026-08-14 20:41:09,689 - INFO - 	                     (24, 1.8665989029245006e-05),
2026-08-14 20:41:09,689 - INFO - 	                     (25, 1.645805191839743e-05),
2026-08-14 20:41:09,689 - INFO - 	                     (26, 1.6652043879354827e-05),
2026-08-14 20:41:09,689 - INFO - 	                     (27, 1.617316171944024e-05),
2026-08-14 20:41:09,689 - INFO - 	                     (28, 1.6189625304113475e-05),
2026-08-14 20:41:09,689 - INFO - 	                     (29, 1.6172782378382234e-05),
2026-08-14 20:41:09,689 - INFO - 	                     (30, 1.6174508620225047e-05)],
2026-08-14 20:41:09,690 - INFO - 	 'macro_recall': [(1, 0.09184410283502988),
2026-08-14 20:41:09,690 - INFO - 	                  (2, 0.09107110450526096),
2026-08-14 20:41:09,690 - INFO - 	                  (3, 0.09109929842584887),
2026-08-14 20:41:09,690 - INFO - 	                  (4, 0.09090909090909091),
2026-08-14 20:41:09,690 - INFO - 	                  (5, 0.09090909090909091),
2026-08-14 20:41:09,690 - INFO - 	                  (6, 0.09090909090909091),
2026-08-14 20:41:09,690 - INFO - 	                  (7, 0.09250313332765482),
2026-08-14 20:41:09,690 - INFO - 	                  (8, 0.11359073265109941),
2026-08-14 20:41:09,690 - INFO - 	                  (9, 0.12616054805855367),
2026-08-14 20:41:09,690 - INFO - 	                  (10, 0.13142940582373053),
2026-08-14 20:41:09,690 - INFO - 	                  (11, 0.12332534284080263),
2026-08-14 20:41:09,690 - INFO - 	                  (12, 0.09090909090909091),
2026-08-14 20:41:09,690 - INFO - 	                  (13, 0.09090909090909091),
2026-08-14 20:41:09,690 - INFO - 	                  (14, 0.09090909090909091),
2026-08-14 20:41:09,690 - INFO - 	                  (15, 0.09090909090909091),
2026-08-14 20:41:09,690 - INFO - 	                  (16, 0.09090909090909091),
2026-08-14 20:41:09,690 - INFO - 	                  (17, 0.09090909090909091),
2026-08-14 20:41:09,690 - INFO - 	                  (18, 0.08956048891098821),
2026-08-14 20:41:09,690 - INFO - 	                  (19, 0.0978617229512928),
2026-08-14 20:41:09,690 - INFO - 	                  (20, 0.09661086173876086),
2026-08-14 20:41:09,690 - INFO - 	                  (21, 0.07543954385526021),
2026-08-14 20:41:09,690 - INFO - 	                  (22, 0.06725527394648331),
2026-08-14 20:41:09,690 - INFO - 	                  (23, 0.08135700466044463),
2026-08-14 20:41:09,690 - INFO - 	                  (24, 0.090823913069931),
2026-08-14 20:41:09,690 - INFO - 	                  (25, 0.09090909090909091),
2026-08-14 20:41:09,690 - INFO - 	                  (26, 0.09090909090909091),
2026-08-14 20:41:09,691 - INFO - 	                  (27, 0.09090909090909091),
2026-08-14 20:41:09,691 - INFO - 	                  (28, 0.09090909090909091),
2026-08-14 20:41:09,691 - INFO - 	                  (29, 0.09090909090909091),
2026-08-14 20:41:09,691 - INFO - 	                  (30, 0.09090909090909091)],
2026-08-14 20:41:09,691 - INFO - 	 'micro_f1': [(1, 0.0009666773718081532),
2026-08-14 20:41:09,691 - INFO - 	              (2, 0.0009653200801983131),
2026-08-14 20:41:09,691 - INFO - 	              (3, 0.0009657248864679145),
2026-08-14 20:41:09,691 - INFO - 	              (4, 0.0009653915165988311),
2026-08-14 20:41:09,691 - INFO - 	              (5, 0.0009653915165988311),
2026-08-14 20:41:09,691 - INFO - 	              (6, 0.0009653915165988311),
2026-08-14 20:41:09,691 - INFO - 	              (7, 0.0009685109060881124),
2026-08-14 20:41:09,691 - INFO - 	              (8, 0.0010097773334539497),
2026-08-14 20:41:09,691 - INFO - 	              (9, 0.0010343752673656116),
2026-08-14 20:41:09,691 - INFO - 	              (10, 0.0010446859211736942),
2026-08-14 20:41:09,691 - INFO - 	              (11, 0.0010288270402587217),
2026-08-14 20:41:09,691 - INFO - 	              (12, 0.0009653915165988311),
2026-08-14 20:41:09,691 - INFO - 	              (13, 0.0009653915165988311),
2026-08-14 20:41:09,691 - INFO - 	              (14, 0.0009653915165988311),
2026-08-14 20:41:09,691 - INFO - 	              (15, 0.0009653915165988311),
2026-08-14 20:41:09,691 - INFO - 	              (16, 0.0009653915165988311),
2026-08-14 20:41:09,691 - INFO - 	              (17, 0.0009653915165988311),
2026-08-14 20:41:09,691 - INFO - 	              (18, 0.0009361025923864942),
2026-08-14 20:41:09,691 - INFO - 	              (19, 0.0008670950294862078),
2026-08-14 20:41:09,691 - INFO - 	              (20, 0.0008246141833115662),
2026-08-14 20:41:09,691 - INFO - 	              (21, 0.0002270725051128818),
2026-08-14 20:41:09,691 - INFO - 	              (22, 0.0001317287225549981),
2026-08-14 20:41:09,692 - INFO - 	              (23, 0.00015920792462088167),
2026-08-14 20:41:09,692 - INFO - 	              (24, 0.0001777337644885224),
2026-08-14 20:41:09,692 - INFO - 	              (25, 0.00017790044942306415),
2026-08-14 20:41:09,692 - INFO - 	              (26, 0.00017790044942306415),
2026-08-14 20:41:09,692 - INFO - 	              (27, 0.00017790044942306415),
2026-08-14 20:41:09,692 - INFO - 	              (28, 0.00017790044942306415),
2026-08-14 20:41:09,692 - INFO - 	              (29, 0.00017790044942306415),
2026-08-14 20:41:09,692 - INFO - 	              (30, 0.00017790044942306415)],
2026-08-14 20:41:09,692 - INFO - 	 'micro_precision': [(1, 0.0009666773718081532),
2026-08-14 20:41:09,692 - INFO - 	                     (2, 0.0009653200801983131),
2026-08-14 20:41:09,692 - INFO - 	                     (3, 0.0009657248864679145),
2026-08-14 20:41:09,692 - INFO - 	                     (4, 0.0009653915165988311),
2026-08-14 20:41:09,692 - INFO - 	                     (5, 0.0009653915165988311),
2026-08-14 20:41:09,692 - INFO - 	                     (6, 0.0009653915165988311),
2026-08-14 20:41:09,692 - INFO - 	                     (7, 0.0009685109060881124),
2026-08-14 20:41:09,692 - INFO - 	                     (8, 0.0010097773334539497),
2026-08-14 20:41:09,692 - INFO - 	                     (9, 0.0010343752673656116),
2026-08-14 20:41:09,692 - INFO - 	                     (10, 0.0010446859211736942),
2026-08-14 20:41:09,692 - INFO - 	                     (11, 0.0010288270402587217),
2026-08-14 20:41:09,692 - INFO - 	                     (12, 0.0009653915165988311),
2026-08-14 20:41:09,692 - INFO - 	                     (13, 0.0009653915165988311),
2026-08-14 20:41:09,692 - INFO - 	                     (14, 0.0009653915165988311),
2026-08-14 20:41:09,692 - INFO - 	                     (15, 0.0009653915165988311),
2026-08-14 20:41:09,692 - INFO - 	                     (16, 0.0009653915165988311),
2026-08-14 20:41:09,692 - INFO - 	                     (17, 0.0009653915165988311),
2026-08-14 20:41:09,692 - INFO - 	                     (18, 0.0009361025923864942),
2026-08-14 20:41:09,692 - INFO - 	                     (19, 0.0008670950294862078),
2026-08-14 20:41:09,693 - INFO - 	                     (20, 0.0008246141833115662),
2026-08-14 20:41:09,693 - INFO - 	                     (21, 0.0002270725051128818),
2026-08-14 20:41:09,693 - INFO - 	                     (22, 0.0001317287225549981),
2026-08-14 20:41:09,693 - INFO - 	                     (23, 0.00015920792462088167),
2026-08-14 20:41:09,693 - INFO - 	                     (24, 0.0001777337644885224),
2026-08-14 20:41:09,693 - INFO - 	                     (25, 0.00017790044942306415),
2026-08-14 20:41:09,693 - INFO - 	                     (26, 0.00017790044942306415),
2026-08-14 20:41:09,693 - INFO - 	                     (27, 0.00017790044942306415),
2026-08-14 20:41:09,693 - INFO - 	                     (28, 0.00017790044942306415),
2026-08-14 20:41:09,693 - INFO - 	                     (29, 0.00017790044942306415),
2026-08-14 20:41:09,693 - INFO - 	                     (30, 0.00017790044942306415)],
2026-08-14 20:41:09,693 - INFO - 	 'micro_recall': [(1, 0.0009666773718081532),
2026-08-14 20:41:09,693 - INFO - 	                  (2, 0.0009653200801983131),
2026-08-14 20:41:09,693 - INFO - 	                  (3, 0.0009657248864679145),
2026-08-14 20:41:09,693 - INFO - 	                  (4, 0.0009653915165988311),
2026-08-14 20:41:09,693 - INFO - 	                  (5, 0.0009653915165988311),
2026-08-14 20:41:09,693 - INFO - 	                  (6, 0.0009653915165988311),
2026-08-14 20:41:09,693 - INFO - 	                  (7, 0.0009685109060881124),
2026-08-14 20:41:09,693 - INFO - 	                  (8, 0.0010097773334539497),
2026-08-14 20:41:09,693 - INFO - 	                  (9, 0.0010343752673656116),
2026-08-14 20:41:09,693 - INFO - 	                  (10, 0.0010446859211736942),
2026-08-14 20:41:09,693 - INFO - 	                  (11, 0.0010288270402587217),
2026-08-14 20:41:09,693 - INFO - 	                  (12, 0.0009653915165988311),
2026-08-14 20:41:09,693 - INFO - 	                  (13, 0.0009653915165988311),
2026-08-14 20:41:09,693 - INFO - 	                  (14, 0.0009653915165988311),
2026-08-14 20:41:09,694 - INFO - 	                  (15, 0.0009653915165988311),
2026-08-14 20:41:09,694 - INFO - 	                  (16, 0.0009653915165988311),
2026-08-14 20:41:09,694 - INFO - 	                  (17, 0.0009653915165988311),
2026-08-14 20:41:09,694 - INFO - 	                  (18, 0.0009361025923864942),
2026-08-14 20:41:09,694 - INFO - 	                  (19, 0.0008670950294862078),
2026-08-14 20:41:09,694 - INFO - 	                  (20, 0.0008246141833115662),
2026-08-14 20:41:09,694 - INFO - 	                  (21, 0.0002270725051128818),
2026-08-14 20:41:09,694 - INFO - 	                  (22, 0.0001317287225549981),
2026-08-14 20:41:09,694 - INFO - 	                  (23, 0.00015920792462088167),
2026-08-14 20:41:09,694 - INFO - 	                  (24, 0.0001777337644885224),
2026-08-14 20:41:09,694 - INFO - 	                  (25, 0.00017790044942306415),
2026-08-14 20:41:09,694 - INFO - 	                  (26, 0.00017790044942306415),
2026-08-14 20:41:09,694 - INFO - 	                  (27, 0.00017790044942306415),
2026-08-14 20:41:09,694 - INFO - 	                  (28, 0.00017790044942306415),
2026-08-14 20:41:09,694 - INFO - 	                  (29, 0.00017790044942306415),
2026-08-14 20:41:09,694 - INFO - 	                  (30, 0.00017790044942306415)],
2026-08-14 20:41:09,694 - INFO - 	 'weighted_f1': [(1, 2.382317959805497e-06),
2026-08-14 20:41:09,694 - INFO - 	                 (2, 2.326700590597029e-06),
2026-08-14 20:41:09,694 - INFO - 	                 (3, 2.238895942413141e-06),
2026-08-14 20:41:09,694 - INFO - 	                 (4, 2.1821229370798552e-06),
2026-08-14 20:41:09,694 - INFO - 	                 (5, 2.136493900815802e-06),
2026-08-14 20:41:09,694 - INFO - 	                 (6, 2.1052819970052306e-06),
2026-08-14 20:41:09,695 - INFO - 	                 (7, 2.1018497631527634e-06),
2026-08-14 20:41:09,695 - INFO - 	                 (8, 2.2209863587398293e-06),
2026-08-14 20:41:09,695 - INFO - 	                 (9, 2.314366324340282e-06),
2026-08-14 20:41:09,695 - INFO - 	                 (10, 2.3614902365830402e-06),
2026-08-14 20:41:09,695 - INFO - 	                 (11, 2.3221613401360165e-06),
2026-08-14 20:41:09,695 - INFO - 	                 (12, 1.932603614255223e-06),
2026-08-14 20:41:09,695 - INFO - 	                 (13, 1.8956068136794292e-06),
2026-08-14 20:41:09,695 - INFO - 	                 (14, 1.8864314669227965e-06),
2026-08-14 20:41:09,695 - INFO - 	                 (15, 1.8875833450462505e-06),
2026-08-14 20:41:09,695 - INFO - 	                 (16, 1.8893575341015815e-06),
2026-08-14 20:41:09,695 - INFO - 	                 (17, 1.8964172875515712e-06),
2026-08-14 20:41:09,695 - INFO - 	                 (18, 1.90460535105271e-06),
2026-08-14 20:41:09,695 - INFO - 	                 (19, 2.0323212385458536e-06),
2026-08-14 20:41:09,695 - INFO - 	                 (20, 2.341957865560575e-06),
2026-08-14 20:41:09,695 - INFO - 	                 (21, 5.096860770658315e-07),
2026-08-14 20:41:09,695 - INFO - 	                 (22, 6.930565230071212e-08),
2026-08-14 20:41:09,695 - INFO - 	                 (23, 6.454803927221272e-08),
2026-08-14 20:41:09,695 - INFO - 	                 (24, 7.304012132715745e-08),
2026-08-14 20:41:09,695 - INFO - 	                 (25, 6.440202707308517e-08),
2026-08-14 20:41:09,695 - INFO - 	                 (26, 6.516099827706792e-08),
2026-08-14 20:41:09,695 - INFO - 	                 (27, 6.3287421111906e-08),
2026-08-14 20:41:09,695 - INFO - 	                 (28, 6.335183352012435e-08),
2026-08-14 20:41:09,695 - INFO - 	                 (29, 6.328593697123473e-08),
2026-08-14 20:41:09,695 - INFO - 	                 (30, 6.329269075028222e-08)],
2026-08-14 20:41:09,695 - INFO - 	 'weighted_precision': [(1, 1.1926289017375956e-06),
2026-08-14 20:41:09,696 - INFO - 	                        (2, 1.1647540329772937e-06),
2026-08-14 20:41:09,696 - INFO - 	                        (3, 1.120747121700185e-06),
2026-08-14 20:41:09,696 - INFO - 	                        (4, 1.092295954245912e-06),
2026-08-14 20:41:09,696 - INFO - 	                        (5, 1.0694303207391715e-06),
2026-08-14 20:41:09,696 - INFO - 	                        (6, 1.053790027230757e-06),
2026-08-14 20:41:09,696 - INFO - 	                        (7, 1.0520673593957077e-06),
2026-08-14 20:41:09,696 - INFO - 	                        (8, 1.1117531253586217e-06),
2026-08-14 20:41:09,696 - INFO - 	                        (9, 1.1584992583079232e-06),
2026-08-14 20:41:09,696 - INFO - 	                        (10, 1.1821486844290123e-06),
2026-08-14 20:41:09,696 - INFO - 	                        (11, 1.1625221913191066e-06),
2026-08-14 20:41:09,696 - INFO - 	                        (12, 9.672699891785752e-07),
2026-08-14 20:41:09,696 - INFO - 	                        (13, 9.487348570485027e-07),
2026-08-14 20:41:09,696 - INFO - 	                        (14, 9.441381840676682e-07),
2026-08-14 20:41:09,696 - INFO - 	                        (15, 9.447152505441029e-07),
2026-08-14 20:41:09,697 - INFO - 	                        (16, 9.456040829291889e-07),
2026-08-14 20:41:09,697 - INFO - 	                        (17, 9.491408910366821e-07),
2026-08-14 20:41:09,697 - INFO - 	                        (18, 9.533108746953044e-07),
2026-08-14 20:41:09,697 - INFO - 	                        (19, 1.0173545955095434e-06),
2026-08-14 20:41:09,697 - INFO - 	                        (20, 1.172683722008862e-06),
2026-08-14 20:41:09,697 - INFO - 	                        (21, 2.553261786575996e-07),
2026-08-14 20:41:09,697 - INFO - 	                        (22, 3.466305544348116e-08),
2026-08-14 20:41:09,697 - INFO - 	                        (23, 3.228056342807164e-08),
2026-08-14 20:41:09,697 - INFO - 	                        (24, 3.652756620951538e-08),
2026-08-14 20:41:09,697 - INFO - 	                        (25, 3.220684316202129e-08),
2026-08-14 20:41:09,697 - INFO - 	                        (26, 3.2586466989447887e-08),
2026-08-14 20:41:09,697 - INFO - 	                        (27, 3.1649340123283465e-08),
2026-08-14 20:41:09,698 - INFO - 	                        (28, 3.168155779352079e-08),
2026-08-14 20:41:09,698 - INFO - 	                        (29, 3.1648597788891734e-08),
2026-08-14 20:41:09,698 - INFO - 	                        (30, 3.1651975880087865e-08)],
2026-08-14 20:41:09,698 - INFO - 	 'weighted_recall': [(1, 0.0009666773718081532),
2026-08-14 20:41:09,698 - INFO - 	                     (2, 0.0009653200801983131),
2026-08-14 20:41:09,698 - INFO - 	                     (3, 0.0009657248864679145),
2026-08-14 20:41:09,698 - INFO - 	                     (4, 0.0009653915165988311),
2026-08-14 20:41:09,698 - INFO - 	                     (5, 0.0009653915165988311),
2026-08-14 20:41:09,698 - INFO - 	                     (6, 0.0009653915165988311),
2026-08-14 20:41:09,698 - INFO - 	                     (7, 0.0009685109060881124),
2026-08-14 20:41:09,698 - INFO - 	                     (8, 0.0010097773334539497),
2026-08-14 20:41:09,698 - INFO - 	                     (9, 0.0010343752673656116),
2026-08-14 20:41:09,698 - INFO - 	                     (10, 0.0010446859211736942),
2026-08-14 20:41:09,698 - INFO - 	                     (11, 0.0010288270402587217),
2026-08-14 20:41:09,698 - INFO - 	                     (12, 0.0009653915165988311),
2026-08-14 20:41:09,698 - INFO - 	                     (13, 0.0009653915165988311),
2026-08-14 20:41:09,698 - INFO - 	                     (14, 0.0009653915165988311),
2026-08-14 20:41:09,699 - INFO - 	                     (15, 0.0009653915165988311),
2026-08-14 20:41:09,699 - INFO - 	                     (16, 0.0009653915165988311),
2026-08-14 20:41:09,699 - INFO - 	                     (17, 0.0009653915165988311),
2026-08-14 20:41:09,699 - INFO - 	                     (18, 0.0009361025923864942),
2026-08-14 20:41:09,699 - INFO - 	                     (19, 0.0008670950294862078),
2026-08-14 20:41:09,699 - INFO - 	                     (20, 0.0008246141833115662),
2026-08-14 20:41:09,699 - INFO - 	                     (21, 0.0002270725051128818),
2026-08-14 20:41:09,699 - INFO - 	                     (22, 0.0001317287225549981),
2026-08-14 20:41:09,699 - INFO - 	                     (23, 0.00015920792462088167),
2026-08-14 20:41:09,699 - INFO - 	                     (24, 0.0001777337644885224),
2026-08-14 20:41:09,699 - INFO - 	                     (25, 0.00017790044942306415),
2026-08-14 20:41:09,699 - INFO - 	                     (26, 0.00017790044942306415),
2026-08-14 20:41:09,699 - INFO - 	                     (27, 0.00017790044942306415),
2026-08-14 20:41:09,699 - INFO - 	                     (28, 0.00017790044942306415),
2026-08-14 20:41:09,699 - INFO - 	                     (29, 0.00017790044942306415),
2026-08-14 20:41:09,699 - INFO - 	                     (30, 0.00017790044942306415)]}
2026-08-14 20:41:09,699 - INFO - 
2026-08-14 20:41:09,704 - INFO - Nap global test: /kaggle/input/datasets/tongxuanvu/100clientiov/global_test_data.pt
2026-08-14 20:41:11,555 - INFO - Global test goc: n=42048683
2026-08-14 20:41:13,296 - INFO - Task 4: loc ve lop 0-12 -> n=42048683
2026-08-14 20:41:13,296 - INFO - Danh gia moi round tren n=42048683 mau (dtype=float16)
2026-08-14 20:41:13,306 - INFO - ===== Task 4: 100 client, 30 round =====
2026-08-14 20:41:13,306 - WARNING - DEPRECATED FEATURE: flwr.simulation.start_simulation() is deprecated.
	Instead, use the `flwr run` CLI command to start a local simulation in your Flower app, as shown for example below:

		$ flwr new  # Create a new Flower app from a template

		$ flwr run  # Run the Flower app in Simulation Mode

	Using `start_simulation()` is deprecated.

            This is a deprecated feature. It will be removed
            entirely in future versions of Flower.
        
2026-08-14 20:41:13,307 - INFO - Starting Flower simulation, config: num_rounds=30, no round_timeout
2026-08-14 20:41:23,397 - INFO - Flower VCE: Ray initialized with resources: {'node:172.19.2.2': 1.0, 'object_store_memory': 8279049830.0, 'memory': 19317782938.0, 'GPU': 2.0, 'node:__internal_head__': 1.0, 'CPU': 4.0, 'accelerator_type:T4': 1.0}
2026-08-14 20:41:23,397 - INFO - Optimize your simulation with Flower VCE: https://flower.ai/docs/framework/how-to-run-simulations.html
2026-08-14 20:41:23,398 - INFO - Flower VCE: Resources for each Virtual Client: {'num_cpus': 1.0, 'num_gpus': 0.5}
2026-08-14 20:41:23,416 - INFO - Flower VCE: Creating VirtualClientEngineActorPool with 4 actors
2026-08-14 20:41:23,421 - INFO - [INIT]
2026-08-14 20:41:23,421 - INFO - Using initial global parameters provided by strategy
2026-08-14 20:41:23,421 - INFO - Starting evaluation of initial global parameters
2026-08-14 20:41:23,424 - INFO - Evaluation returned no results (`None`)
2026-08-14 20:41:23,424 - INFO - 
2026-08-14 20:41:23,424 - INFO - [ROUND 1]
2026-08-14 20:41:23,425 - INFO - configure_fit: strategy sampled 100 clients (out of 100)
2026-08-14 20:41:43,186 - INFO - aggregate_fit: received 100 results and 0 failures
2026-08-14 20:41:43,363 - INFO - [Round 1] tong hop 100 controller (paper) | trong so 0.0005..0.0889 entropy=3.961 train_loss=3.1935
2026-08-14 20:41:43,368 - INFO - [Round 121] luu checkpoint -> out_10shot/checkpoints_cnn/round_121.pth
2026-08-14 20:49:20,614 - INFO - [Round 121] loss=2.7894 acc=0.0002 | micro P/R/F1=0.0002/0.0002/0.0002 | macro P/R/F1=0.0000/0.0769/0.0000 | weighted P/R/F1=0.0000/0.0002/0.0000
2026-08-14 20:49:20,615 - INFO - fit progress: (1, 2.7893956398931414, {'accuracy': 0.00017767500589733096, 'micro_precision': 0.00017767500589733096, 'micro_recall': 0.00017767500589733096, 'micro_f1': 0.00017767500589733096, 'macro_precision': 1.3859608741705471e-05, 'macro_recall': 0.07692307692307693, 'macro_f1': 2.7714224075481483e-05, 'weighted_precision': 3.2012578843923855e-08, 'weighted_recall': 0.00017767500589733096, 'weighted_f1': 6.401362403866461e-08}, 477.1905882179999)
2026-08-14 20:49:20,615 - INFO - configure_evaluate: no clients selected, skipping evaluation
2026-08-14 20:49:20,615 - INFO - 
2026-08-14 20:49:20,615 - INFO - [ROUND 2]
2026-08-14 20:49:20,616 - INFO - configure_fit: strategy sampled 100 clients (out of 100)
2026-08-14 20:49:22,908 - INFO - aggregate_fit: received 100 results and 0 failures
2026-08-14 20:49:23,057 - INFO - [Round 2] tong hop 100 controller (paper) | trong so 0.0005..0.0889 entropy=3.961 train_loss=2.9928
2026-08-14 20:49:23,061 - INFO - [Round 122] luu checkpoint -> out_10shot/checkpoints_cnn/round_122.pth
2026-08-14 20:57:01,816 - INFO - [Round 122] loss=2.7739 acc=0.0002 | micro P/R/F1=0.0002/0.0002/0.0002 | macro P/R/F1=0.0000/0.0769/0.0000 | weighted P/R/F1=0.0000/0.0002/0.0000
2026-08-14 20:57:01,817 - INFO - fit progress: (2, 2.7739374497562457, {'accuracy': 0.00017767500589733096, 'micro_precision': 0.00017767500589733096, 'micro_recall': 0.00017767500589733096, 'micro_f1': 0.00017767500589733096, 'macro_precision': 1.4586893684420165e-05, 'macro_recall': 0.07692307692307693, 'macro_f1': 2.9168256203561712e-05, 'weighted_precision': 3.36924434782402e-08, 'weighted_recall': 0.00017767500589733096, 'weighted_f1': 6.737211120877493e-08}, 938.3925815420007)
2026-08-14 20:57:01,817 - INFO - configure_evaluate: no clients selected, skipping evaluation
2026-08-14 20:57:01,817 - INFO - 
2026-08-14 20:57:01,818 - INFO - [ROUND 3]
2026-08-14 20:57:01,818 - INFO - configure_fit: strategy sampled 100 clients (out of 100)
2026-08-14 20:57:04,133 - INFO - aggregate_fit: received 100 results and 0 failures
2026-08-14 20:57:04,287 - INFO - [Round 3] tong hop 100 controller (paper) | trong so 0.0005..0.0889 entropy=3.961 train_loss=2.8084
2026-08-14 20:57:04,292 - INFO - [Round 123] luu checkpoint -> out_10shot/checkpoints_cnn/round_123.pth
