2026-08-14 09:03:26,316 - INFO - Thiet bi: cuda | pool 100 client | 30 round/task | Flower simulation (Ray)
2026-08-14 09:03:26,317 - INFO - Client co du lieu tung task: task0=50, task1=60, task2=70, task3=80, task4=100
2026-08-14 09:03:26,615 - INFO - Chay tiep tu checkpoint round 30
2026-08-14 09:03:26,615 - INFO - Tiep tuc: task0=30/30
2026-08-14 09:03:26,618 - INFO - [task 0] da xong 30/30 round — bo qua
2026-08-14 09:03:26,619 - INFO - Nap global test: /kaggle/input/datasets/tongxuanvu/100clientiov/global_test_data.pt
2026-08-14 09:03:41,792 - INFO - Global test goc: n=42048683
2026-08-14 09:03:43,504 - INFO - Task 1: loc ve lop 0-5 -> n=41971741
2026-08-14 09:03:43,505 - INFO - Danh gia moi round tren n=41971741 mau (dtype=float16)
2026-08-14 09:03:43,509 - INFO - ===== Task 1: 60 client, 30 round =====
2026-08-14 09:03:45,601 - INFO - setup plugin alembic.autogenerate.schemas
2026-08-14 09:03:45,601 - INFO - setup plugin alembic.autogenerate.tables
2026-08-14 09:03:45,601 - INFO - setup plugin alembic.autogenerate.types
2026-08-14 09:03:45,601 - INFO - setup plugin alembic.autogenerate.constraints
2026-08-14 09:03:45,601 - INFO - setup plugin alembic.autogenerate.defaults
2026-08-14 09:03:45,601 - INFO - setup plugin alembic.autogenerate.comments
2026-08-14 09:04:01,180 - WARNING - DEPRECATED FEATURE: flwr.simulation.start_simulation() is deprecated.
	Instead, use the `flwr run` CLI command to start a local simulation in your Flower app, as shown for example below:

		$ flwr new  # Create a new Flower app from a template

		$ flwr run  # Run the Flower app in Simulation Mode

	Using `start_simulation()` is deprecated.

            This is a deprecated feature. It will be removed
            entirely in future versions of Flower.
        
2026-08-14 09:04:01,181 - INFO - Starting Flower simulation, config: num_rounds=30, no round_timeout
2026-08-14 09:04:10,641 - INFO - Flower VCE: Ray initialized with resources: {'memory': 19744972800.0, 'GPU': 2.0, 'object_store_memory': 8462131200.0, 'accelerator_type:T4': 1.0, 'node:__internal_head__': 1.0, 'CPU': 4.0, 'node:172.19.2.2': 1.0}
2026-08-14 09:04:10,642 - INFO - Optimize your simulation with Flower VCE: https://flower.ai/docs/framework/how-to-run-simulations.html
2026-08-14 09:04:10,642 - INFO - Flower VCE: Resources for each Virtual Client: {'num_cpus': 1.0, 'num_gpus': 0.5}
2026-08-14 09:04:10,673 - INFO - Flower VCE: Creating VirtualClientEngineActorPool with 4 actors
2026-08-14 09:04:10,674 - INFO - [INIT]
2026-08-14 09:04:10,674 - INFO - Using initial global parameters provided by strategy
2026-08-14 09:04:10,674 - INFO - Starting evaluation of initial global parameters
2026-08-14 09:04:10,676 - INFO - Evaluation returned no results (`None`)
2026-08-14 09:04:10,676 - INFO - 
2026-08-14 09:04:10,676 - INFO - [ROUND 1]
2026-08-14 09:04:10,678 - INFO - configure_fit: strategy sampled 60 clients (out of 60)
2026-08-14 09:04:35,874 - INFO - aggregate_fit: received 60 results and 0 failures
2026-08-14 09:04:35,980 - INFO - [Round 1] tong hop 60 controller (paper) | trong so 0.0010..0.1411 entropy=3.366 train_loss=5.9247
2026-08-14 09:04:35,987 - INFO - [Round 31] luu checkpoint -> out_1percent/checkpoints_cnn/round_031.pth
2026-08-14 09:12:00,892 - INFO - [Round 31] loss=0.1968 acc=0.9935 | micro P/R/F1=0.9935/0.9935/0.9935 | macro P/R/F1=0.1656/0.1667/0.1661 | weighted P/R/F1=0.9871/0.9935/0.9903
2026-08-14 09:12:00,894 - INFO - fit progress: (1, 0.19676375460493248, {'accuracy': 0.993539724740034, 'micro_precision': 0.993539724740034, 'micro_recall': 0.993539724740034, 'micro_f1': 0.993539724740034, 'macro_precision': 0.16558995412333902, 'macro_recall': 0.16666666666666666, 'macro_f1': 0.1661265657948528, 'weighted_precision': 0.9871211846365026, 'weighted_recall': 0.993539724740034, 'weighted_f1': 0.9903200547109512}, 470.21769022)
2026-08-14 09:12:00,894 - INFO - configure_evaluate: no clients selected, skipping evaluation
2026-08-14 09:12:00,895 - INFO - 
2026-08-14 09:12:00,895 - INFO - [ROUND 2]
2026-08-14 09:12:00,895 - INFO - configure_fit: strategy sampled 60 clients (out of 60)
2026-08-14 09:12:03,313 - INFO - aggregate_fit: received 60 results and 0 failures
2026-08-14 09:12:03,400 - INFO - [Round 2] tong hop 60 controller (paper) | trong so 0.0010..0.1411 entropy=3.366 train_loss=3.3603
2026-08-14 09:12:03,405 - INFO - [Round 32] luu checkpoint -> out_1percent/checkpoints_cnn/round_032.pth
2026-08-14 09:19:29,150 - INFO - [Round 32] loss=0.7434 acc=0.9935 | micro P/R/F1=0.9935/0.9935/0.9935 | macro P/R/F1=0.1656/0.1667/0.1661 | weighted P/R/F1=0.9871/0.9935/0.9903
2026-08-14 09:19:29,151 - INFO - fit progress: (2, 0.7434263621499816, {'accuracy': 0.993539724740034, 'micro_precision': 0.993539724740034, 'micro_recall': 0.993539724740034, 'micro_f1': 0.993539724740034, 'macro_precision': 0.16558995412333902, 'macro_recall': 0.16666666666666666, 'macro_f1': 0.1661265657948528, 'weighted_precision': 0.9871211846365026, 'weighted_recall': 0.993539724740034, 'weighted_f1': 0.9903200547109512}, 918.4748950940001)
2026-08-14 09:19:29,152 - INFO - configure_evaluate: no clients selected, skipping evaluation
2026-08-14 09:19:29,152 - INFO - 
2026-08-14 09:19:29,152 - INFO - [ROUND 3]
2026-08-14 09:19:29,152 - INFO - configure_fit: strategy sampled 60 clients (out of 60)
2026-08-14 09:19:31,572 - INFO - aggregate_fit: received 60 results and 0 failures
2026-08-14 09:19:31,661 - INFO - [Round 3] tong hop 60 controller (paper) | trong so 0.0010..0.1411 entropy=3.366 train_loss=2.4193
2026-08-14 09:19:31,666 - INFO - [Round 33] luu checkpoint -> out_1percent/checkpoints_cnn/round_033.pth
2026-08-14 09:26:56,649 - INFO - [Round 33] loss=1.2400 acc=0.9846 | micro P/R/F1=0.9846/0.9846/0.9846 | macro P/R/F1=0.1656/0.1652/0.1654 | weighted P/R/F1=0.9872/0.9846/0.9859
2026-08-14 09:26:56,651 - INFO - fit progress: (3, 1.2399614282086153, {'accuracy': 0.9845512722476774, 'micro_precision': 0.9845512722476774, 'micro_recall': 0.9845512722476774, 'micro_f1': 0.9845512722476774, 'macro_precision': 0.16560155618931652, 'macro_recall': 0.1651588503427801, 'macro_f1': 0.16537990699650895, 'weighted_precision': 0.9871903473171288, 'weighted_recall': 0.9845512722476774, 'weighted_f1': 0.9858690436490637}, 1365.974202338)
2026-08-14 09:26:56,651 - INFO - configure_evaluate: no clients selected, skipping evaluation
2026-08-14 09:26:56,651 - INFO - 
2026-08-14 09:26:56,651 - INFO - [ROUND 4]
2026-08-14 09:26:56,651 - INFO - configure_fit: strategy sampled 60 clients (out of 60)
2026-08-14 09:26:59,555 - INFO - aggregate_fit: received 60 results and 0 failures
2026-08-14 09:26:59,642 - INFO - [Round 4] tong hop 60 controller (paper) | trong so 0.0010..0.1411 entropy=3.366 train_loss=1.9181
2026-08-14 09:26:59,645 - INFO - [Round 34] luu checkpoint -> out_1percent/checkpoints_cnn/round_034.pth
2026-08-14 09:34:24,749 - INFO - [Round 34] loss=1.6623 acc=0.9145 | micro P/R/F1=0.9145/0.9145/0.9145 | macro P/R/F1=0.1655/0.1534/0.1592 | weighted P/R/F1=0.9867/0.9145/0.9493
2026-08-14 09:34:24,750 - INFO - fit progress: (4, 1.6623231277020996, {'accuracy': 0.9145091932212199, 'micro_precision': 0.9145091932212199, 'micro_recall': 0.9145091932212199, 'micro_f1': 0.9145091932212199, 'macro_precision': 0.1655271403573014, 'macro_recall': 0.15340926494920423, 'macro_f1': 0.159237995467803, 'weighted_precision': 0.9867467368055891, 'weighted_recall': 0.9145091932212199, 'weighted_f1': 0.9492556451114148}, 1814.074031347)
2026-08-14 09:34:24,751 - INFO - configure_evaluate: no clients selected, skipping evaluation
2026-08-14 09:34:24,751 - INFO - 
2026-08-14 09:34:24,751 - INFO - [ROUND 5]
2026-08-14 09:34:24,751 - INFO - configure_fit: strategy sampled 60 clients (out of 60)
2026-08-14 09:34:27,165 - INFO - aggregate_fit: received 60 results and 0 failures
2026-08-14 09:34:27,251 - INFO - [Round 5] tong hop 60 controller (paper) | trong so 0.0010..0.1411 entropy=3.366 train_loss=1.6129
2026-08-14 09:34:27,256 - INFO - [Round 35] luu checkpoint -> out_1percent/checkpoints_cnn/round_035.pth
2026-08-14 09:41:52,304 - INFO - [Round 35] loss=1.9142 acc=0.8946 | micro P/R/F1=0.8946/0.8946/0.8946 | macro P/R/F1=0.1662/0.1680/0.1586 | weighted P/R/F1=0.9869/0.8946/0.9383
2026-08-14 09:41:55,262 - INFO - Luu out_1percent/confusion_matrix_cnn_task1.csv
2026-08-14 09:41:55,262 - INFO - Luu out_1percent/confusion_matrix_cnn_task1_normalized.csv
2026-08-14 09:42:04,059 - INFO - Luu out_1percent/classification_report_cnn_task1.txt
               precision    recall  f1-score   support

       Benign     0.9933    0.9001    0.9444  41700592
          DoS     0.0037    0.1080    0.0072    145129
       double     0.0000    0.0000    0.0000     12413
force-neutral     0.0000    0.0000    0.0000      5744
      fuzzing     0.0000    0.0000    0.0000     67321
     interval     0.0000    0.0000    0.0000     40542

     accuracy                         0.8946  41971741
    macro avg     0.1662    0.1680    0.1586  41971741
 weighted avg     0.9869    0.8946    0.9383  41971741

2026-08-14 09:42:04,359 - INFO - Luu out_1percent/confusion_matrix_cnn_task1.png
2026-08-14 09:42:04,360 - INFO - fit progress: (5, 1.9141709457888072, {'accuracy': 0.8946233133383721, 'micro_precision': 0.8946233133383721, 'micro_recall': 0.8946233133383721, 'micro_f1': 0.8946233133383721, 'macro_precision': 0.16618029226131772, 'macro_recall': 0.16801312294750603, 'macro_f1': 0.15860684598893246, 'weighted_precision': 0.9869332996647927, 'weighted_recall': 0.8946233133383721, 'weighted_f1': 0.9383275382939625}, 2273.683880917)
2026-08-14 09:42:04,360 - INFO - configure_evaluate: no clients selected, skipping evaluation
2026-08-14 09:42:04,361 - INFO - 
2026-08-14 09:42:04,361 - INFO - [ROUND 6]
2026-08-14 09:42:04,361 - INFO - configure_fit: strategy sampled 60 clients (out of 60)
2026-08-14 09:42:06,784 - INFO - aggregate_fit: received 60 results and 0 failures
2026-08-14 09:42:06,869 - INFO - [Round 6] tong hop 60 controller (paper) | trong so 0.0010..0.1411 entropy=3.366 train_loss=1.3817
2026-08-14 09:42:06,873 - INFO - [Round 36] luu checkpoint -> out_1percent/checkpoints_cnn/round_036.pth
2026-08-14 09:49:35,733 - INFO - [Round 36] loss=2.0194 acc=0.5724 | micro P/R/F1=0.5724/0.5724/0.5724 | macro P/R/F1=0.1659/0.2158/0.1223 | weighted P/R/F1=0.9860/0.5724/0.7234
2026-08-14 09:49:35,735 - INFO - fit progress: (6, 2.0194361230458813, {'accuracy': 0.5724444215930905, 'micro_precision': 0.5724444215930905, 'micro_recall': 0.5724444215930905, 'micro_f1': 0.5724444215930905, 'macro_precision': 0.16586137228199932, 'macro_recall': 0.21580655732453305, 'macro_f1': 0.12226538472831326, 'weighted_precision': 0.9860219298640756, 'weighted_recall': 0.5724444215930905, 'weighted_f1': 0.7234392164644216}, 2725.0582377)
2026-08-14 09:49:35,735 - INFO - configure_evaluate: no clients selected, skipping evaluation
2026-08-14 09:49:35,735 - INFO - 
2026-08-14 09:49:35,735 - INFO - [ROUND 7]
2026-08-14 09:49:35,735 - INFO - configure_fit: strategy sampled 60 clients (out of 60)
2026-08-14 09:49:38,128 - INFO - aggregate_fit: received 60 results and 0 failures
2026-08-14 09:49:38,214 - INFO - [Round 7] tong hop 60 controller (paper) | trong so 0.0010..0.1411 entropy=3.366 train_loss=1.2055
2026-08-14 09:49:38,218 - INFO - [Round 37] luu checkpoint -> out_1percent/checkpoints_cnn/round_037.pth
2026-08-14 09:57:03,427 - INFO - [Round 37] loss=2.0171 acc=0.0037 | micro P/R/F1=0.0037/0.0037/0.0037 | macro P/R/F1=0.1669/0.1670/0.0012 | weighted P/R/F1=0.9934/0.0037/0.0042
2026-08-14 09:57:03,428 - INFO - fit progress: (7, 2.0170927877704394, {'accuracy': 0.003686647165768034, 'micro_precision': 0.003686647165768034, 'micro_recall': 0.003686647165768034, 'micro_f1': 0.003686647165768034, 'macro_precision': 0.16690972081865751, 'macro_recall': 0.16698390605032876, 'macro_f1': 0.0012321911770937124, 'weighted_precision': 0.993394589396153, 'weighted_recall': 0.003686647165768034, 'weighted_f1': 0.004162423149195213}, 3172.752026811)
2026-08-14 09:57:03,429 - INFO - configure_evaluate: no clients selected, skipping evaluation
2026-08-14 09:57:03,429 - INFO - 
2026-08-14 09:57:03,429 - INFO - [ROUND 8]
2026-08-14 09:57:03,429 - INFO - configure_fit: strategy sampled 60 clients (out of 60)
2026-08-14 09:57:05,843 - INFO - aggregate_fit: received 60 results and 0 failures
2026-08-14 09:57:05,928 - INFO - [Round 8] tong hop 60 controller (paper) | trong so 0.0010..0.1411 entropy=3.366 train_loss=1.0588
2026-08-14 09:57:05,932 - INFO - [Round 38] luu checkpoint -> out_1percent/checkpoints_cnn/round_038.pth
2026-08-14 10:04:30,483 - INFO - [Round 38] loss=2.0299 acc=0.0016 | micro P/R/F1=0.0016/0.0016/0.0016 | macro P/R/F1=0.1669/0.1667/0.0005 | weighted P/R/F1=0.9935/0.0016/0.0000
2026-08-14 10:04:30,485 - INFO - fit progress: (8, 2.029853983236234, {'accuracy': 0.0016045319635418507, 'micro_precision': 0.0016045319635418507, 'micro_recall': 0.0016045319635418507, 'micro_f1': 0.0016045319635418507, 'macro_precision': 0.1669339935112336, 'macro_recall': 0.16666676258856628, 'macro_f1': 0.0005339893424168792, 'weighted_precision': 0.9935422974296686, 'weighted_recall': 0.0016045319635418507, 'weighted_f1': 6.280765452301206e-06}, 3619.80832068)
2026-08-14 10:04:30,485 - INFO - configure_evaluate: no clients selected, skipping evaluation
2026-08-14 10:04:30,485 - INFO - 
2026-08-14 10:04:30,485 - INFO - [ROUND 9]
2026-08-14 10:04:30,485 - INFO - configure_fit: strategy sampled 60 clients (out of 60)
2026-08-14 10:04:32,859 - INFO - aggregate_fit: received 60 results and 0 failures
2026-08-14 10:04:32,947 - INFO - [Round 9] tong hop 60 controller (paper) | trong so 0.0010..0.1411 entropy=3.366 train_loss=0.9209
2026-08-14 10:04:32,951 - INFO - [Round 39] luu checkpoint -> out_1percent/checkpoints_cnn/round_039.pth
2026-08-14 10:11:56,761 - INFO - [Round 39] loss=2.0407 acc=0.0016 | micro P/R/F1=0.0016/0.0016/0.0016 | macro P/R/F1=0.0003/0.1667/0.0005 | weighted P/R/F1=0.0000/0.0016/0.0000
2026-08-14 10:11:56,762 - INFO - fit progress: (9, 2.040673520779535, {'accuracy': 0.001603960150235369, 'micro_precision': 0.001603960150235369, 'micro_recall': 0.001603960150235369, 'micro_f1': 0.001603960150235369, 'macro_precision': 0.00026732669170589484, 'macro_recall': 0.16666666666666666, 'macro_f1': 0.0005337971939843313, 'weighted_precision': 2.5726881635430674e-06, 'weighted_recall': 0.001603960150235369, 'weighted_f1': 5.137136564749959e-06}, 4066.085957629)
2026-08-14 10:11:56,763 - INFO - configure_evaluate: no clients selected, skipping evaluation
2026-08-14 10:11:56,763 - INFO - 
2026-08-14 10:11:56,763 - INFO - [ROUND 10]
2026-08-14 10:11:56,763 - INFO - configure_fit: strategy sampled 60 clients (out of 60)
2026-08-14 10:11:59,084 - INFO - aggregate_fit: received 60 results and 0 failures
2026-08-14 10:11:59,170 - INFO - [Round 10] tong hop 60 controller (paper) | trong so 0.0010..0.1411 entropy=3.366 train_loss=0.8032
2026-08-14 10:11:59,174 - INFO - [Round 40] luu checkpoint -> out_1percent/checkpoints_cnn/round_040.pth
2026-08-14 10:19:24,000 - INFO - [Round 40] loss=2.0693 acc=0.0016 | micro P/R/F1=0.0016/0.0016/0.0016 | macro P/R/F1=0.0003/0.1667/0.0005 | weighted P/R/F1=0.0000/0.0016/0.0000
2026-08-14 10:19:26,729 - INFO - Luu out_1percent/confusion_matrix_cnn_task1.csv
2026-08-14 10:19:26,730 - INFO - Luu out_1percent/confusion_matrix_cnn_task1_normalized.csv
2026-08-14 10:19:34,122 - INFO - Luu out_1percent/classification_report_cnn_task1.txt
               precision    recall  f1-score   support

       Benign     0.0000    0.0000    0.0000  41700592
          DoS     0.0000    0.0000    0.0000    145129
       double     0.0000    0.0000    0.0000     12413
force-neutral     0.0000    0.0000    0.0000      5744
      fuzzing     0.0016    1.0000    0.0032     67321
     interval     0.0000    0.0000    0.0000     40542

     accuracy                         0.0016  41971741
    macro avg     0.0003    0.1667    0.0005  41971741
 weighted avg     0.0000    0.0016    0.0000  41971741

2026-08-14 10:19:34,335 - INFO - Luu out_1percent/confusion_matrix_cnn_task1.png
2026-08-14 10:19:34,336 - INFO - fit progress: (10, 2.069328310908888, {'accuracy': 0.001603960150235369, 'micro_precision': 0.001603960150235369, 'micro_recall': 0.001603960150235369, 'micro_f1': 0.001603960150235369, 'macro_precision': 0.00026732669170589484, 'macro_recall': 0.16666666666666666, 'macro_f1': 0.0005337971939843313, 'weighted_precision': 2.5726881635430674e-06, 'weighted_recall': 0.001603960150235369, 'weighted_f1': 5.137136564749959e-06}, 4523.660060091)
2026-08-14 10:19:34,337 - INFO - configure_evaluate: no clients selected, skipping evaluation
2026-08-14 10:19:34,337 - INFO - 
2026-08-14 10:19:34,337 - INFO - [ROUND 11]
2026-08-14 10:19:34,337 - INFO - configure_fit: strategy sampled 60 clients (out of 60)
2026-08-14 10:19:37,241 - INFO - aggregate_fit: received 60 results and 0 failures
2026-08-14 10:19:37,326 - INFO - [Round 11] tong hop 60 controller (paper) | trong so 0.0010..0.1411 entropy=3.366 train_loss=0.7009
2026-08-14 10:19:37,329 - INFO - [Round 41] luu checkpoint -> out_1percent/checkpoints_cnn/round_041.pth
2026-08-14 10:27:02,752 - INFO - [Round 41] loss=2.1248 acc=0.0016 | micro P/R/F1=0.0016/0.0016/0.0016 | macro P/R/F1=0.0003/0.1667/0.0005 | weighted P/R/F1=0.0000/0.0016/0.0000
2026-08-14 10:27:02,753 - INFO - fit progress: (11, 2.1247624397673337, {'accuracy': 0.001603960150235369, 'micro_precision': 0.001603960150235369, 'micro_recall': 0.001603960150235369, 'micro_f1': 0.001603960150235369, 'macro_precision': 0.00026732669170589484, 'macro_recall': 0.16666666666666666, 'macro_f1': 0.0005337971939843313, 'weighted_precision': 2.5726881635430674e-06, 'weighted_recall': 0.001603960150235369, 'weighted_f1': 5.137136564749959e-06}, 4972.07713481)
2026-08-14 10:27:02,754 - INFO - configure_evaluate: no clients selected, skipping evaluation
2026-08-14 10:27:02,754 - INFO - 
2026-08-14 10:27:02,754 - INFO - [ROUND 12]
2026-08-14 10:27:02,754 - INFO - configure_fit: strategy sampled 60 clients (out of 60)
2026-08-14 10:27:05,167 - INFO - aggregate_fit: received 60 results and 0 failures
2026-08-14 10:27:05,253 - INFO - [Round 12] tong hop 60 controller (paper) | trong so 0.0010..0.1411 entropy=3.366 train_loss=0.6154
2026-08-14 10:27:05,258 - INFO - [Round 42] luu checkpoint -> out_1percent/checkpoints_cnn/round_042.pth
2026-08-14 10:34:31,098 - INFO - [Round 42] loss=2.2219 acc=0.0016 | micro P/R/F1=0.0016/0.0016/0.0016 | macro P/R/F1=0.0003/0.1667/0.0005 | weighted P/R/F1=0.0000/0.0016/0.0000
2026-08-14 10:34:31,099 - INFO - fit progress: (12, 2.2219481126323144, {'accuracy': 0.001603960150235369, 'micro_precision': 0.001603960150235369, 'micro_recall': 0.001603960150235369, 'micro_f1': 0.001603960150235369, 'macro_precision': 0.00026732669170589484, 'macro_recall': 0.16666666666666666, 'macro_f1': 0.0005337971939843313, 'weighted_precision': 2.5726881635430674e-06, 'weighted_recall': 0.001603960150235369, 'weighted_f1': 5.137136564749959e-06}, 5420.422591060999)
2026-08-14 10:34:31,099 - INFO - configure_evaluate: no clients selected, skipping evaluation
2026-08-14 10:34:31,099 - INFO - 
2026-08-14 10:34:31,099 - INFO - [ROUND 13]
2026-08-14 10:34:31,100 - INFO - configure_fit: strategy sampled 60 clients (out of 60)
2026-08-14 10:34:33,434 - INFO - aggregate_fit: received 60 results and 0 failures
2026-08-14 10:34:33,523 - INFO - [Round 13] tong hop 60 controller (paper) | trong so 0.0010..0.1411 entropy=3.366 train_loss=0.5457
2026-08-14 10:34:33,527 - INFO - [Round 43] luu checkpoint -> out_1percent/checkpoints_cnn/round_043.pth
2026-08-14 10:41:58,796 - INFO - [Round 43] loss=2.3421 acc=0.0016 | micro P/R/F1=0.0016/0.0016/0.0016 | macro P/R/F1=0.0003/0.1667/0.0005 | weighted P/R/F1=0.0000/0.0016/0.0000
2026-08-14 10:41:58,797 - INFO - fit progress: (13, 2.3421337878001474, {'accuracy': 0.001603960150235369, 'micro_precision': 0.001603960150235369, 'micro_recall': 0.001603960150235369, 'micro_f1': 0.001603960150235369, 'macro_precision': 0.00026732669170589484, 'macro_recall': 0.16666666666666666, 'macro_f1': 0.0005337971939843313, 'weighted_precision': 2.5726881635430674e-06, 'weighted_recall': 0.001603960150235369, 'weighted_f1': 5.137136564749959e-06}, 5868.121021939)
2026-08-14 10:41:58,798 - INFO - configure_evaluate: no clients selected, skipping evaluation
2026-08-14 10:41:58,798 - INFO - 
2026-08-14 10:41:58,798 - INFO - [ROUND 14]
2026-08-14 10:41:58,798 - INFO - configure_fit: strategy sampled 60 clients (out of 60)
2026-08-14 10:42:01,208 - INFO - aggregate_fit: received 60 results and 0 failures
2026-08-14 10:42:01,294 - INFO - [Round 14] tong hop 60 controller (paper) | trong so 0.0010..0.1411 entropy=3.366 train_loss=0.4910
2026-08-14 10:42:01,298 - INFO - [Round 44] luu checkpoint -> out_1percent/checkpoints_cnn/round_044.pth
2026-08-14 10:49:25,307 - INFO - [Round 44] loss=2.4551 acc=0.0016 | micro P/R/F1=0.0016/0.0016/0.0016 | macro P/R/F1=0.0003/0.1667/0.0005 | weighted P/R/F1=0.0000/0.0016/0.0000
2026-08-14 10:49:25,308 - INFO - fit progress: (14, 2.455058158374596, {'accuracy': 0.001603960150235369, 'micro_precision': 0.001603960150235369, 'micro_recall': 0.001603960150235369, 'micro_f1': 0.001603960150235369, 'macro_precision': 0.00026732669170589484, 'macro_recall': 0.16666666666666666, 'macro_f1': 0.0005337971939843313, 'weighted_precision': 2.5726881635430674e-06, 'weighted_recall': 0.001603960150235369, 'weighted_f1': 5.137136564749959e-06}, 6314.632071106999)
2026-08-14 10:49:25,309 - INFO - configure_evaluate: no clients selected, skipping evaluation
2026-08-14 10:49:25,309 - INFO - 
2026-08-14 10:49:25,309 - INFO - [ROUND 15]
2026-08-14 10:49:25,309 - INFO - configure_fit: strategy sampled 60 clients (out of 60)
2026-08-14 10:49:27,635 - INFO - aggregate_fit: received 60 results and 0 failures
2026-08-14 10:49:27,729 - INFO - [Round 15] tong hop 60 controller (paper) | trong so 0.0010..0.1411 entropy=3.366 train_loss=0.4457
2026-08-14 10:49:27,733 - INFO - [Round 45] luu checkpoint -> out_1percent/checkpoints_cnn/round_045.pth
2026-08-14 10:56:51,619 - INFO - [Round 45] loss=2.5864 acc=0.0016 | micro P/R/F1=0.0016/0.0016/0.0016 | macro P/R/F1=0.0003/0.1667/0.0005 | weighted P/R/F1=0.0000/0.0016/0.0000
2026-08-14 10:56:54,357 - INFO - Luu out_1percent/confusion_matrix_cnn_task1.csv
2026-08-14 10:56:54,357 - INFO - Luu out_1percent/confusion_matrix_cnn_task1_normalized.csv
2026-08-14 10:57:01,690 - INFO - Luu out_1percent/classification_report_cnn_task1.txt
               precision    recall  f1-score   support

       Benign     0.0000    0.0000    0.0000  41700592
          DoS     0.0000    0.0000    0.0000    145129
       double     0.0000    0.0000    0.0000     12413
force-neutral     0.0000    0.0000    0.0000      5744
      fuzzing     0.0016    1.0000    0.0032     67321
     interval     0.0000    0.0000    0.0000     40542

     accuracy                         0.0016  41971741
    macro avg     0.0003    0.1667    0.0005  41971741
 weighted avg     0.0000    0.0016    0.0000  41971741

2026-08-14 10:57:01,890 - INFO - Luu out_1percent/confusion_matrix_cnn_task1.png
2026-08-14 10:57:01,891 - INFO - fit progress: (15, 2.586389364114876, {'accuracy': 0.001603960150235369, 'micro_precision': 0.001603960150235369, 'micro_recall': 0.001603960150235369, 'micro_f1': 0.001603960150235369, 'macro_precision': 0.00026732669170589484, 'macro_recall': 0.16666666666666666, 'macro_f1': 0.0005337971939843313, 'weighted_precision': 2.5726881635430674e-06, 'weighted_recall': 0.001603960150235369, 'weighted_f1': 5.137136564749959e-06}, 6771.214947648999)
2026-08-14 10:57:01,892 - INFO - configure_evaluate: no clients selected, skipping evaluation
2026-08-14 10:57:01,892 - INFO - 
2026-08-14 10:57:01,892 - INFO - [ROUND 16]
2026-08-14 10:57:01,892 - INFO - configure_fit: strategy sampled 60 clients (out of 60)
2026-08-14 10:57:04,311 - INFO - aggregate_fit: received 60 results and 0 failures
2026-08-14 10:57:04,399 - INFO - [Round 16] tong hop 60 controller (paper) | trong so 0.0010..0.1411 entropy=3.366 train_loss=0.4123
2026-08-14 10:57:04,403 - INFO - [Round 46] luu checkpoint -> out_1percent/checkpoints_cnn/round_046.pth
2026-08-14 11:04:30,739 - INFO - [Round 46] loss=2.6788 acc=0.0016 | micro P/R/F1=0.0016/0.0016/0.0016 | macro P/R/F1=0.0003/0.1667/0.0005 | weighted P/R/F1=0.0000/0.0016/0.0000
2026-08-14 11:04:30,741 - INFO - fit progress: (16, 2.6787524200179074, {'accuracy': 0.001603960150235369, 'micro_precision': 0.001603960150235369, 'micro_recall': 0.001603960150235369, 'micro_f1': 0.001603960150235369, 'macro_precision': 0.00026732669170589484, 'macro_recall': 0.16666666666666666, 'macro_f1': 0.0005337971939843313, 'weighted_precision': 2.5726881635430674e-06, 'weighted_recall': 0.001603960150235369, 'weighted_f1': 5.137136564749959e-06}, 7220.064579397)
2026-08-14 11:04:30,741 - INFO - configure_evaluate: no clients selected, skipping evaluation
2026-08-14 11:04:30,741 - INFO - 
2026-08-14 11:04:30,741 - INFO - [ROUND 17]
2026-08-14 11:04:30,742 - INFO - configure_fit: strategy sampled 60 clients (out of 60)
2026-08-14 11:04:33,148 - INFO - aggregate_fit: received 60 results and 0 failures
2026-08-14 11:04:33,236 - INFO - [Round 17] tong hop 60 controller (paper) | trong so 0.0010..0.1411 entropy=3.366 train_loss=0.3817
2026-08-14 11:04:33,240 - INFO - [Round 47] luu checkpoint -> out_1percent/checkpoints_cnn/round_047.pth
2026-08-14 11:12:02,032 - INFO - [Round 47] loss=2.8079 acc=0.0016 | micro P/R/F1=0.0016/0.0016/0.0016 | macro P/R/F1=0.0003/0.1667/0.0005 | weighted P/R/F1=0.0000/0.0016/0.0000
2026-08-14 11:12:02,034 - INFO - fit progress: (17, 2.807885161281842, {'accuracy': 0.001603960150235369, 'micro_precision': 0.001603960150235369, 'micro_recall': 0.001603960150235369, 'micro_f1': 0.001603960150235369, 'macro_precision': 0.00026732669170589484, 'macro_recall': 0.16666666666666666, 'macro_f1': 0.0005337971939843313, 'weighted_precision': 2.5726881635430674e-06, 'weighted_recall': 0.001603960150235369, 'weighted_f1': 5.137136564749959e-06}, 7671.357203594)
2026-08-14 11:12:02,034 - INFO - configure_evaluate: no clients selected, skipping evaluation
2026-08-14 11:12:02,034 - INFO - 
2026-08-14 11:12:02,034 - INFO - [ROUND 18]
2026-08-14 11:12:02,034 - INFO - configure_fit: strategy sampled 60 clients (out of 60)
2026-08-14 11:12:04,465 - INFO - aggregate_fit: received 60 results and 0 failures
2026-08-14 11:12:04,552 - INFO - [Round 18] tong hop 60 controller (paper) | trong so 0.0010..0.1411 entropy=3.366 train_loss=0.3558
2026-08-14 11:12:04,556 - INFO - [Round 48] luu checkpoint -> out_1percent/checkpoints_cnn/round_048.pth
2026-08-14 11:19:30,263 - INFO - [Round 48] loss=2.9168 acc=0.0016 | micro P/R/F1=0.0016/0.0016/0.0016 | macro P/R/F1=0.0003/0.1667/0.0005 | weighted P/R/F1=0.0000/0.0016/0.0000
2026-08-14 11:19:30,264 - INFO - fit progress: (18, 2.9167888555137744, {'accuracy': 0.001603960150235369, 'micro_precision': 0.001603960150235369, 'micro_recall': 0.001603960150235369, 'micro_f1': 0.001603960150235369, 'macro_precision': 0.00026732669170589484, 'macro_recall': 0.16666666666666666, 'macro_f1': 0.0005337971939843313, 'weighted_precision': 2.5726881635430674e-06, 'weighted_recall': 0.001603960150235369, 'weighted_f1': 5.137136564749959e-06}, 8119.587970169)
2026-08-14 11:19:30,265 - INFO - configure_evaluate: no clients selected, skipping evaluation
2026-08-14 11:19:30,265 - INFO - 
2026-08-14 11:19:30,265 - INFO - [ROUND 19]
2026-08-14 11:19:30,265 - INFO - configure_fit: strategy sampled 60 clients (out of 60)
2026-08-14 11:19:33,065 - INFO - aggregate_fit: received 60 results and 0 failures
2026-08-14 11:19:33,152 - INFO - [Round 19] tong hop 60 controller (paper) | trong so 0.0010..0.1411 entropy=3.366 train_loss=0.3369
2026-08-14 11:19:33,156 - INFO - [Round 49] luu checkpoint -> out_1percent/checkpoints_cnn/round_049.pth
2026-08-14 11:26:57,415 - INFO - [Round 49] loss=3.0741 acc=0.0016 | micro P/R/F1=0.0016/0.0016/0.0016 | macro P/R/F1=0.0003/0.1667/0.0005 | weighted P/R/F1=0.0000/0.0016/0.0000
2026-08-14 11:26:57,416 - INFO - fit progress: (19, 3.0741178771418394, {'accuracy': 0.001603960150235369, 'micro_precision': 0.001603960150235369, 'micro_recall': 0.001603960150235369, 'micro_f1': 0.001603960150235369, 'macro_precision': 0.00026732669170589484, 'macro_recall': 0.16666666666666666, 'macro_f1': 0.0005337971939843313, 'weighted_precision': 2.5726881635430674e-06, 'weighted_recall': 0.001603960150235369, 'weighted_f1': 5.137136564749959e-06}, 8566.740085906)
2026-08-14 11:26:57,417 - INFO - configure_evaluate: no clients selected, skipping evaluation
2026-08-14 11:26:57,417 - INFO - 
2026-08-14 11:26:57,417 - INFO - [ROUND 20]
2026-08-14 11:26:57,417 - INFO - configure_fit: strategy sampled 60 clients (out of 60)
2026-08-14 11:27:00,161 - INFO - aggregate_fit: received 60 results and 0 failures
2026-08-14 11:27:00,246 - INFO - [Round 20] tong hop 60 controller (paper) | trong so 0.0010..0.1411 entropy=3.366 train_loss=0.3209
2026-08-14 11:27:00,250 - INFO - [Round 50] luu checkpoint -> out_1percent/checkpoints_cnn/round_050.pth
2026-08-14 11:34:23,869 - INFO - [Round 50] loss=3.1829 acc=0.0016 | micro P/R/F1=0.0016/0.0016/0.0016 | macro P/R/F1=0.0003/0.1667/0.0005 | weighted P/R/F1=0.0000/0.0016/0.0000
2026-08-14 11:34:26,591 - INFO - Luu out_1percent/confusion_matrix_cnn_task1.csv
2026-08-14 11:34:26,592 - INFO - Luu out_1percent/confusion_matrix_cnn_task1_normalized.csv
2026-08-14 11:34:33,901 - INFO - Luu out_1percent/classification_report_cnn_task1.txt
               precision    recall  f1-score   support

       Benign     0.0000    0.0000    0.0000  41700592
          DoS     0.0000    0.0000    0.0000    145129
       double     0.0000    0.0000    0.0000     12413
force-neutral     0.0000    0.0000    0.0000      5744
      fuzzing     0.0016    1.0000    0.0032     67321
     interval     0.0000    0.0000    0.0000     40542

     accuracy                         0.0016  41971741
    macro avg     0.0003    0.1667    0.0005  41971741
 weighted avg     0.0000    0.0016    0.0000  41971741

2026-08-14 11:34:34,105 - INFO - Luu out_1percent/confusion_matrix_cnn_task1.png
2026-08-14 11:34:34,107 - INFO - fit progress: (20, 3.18287122719554, {'accuracy': 0.001603960150235369, 'micro_precision': 0.001603960150235369, 'micro_recall': 0.001603960150235369, 'micro_f1': 0.001603960150235369, 'macro_precision': 0.00026732669170589484, 'macro_recall': 0.16666666666666666, 'macro_f1': 0.0005337971939843313, 'weighted_precision': 2.5726881635430674e-06, 'weighted_recall': 0.001603960150235369, 'weighted_f1': 5.137136564749959e-06}, 9023.43052632)
2026-08-14 11:34:34,107 - INFO - configure_evaluate: no clients selected, skipping evaluation
2026-08-14 11:34:34,107 - INFO - 
2026-08-14 11:34:34,107 - INFO - [ROUND 21]
2026-08-14 11:34:34,108 - INFO - configure_fit: strategy sampled 60 clients (out of 60)
2026-08-14 11:34:36,620 - INFO - aggregate_fit: received 60 results and 0 failures
2026-08-14 11:34:36,707 - INFO - [Round 21] tong hop 60 controller (paper) | trong so 0.0010..0.1411 entropy=3.366 train_loss=0.3087
2026-08-14 11:34:36,711 - INFO - [Round 51] luu checkpoint -> out_1percent/checkpoints_cnn/round_051.pth
2026-08-14 11:42:00,871 - INFO - [Round 51] loss=3.3113 acc=0.0016 | micro P/R/F1=0.0016/0.0016/0.0016 | macro P/R/F1=0.0003/0.1667/0.0005 | weighted P/R/F1=0.0000/0.0016/0.0000
2026-08-14 11:42:00,872 - INFO - fit progress: (21, 3.311294329692199, {'accuracy': 0.001603960150235369, 'micro_precision': 0.001603960150235369, 'micro_recall': 0.001603960150235369, 'micro_f1': 0.001603960150235369, 'macro_precision': 0.00026732669170589484, 'macro_recall': 0.16666666666666666, 'macro_f1': 0.0005337971939843313, 'weighted_precision': 2.5726881635430674e-06, 'weighted_recall': 0.001603960150235369, 'weighted_f1': 5.137136564749959e-06}, 9470.195448869)
2026-08-14 11:42:00,872 - INFO - configure_evaluate: no clients selected, skipping evaluation
2026-08-14 11:42:00,872 - INFO - 
2026-08-14 11:42:00,872 - INFO - [ROUND 22]
2026-08-14 11:42:00,872 - INFO - configure_fit: strategy sampled 60 clients (out of 60)
2026-08-14 11:42:03,321 - INFO - aggregate_fit: received 60 results and 0 failures
2026-08-14 11:42:03,411 - INFO - [Round 22] tong hop 60 controller (paper) | trong so 0.0010..0.1411 entropy=3.366 train_loss=0.2978
2026-08-14 11:42:03,416 - INFO - [Round 52] luu checkpoint -> out_1percent/checkpoints_cnn/round_052.pth
2026-08-14 11:49:27,303 - INFO - [Round 52] loss=3.4083 acc=0.0016 | micro P/R/F1=0.0016/0.0016/0.0016 | macro P/R/F1=0.0003/0.1667/0.0005 | weighted P/R/F1=0.0000/0.0016/0.0000
2026-08-14 11:49:27,304 - INFO - fit progress: (22, 3.4083348818117525, {'accuracy': 0.001603960150235369, 'micro_precision': 0.001603960150235369, 'micro_recall': 0.001603960150235369, 'micro_f1': 0.001603960150235369, 'macro_precision': 0.00026732669170589484, 'macro_recall': 0.16666666666666666, 'macro_f1': 0.0005337971939843313, 'weighted_precision': 2.5726881635430674e-06, 'weighted_recall': 0.001603960150235369, 'weighted_f1': 5.137136564749959e-06}, 9916.627679848001)
2026-08-14 11:49:27,304 - INFO - configure_evaluate: no clients selected, skipping evaluation
2026-08-14 11:49:27,304 - INFO - 
2026-08-14 11:49:27,304 - INFO - [ROUND 23]
2026-08-14 11:49:27,305 - INFO - configure_fit: strategy sampled 60 clients (out of 60)
2026-08-14 11:49:29,709 - INFO - aggregate_fit: received 60 results and 0 failures
2026-08-14 11:49:29,798 - INFO - [Round 23] tong hop 60 controller (paper) | trong so 0.0010..0.1411 entropy=3.366 train_loss=0.2894
2026-08-14 11:49:29,802 - INFO - [Round 53] luu checkpoint -> out_1percent/checkpoints_cnn/round_053.pth
2026-08-14 11:56:54,349 - INFO - [Round 53] loss=3.5071 acc=0.0016 | micro P/R/F1=0.0016/0.0016/0.0016 | macro P/R/F1=0.0003/0.1667/0.0005 | weighted P/R/F1=0.0000/0.0016/0.0000
2026-08-14 11:56:54,350 - INFO - fit progress: (23, 3.5071143812262204, {'accuracy': 0.001603960150235369, 'micro_precision': 0.001603960150235369, 'micro_recall': 0.001603960150235369, 'micro_f1': 0.001603960150235369, 'macro_precision': 0.00026732669170589484, 'macro_recall': 0.16666666666666666, 'macro_f1': 0.0005337971939843313, 'weighted_precision': 2.5726881635430674e-06, 'weighted_recall': 0.001603960150235369, 'weighted_f1': 5.137136564749959e-06}, 10363.6740535)
2026-08-14 11:56:54,351 - INFO - configure_evaluate: no clients selected, skipping evaluation
2026-08-14 11:56:54,351 - INFO - 
2026-08-14 11:56:54,351 - INFO - [ROUND 24]
2026-08-14 11:56:54,351 - INFO - configure_fit: strategy sampled 60 clients (out of 60)
2026-08-14 11:56:56,686 - INFO - aggregate_fit: received 60 results and 0 failures
2026-08-14 11:56:56,775 - INFO - [Round 24] tong hop 60 controller (paper) | trong so 0.0010..0.1411 entropy=3.366 train_loss=0.2802
2026-08-14 11:56:56,779 - INFO - [Round 54] luu checkpoint -> out_1percent/checkpoints_cnn/round_054.pth
2026-08-14 12:04:21,340 - INFO - [Round 54] loss=3.6182 acc=0.0016 | micro P/R/F1=0.0016/0.0016/0.0016 | macro P/R/F1=0.0003/0.1667/0.0005 | weighted P/R/F1=0.0000/0.0016/0.0000
2026-08-14 12:04:21,342 - INFO - fit progress: (24, 3.6181717622010248, {'accuracy': 0.001603960150235369, 'micro_precision': 0.001603960150235369, 'micro_recall': 0.001603960150235369, 'micro_f1': 0.001603960150235369, 'macro_precision': 0.00026732669170589484, 'macro_recall': 0.16666666666666666, 'macro_f1': 0.0005337971939843313, 'weighted_precision': 2.5726881635430674e-06, 'weighted_recall': 0.001603960150235369, 'weighted_f1': 5.137136564749959e-06}, 10810.665308712001)
2026-08-14 12:04:21,342 - INFO - configure_evaluate: no clients selected, skipping evaluation
2026-08-14 12:04:21,342 - INFO - 
2026-08-14 12:04:21,342 - INFO - [ROUND 25]
2026-08-14 12:04:21,342 - INFO - configure_fit: strategy sampled 60 clients (out of 60)
2026-08-14 12:04:23,758 - INFO - aggregate_fit: received 60 results and 0 failures
2026-08-14 12:04:23,843 - INFO - [Round 25] tong hop 60 controller (paper) | trong so 0.0010..0.1411 entropy=3.366 train_loss=0.2751
2026-08-14 12:04:23,847 - INFO - [Round 55] luu checkpoint -> out_1percent/checkpoints_cnn/round_055.pth
2026-08-14 12:11:47,335 - INFO - [Round 55] loss=3.6843 acc=0.0016 | micro P/R/F1=0.0016/0.0016/0.0016 | macro P/R/F1=0.0003/0.1667/0.0005 | weighted P/R/F1=0.0000/0.0016/0.0000
2026-08-14 12:11:50,046 - INFO - Luu out_1percent/confusion_matrix_cnn_task1.csv
2026-08-14 12:11:50,047 - INFO - Luu out_1percent/confusion_matrix_cnn_task1_normalized.csv
2026-08-14 12:11:57,440 - INFO - Luu out_1percent/classification_report_cnn_task1.txt
               precision    recall  f1-score   support

       Benign     0.0000    0.0000    0.0000  41700592
          DoS     0.0000    0.0000    0.0000    145129
       double     0.0000    0.0000    0.0000     12413
force-neutral     0.0000    0.0000    0.0000      5744
      fuzzing     0.0016    1.0000    0.0032     67321
     interval     0.0000    0.0000    0.0000     40542

     accuracy                         0.0016  41971741
    macro avg     0.0003    0.1667    0.0005  41971741
 weighted avg     0.0000    0.0016    0.0000  41971741

2026-08-14 12:11:57,641 - INFO - Luu out_1percent/confusion_matrix_cnn_task1.png
2026-08-14 12:11:57,642 - INFO - fit progress: (25, 3.684268589367818, {'accuracy': 0.001603960150235369, 'micro_precision': 0.001603960150235369, 'micro_recall': 0.001603960150235369, 'micro_f1': 0.001603960150235369, 'macro_precision': 0.00026732669170589484, 'macro_recall': 0.16666666666666666, 'macro_f1': 0.0005337971939843313, 'weighted_precision': 2.5726881635430674e-06, 'weighted_recall': 0.001603960150235369, 'weighted_f1': 5.137136564749959e-06}, 11266.965310900001)
2026-08-14 12:11:57,642 - INFO - configure_evaluate: no clients selected, skipping evaluation
2026-08-14 12:11:57,642 - INFO - 
2026-08-14 12:11:57,642 - INFO - [ROUND 26]
2026-08-14 12:11:57,642 - INFO - configure_fit: strategy sampled 60 clients (out of 60)
2026-08-14 12:12:00,043 - INFO - aggregate_fit: received 60 results and 0 failures
2026-08-14 12:12:00,130 - INFO - [Round 26] tong hop 60 controller (paper) | trong so 0.0010..0.1411 entropy=3.366 train_loss=0.2662
2026-08-14 12:12:00,134 - INFO - [Round 56] luu checkpoint -> out_1percent/checkpoints_cnn/round_056.pth
2026-08-14 12:19:24,308 - INFO - [Round 56] loss=3.7573 acc=0.0016 | micro P/R/F1=0.0016/0.0016/0.0016 | macro P/R/F1=0.0003/0.1667/0.0005 | weighted P/R/F1=0.0000/0.0016/0.0000
2026-08-14 12:19:24,309 - INFO - fit progress: (26, 3.757258467684492, {'accuracy': 0.001603960150235369, 'micro_precision': 0.001603960150235369, 'micro_recall': 0.001603960150235369, 'micro_f1': 0.001603960150235369, 'macro_precision': 0.00026732669170589484, 'macro_recall': 0.16666666666666666, 'macro_f1': 0.0005337971939843313, 'weighted_precision': 2.5726881635430674e-06, 'weighted_recall': 0.001603960150235369, 'weighted_f1': 5.137136564749959e-06}, 11713.633164846)
2026-08-14 12:19:24,310 - INFO - configure_evaluate: no clients selected, skipping evaluation
2026-08-14 12:19:24,310 - INFO - 
2026-08-14 12:19:24,310 - INFO - [ROUND 27]
2026-08-14 12:19:24,310 - INFO - configure_fit: strategy sampled 60 clients (out of 60)
2026-08-14 12:19:26,683 - INFO - aggregate_fit: received 60 results and 0 failures
2026-08-14 12:19:26,769 - INFO - [Round 27] tong hop 60 controller (paper) | trong so 0.0010..0.1411 entropy=3.366 train_loss=0.2606
2026-08-14 12:19:26,773 - INFO - [Round 57] luu checkpoint -> out_1percent/checkpoints_cnn/round_057.pth
2026-08-14 12:26:51,182 - INFO - [Round 57] loss=3.8575 acc=0.0016 | micro P/R/F1=0.0016/0.0016/0.0016 | macro P/R/F1=0.0003/0.1667/0.0005 | weighted P/R/F1=0.0000/0.0016/0.0000
2026-08-14 12:26:51,183 - INFO - fit progress: (27, 3.85748030744336, {'accuracy': 0.001603960150235369, 'micro_precision': 0.001603960150235369, 'micro_recall': 0.001603960150235369, 'micro_f1': 0.001603960150235369, 'macro_precision': 0.00026732669170589484, 'macro_recall': 0.16666666666666666, 'macro_f1': 0.0005337971939843313, 'weighted_precision': 2.5726881635430674e-06, 'weighted_recall': 0.001603960150235369, 'weighted_f1': 5.137136564749959e-06}, 12160.506606846)
2026-08-14 12:26:51,183 - INFO - configure_evaluate: no clients selected, skipping evaluation
2026-08-14 12:26:51,183 - INFO - 
2026-08-14 12:26:51,184 - INFO - [ROUND 28]
2026-08-14 12:26:51,184 - INFO - configure_fit: strategy sampled 60 clients (out of 60)
2026-08-14 12:26:53,529 - INFO - aggregate_fit: received 60 results and 0 failures
2026-08-14 12:26:53,619 - INFO - [Round 28] tong hop 60 controller (paper) | trong so 0.0010..0.1411 entropy=3.366 train_loss=0.2532
2026-08-14 12:26:53,623 - INFO - [Round 58] luu checkpoint -> out_1percent/checkpoints_cnn/round_058.pth
2026-08-14 12:34:17,949 - INFO - [Round 58] loss=3.8845 acc=0.0016 | micro P/R/F1=0.0016/0.0016/0.0016 | macro P/R/F1=0.0003/0.1667/0.0005 | weighted P/R/F1=0.0000/0.0016/0.0000
2026-08-14 12:34:17,951 - INFO - fit progress: (28, 3.884530252934805, {'accuracy': 0.001603960150235369, 'micro_precision': 0.001603960150235369, 'micro_recall': 0.001603960150235369, 'micro_f1': 0.001603960150235369, 'macro_precision': 0.00026732669170589484, 'macro_recall': 0.16666666666666666, 'macro_f1': 0.0005337971939843313, 'weighted_precision': 2.5726881635430674e-06, 'weighted_recall': 0.001603960150235369, 'weighted_f1': 5.137136564749959e-06}, 12607.274299153001)
2026-08-14 12:34:17,951 - INFO - configure_evaluate: no clients selected, skipping evaluation
2026-08-14 12:34:17,951 - INFO - 
2026-08-14 12:34:17,951 - INFO - [ROUND 29]
2026-08-14 12:34:17,951 - INFO - configure_fit: strategy sampled 60 clients (out of 60)
2026-08-14 12:34:20,355 - INFO - aggregate_fit: received 60 results and 0 failures
2026-08-14 12:34:20,443 - INFO - [Round 29] tong hop 60 controller (paper) | trong so 0.0010..0.1411 entropy=3.366 train_loss=0.2474
2026-08-14 12:34:20,448 - INFO - [Round 59] luu checkpoint -> out_1percent/checkpoints_cnn/round_059.pth
2026-08-14 12:41:44,430 - INFO - [Round 59] loss=3.9205 acc=0.0016 | micro P/R/F1=0.0016/0.0016/0.0016 | macro P/R/F1=0.0003/0.1667/0.0005 | weighted P/R/F1=0.0000/0.0016/0.0000
2026-08-14 12:41:44,431 - INFO - fit progress: (29, 3.92053400497712, {'accuracy': 0.001603960150235369, 'micro_precision': 0.001603960150235369, 'micro_recall': 0.001603960150235369, 'micro_f1': 0.001603960150235369, 'macro_precision': 0.00026732669170589484, 'macro_recall': 0.16666666666666666, 'macro_f1': 0.0005337971939843313, 'weighted_precision': 2.5726881635430674e-06, 'weighted_recall': 0.001603960150235369, 'weighted_f1': 5.137136564749959e-06}, 13053.754582555)
2026-08-14 12:41:44,431 - INFO - configure_evaluate: no clients selected, skipping evaluation
2026-08-14 12:41:44,431 - INFO - 
2026-08-14 12:41:44,431 - INFO - [ROUND 30]
2026-08-14 12:41:44,432 - INFO - configure_fit: strategy sampled 60 clients (out of 60)
2026-08-14 12:41:46,802 - INFO - aggregate_fit: received 60 results and 0 failures
2026-08-14 12:41:46,887 - INFO - [Round 30] tong hop 60 controller (paper) | trong so 0.0010..0.1411 entropy=3.366 train_loss=0.2406
2026-08-14 12:41:46,892 - INFO - [Round 60] luu checkpoint -> out_1percent/checkpoints_cnn/round_060.pth
2026-08-14 12:49:10,895 - INFO - [Round 60] loss=3.9672 acc=0.0016 | micro P/R/F1=0.0016/0.0016/0.0016 | macro P/R/F1=0.0003/0.1667/0.0005 | weighted P/R/F1=0.0000/0.0016/0.0000
2026-08-14 12:49:13,616 - INFO - Luu out_1percent/confusion_matrix_cnn_task1.csv
2026-08-14 12:49:13,616 - INFO - Luu out_1percent/confusion_matrix_cnn_task1_normalized.csv
2026-08-14 12:49:21,032 - INFO - Luu out_1percent/classification_report_cnn_task1.txt
               precision    recall  f1-score   support

       Benign     0.0000    0.0000    0.0000  41700592
          DoS     0.0000    0.0000    0.0000    145129
       double     0.0000    0.0000    0.0000     12413
force-neutral     0.0000    0.0000    0.0000      5744
      fuzzing     0.0016    1.0000    0.0032     67321
     interval     0.0000    0.0000    0.0000     40542

     accuracy                         0.0016  41971741
    macro avg     0.0003    0.1667    0.0005  41971741
 weighted avg     0.0000    0.0016    0.0000  41971741

2026-08-14 12:49:21,235 - INFO - Luu out_1percent/confusion_matrix_cnn_task1.png
2026-08-14 12:49:21,236 - INFO - fit progress: (30, 3.967178010712556, {'accuracy': 0.001603960150235369, 'micro_precision': 0.001603960150235369, 'micro_recall': 0.001603960150235369, 'micro_f1': 0.001603960150235369, 'macro_precision': 0.00026732669170589484, 'macro_recall': 0.16666666666666666, 'macro_f1': 0.0005337971939843313, 'weighted_precision': 2.5726881635430674e-06, 'weighted_recall': 0.001603960150235369, 'weighted_f1': 5.137136564749959e-06}, 13510.56014102)
2026-08-14 12:49:21,237 - INFO - configure_evaluate: no clients selected, skipping evaluation
2026-08-14 12:49:21,237 - INFO - 
2026-08-14 12:49:21,237 - INFO - [SUMMARY]
2026-08-14 12:49:21,237 - INFO - Run finished 30 round(s) in 13510.56s
2026-08-14 12:49:21,241 - INFO - 	History (loss, centralized):
2026-08-14 12:49:21,242 - INFO - 		round 1: 0.19676375460493248
2026-08-14 12:49:21,242 - INFO - 		round 2: 0.7434263621499816
2026-08-14 12:49:21,242 - INFO - 		round 3: 1.2399614282086153
2026-08-14 12:49:21,242 - INFO - 		round 4: 1.6623231277020996
2026-08-14 12:49:21,242 - INFO - 		round 5: 1.9141709457888072
2026-08-14 12:49:21,242 - INFO - 		round 6: 2.0194361230458813
2026-08-14 12:49:21,242 - INFO - 		round 7: 2.0170927877704394
2026-08-14 12:49:21,242 - INFO - 		round 8: 2.029853983236234
2026-08-14 12:49:21,242 - INFO - 		round 9: 2.040673520779535
2026-08-14 12:49:21,242 - INFO - 		round 10: 2.069328310908888
2026-08-14 12:49:21,242 - INFO - 		round 11: 2.1247624397673337
2026-08-14 12:49:21,242 - INFO - 		round 12: 2.2219481126323144
2026-08-14 12:49:21,242 - INFO - 		round 13: 2.3421337878001474
2026-08-14 12:49:21,242 - INFO - 		round 14: 2.455058158374596
2026-08-14 12:49:21,242 - INFO - 		round 15: 2.586389364114876
2026-08-14 12:49:21,242 - INFO - 		round 16: 2.6787524200179074
2026-08-14 12:49:21,242 - INFO - 		round 17: 2.807885161281842
2026-08-14 12:49:21,242 - INFO - 		round 18: 2.9167888555137744
2026-08-14 12:49:21,242 - INFO - 		round 19: 3.0741178771418394
2026-08-14 12:49:21,242 - INFO - 		round 20: 3.18287122719554
2026-08-14 12:49:21,242 - INFO - 		round 21: 3.311294329692199
2026-08-14 12:49:21,242 - INFO - 		round 22: 3.4083348818117525
2026-08-14 12:49:21,242 - INFO - 		round 23: 3.5071143812262204
2026-08-14 12:49:21,243 - INFO - 		round 24: 3.6181717622010248
2026-08-14 12:49:21,243 - INFO - 		round 25: 3.684268589367818
2026-08-14 12:49:21,243 - INFO - 		round 26: 3.757258467684492
2026-08-14 12:49:21,243 - INFO - 		round 27: 3.85748030744336
2026-08-14 12:49:21,243 - INFO - 		round 28: 3.884530252934805
2026-08-14 12:49:21,243 - INFO - 		round 29: 3.92053400497712
2026-08-14 12:49:21,243 - INFO - 		round 30: 3.967178010712556
2026-08-14 12:49:21,243 - INFO - 	History (metrics, distributed, fit):
2026-08-14 12:49:21,243 - INFO - 	{'num_clients': [(1, 60),
2026-08-14 12:49:21,243 - INFO - 	                 (2, 60),
2026-08-14 12:49:21,243 - INFO - 	                 (3, 60),
2026-08-14 12:49:21,243 - INFO - 	                 (4, 60),
2026-08-14 12:49:21,243 - INFO - 	                 (5, 60),
2026-08-14 12:49:21,243 - INFO - 	                 (6, 60),
2026-08-14 12:49:21,244 - INFO - 	                 (7, 60),
2026-08-14 12:49:21,244 - INFO - 	                 (8, 60),
2026-08-14 12:49:21,244 - INFO - 	                 (9, 60),
2026-08-14 12:49:21,244 - INFO - 	                 (10, 60),
2026-08-14 12:49:21,244 - INFO - 	                 (11, 60),
2026-08-14 12:49:21,244 - INFO - 	                 (12, 60),
2026-08-14 12:49:21,244 - INFO - 	                 (13, 60),
2026-08-14 12:49:21,244 - INFO - 	                 (14, 60),
2026-08-14 12:49:21,244 - INFO - 	                 (15, 60),
2026-08-14 12:49:21,244 - INFO - 	                 (16, 60),
2026-08-14 12:49:21,244 - INFO - 	                 (17, 60),
2026-08-14 12:49:21,244 - INFO - 	                 (18, 60),
2026-08-14 12:49:21,244 - INFO - 	                 (19, 60),
2026-08-14 12:49:21,244 - INFO - 	                 (20, 60),
2026-08-14 12:49:21,244 - INFO - 	                 (21, 60),
2026-08-14 12:49:21,244 - INFO - 	                 (22, 60),
2026-08-14 12:49:21,245 - INFO - 	                 (23, 60),
2026-08-14 12:49:21,245 - INFO - 	                 (24, 60),
2026-08-14 12:49:21,245 - INFO - 	                 (25, 60),
2026-08-14 12:49:21,245 - INFO - 	                 (26, 60),
2026-08-14 12:49:21,245 - INFO - 	                 (27, 60),
2026-08-14 12:49:21,245 - INFO - 	                 (28, 60),
2026-08-14 12:49:21,245 - INFO - 	                 (29, 60),
2026-08-14 12:49:21,245 - INFO - 	                 (30, 60)],
2026-08-14 12:49:21,245 - INFO - 	 'train_loss': [(1, 5.924661252396525),
2026-08-14 12:49:21,245 - INFO - 	                (2, 3.36026759995068),
2026-08-14 12:49:21,245 - INFO - 	                (3, 2.419274201652254),
2026-08-14 12:49:21,245 - INFO - 	                (4, 1.918130006609145),
2026-08-14 12:49:21,245 - INFO - 	                (5, 1.6129417104615555),
2026-08-14 12:49:21,245 - INFO - 	                (6, 1.3816692501843706),
2026-08-14 12:49:21,245 - INFO - 	                (7, 1.205482986264353),
2026-08-14 12:49:21,245 - INFO - 	                (8, 1.0588331732996228),
2026-08-14 12:49:21,246 - INFO - 	                (9, 0.9209389529130115),
2026-08-14 12:49:21,246 - INFO - 	                (10, 0.8031891338406972),
2026-08-14 12:49:21,246 - INFO - 	                (11, 0.7009169048206885),
2026-08-14 12:49:21,246 - INFO - 	                (12, 0.6154260096576829),
2026-08-14 12:49:21,246 - INFO - 	                (13, 0.5457362290089341),
2026-08-14 12:49:21,246 - INFO - 	                (14, 0.4910059629389577),
2026-08-14 12:49:21,246 - INFO - 	                (15, 0.44572443310188276),
2026-08-14 12:49:21,246 - INFO - 	                (16, 0.41226432145425074),
2026-08-14 12:49:21,246 - INFO - 	                (17, 0.38165428300853466),
2026-08-14 12:49:21,246 - INFO - 	                (18, 0.3557987370600526),
2026-08-14 12:49:21,246 - INFO - 	                (19, 0.33690785369501974),
2026-08-14 12:49:21,246 - INFO - 	                (20, 0.32090578697014693),
2026-08-14 12:49:21,246 - INFO - 	                (21, 0.3086962811302832),
2026-08-14 12:49:21,246 - INFO - 	                (22, 0.2977839038966974),
2026-08-14 12:49:21,246 - INFO - 	                (23, 0.28935089964358807),
2026-08-14 12:49:21,246 - INFO - 	                (24, 0.2802302236301508),
2026-08-14 12:49:21,246 - INFO - 	                (25, 0.27506069142814826),
2026-08-14 12:49:21,246 - INFO - 	                (26, 0.2662441190284666),
2026-08-14 12:49:21,247 - INFO - 	                (27, 0.26061755159324107),
2026-08-14 12:49:21,247 - INFO - 	                (28, 0.2531762545989977),
2026-08-14 12:49:21,247 - INFO - 	                (29, 0.24743887854490054),
2026-08-14 12:49:21,247 - INFO - 	                (30, 0.24057870377467563)],
2026-08-14 12:49:21,247 - INFO - 	 'weight_entropy': [(1, 3.36591486178406),
2026-08-14 12:49:21,247 - INFO - 	                    (2, 3.3659148617840606),
2026-08-14 12:49:21,247 - INFO - 	                    (3, 3.3659148617840597),
2026-08-14 12:49:21,247 - INFO - 	                    (4, 3.365914861784061),
2026-08-14 12:49:21,247 - INFO - 	                    (5, 3.3659148617840606),
2026-08-14 12:49:21,247 - INFO - 	                    (6, 3.365914861784061),
2026-08-14 12:49:21,247 - INFO - 	                    (7, 3.36591486178406),
2026-08-14 12:49:21,247 - INFO - 	                    (8, 3.365914861784061),
2026-08-14 12:49:21,247 - INFO - 	                    (9, 3.36591486178406),
2026-08-14 12:49:21,247 - INFO - 	                    (10, 3.365914861784061),
2026-08-14 12:49:21,247 - INFO - 	                    (11, 3.3659148617840606),
2026-08-14 12:49:21,247 - INFO - 	                    (12, 3.365914861784061),
2026-08-14 12:49:21,247 - INFO - 	                    (13, 3.3659148617840606),
2026-08-14 12:49:21,248 - INFO - 	                    (14, 3.3659148617840606),
2026-08-14 12:49:21,248 - INFO - 	                    (15, 3.365914861784061),
2026-08-14 12:49:21,248 - INFO - 	                    (16, 3.3659148617840597),
2026-08-14 12:49:21,248 - INFO - 	                    (17, 3.365914861784061),
2026-08-14 12:49:21,248 - INFO - 	                    (18, 3.36591486178406),
2026-08-14 12:49:21,248 - INFO - 	                    (19, 3.3659148617840606),
2026-08-14 12:49:21,248 - INFO - 	                    (20, 3.3659148617840606),
2026-08-14 12:49:21,248 - INFO - 	                    (21, 3.3659148617840606),
2026-08-14 12:49:21,248 - INFO - 	                    (22, 3.3659148617840606),
2026-08-14 12:49:21,248 - INFO - 	                    (23, 3.365914861784061),
2026-08-14 12:49:21,248 - INFO - 	                    (24, 3.3659148617840606),
2026-08-14 12:49:21,248 - INFO - 	                    (25, 3.365914861784061),
2026-08-14 12:49:21,248 - INFO - 	                    (26, 3.365914861784061),
2026-08-14 12:49:21,248 - INFO - 	                    (27, 3.36591486178406),
2026-08-14 12:49:21,248 - INFO - 	                    (28, 3.36591486178406),
2026-08-14 12:49:21,248 - INFO - 	                    (29, 3.3659148617840606),
2026-08-14 12:49:21,248 - INFO - 	                    (30, 3.3659148617840606)],
2026-08-14 12:49:21,248 - INFO - 	 'weight_max': [(1, 0.1410743118074948),
2026-08-14 12:49:21,249 - INFO - 	                (2, 0.1410743118074948),
2026-08-14 12:49:21,249 - INFO - 	                (3, 0.14107431180749477),
2026-08-14 12:49:21,249 - INFO - 	                (4, 0.14107431180749483),
2026-08-14 12:49:21,249 - INFO - 	                (5, 0.14107431180749483),
2026-08-14 12:49:21,249 - INFO - 	                (6, 0.14107431180749483),
2026-08-14 12:49:21,249 - INFO - 	                (7, 0.1410743118074948),
2026-08-14 12:49:21,249 - INFO - 	                (8, 0.14107431180749483),
2026-08-14 12:49:21,249 - INFO - 	                (9, 0.14107431180749477),
2026-08-14 12:49:21,249 - INFO - 	                (10, 0.14107431180749483),
2026-08-14 12:49:21,249 - INFO - 	                (11, 0.1410743118074948),
2026-08-14 12:49:21,249 - INFO - 	                (12, 0.14107431180749483),
2026-08-14 12:49:21,249 - INFO - 	                (13, 0.14107431180749483),
2026-08-14 12:49:21,249 - INFO - 	                (14, 0.14107431180749483),
2026-08-14 12:49:21,249 - INFO - 	                (15, 0.1410743118074948),
2026-08-14 12:49:21,249 - INFO - 	                (16, 0.14107431180749477),
2026-08-14 12:49:21,249 - INFO - 	                (17, 0.14107431180749483),
2026-08-14 12:49:21,249 - INFO - 	                (18, 0.1410743118074948),
2026-08-14 12:49:21,249 - INFO - 	                (19, 0.1410743118074948),
2026-08-14 12:49:21,250 - INFO - 	                (20, 0.1410743118074948),
2026-08-14 12:49:21,250 - INFO - 	                (21, 0.14107431180749483),
2026-08-14 12:49:21,250 - INFO - 	                (22, 0.1410743118074948),
2026-08-14 12:49:21,250 - INFO - 	                (23, 0.14107431180749483),
2026-08-14 12:49:21,250 - INFO - 	                (24, 0.1410743118074948),
2026-08-14 12:49:21,250 - INFO - 	                (25, 0.14107431180749483),
2026-08-14 12:49:21,250 - INFO - 	                (26, 0.14107431180749483),
2026-08-14 12:49:21,250 - INFO - 	                (27, 0.1410743118074948),
2026-08-14 12:49:21,250 - INFO - 	                (28, 0.14107431180749477),
2026-08-14 12:49:21,250 - INFO - 	                (29, 0.14107431180749483),
2026-08-14 12:49:21,250 - INFO - 	                (30, 0.1410743118074948)],
2026-08-14 12:49:21,250 - INFO - 	 'weight_min': [(1, 0.000992758008335933),
2026-08-14 12:49:21,250 - INFO - 	                (2, 0.000992758008335933),
2026-08-14 12:49:21,250 - INFO - 	                (3, 0.0009927580083359327),
2026-08-14 12:49:21,250 - INFO - 	                (4, 0.0009927580083359331),
2026-08-14 12:49:21,250 - INFO - 	                (5, 0.0009927580083359331),
2026-08-14 12:49:21,251 - INFO - 	                (6, 0.0009927580083359331),
2026-08-14 12:49:21,251 - INFO - 	                (7, 0.000992758008335933),
2026-08-14 12:49:21,251 - INFO - 	                (8, 0.0009927580083359331),
2026-08-14 12:49:21,251 - INFO - 	                (9, 0.0009927580083359327),
2026-08-14 12:49:21,251 - INFO - 	                (10, 0.0009927580083359331),
2026-08-14 12:49:21,251 - INFO - 	                (11, 0.000992758008335933),
2026-08-14 12:49:21,251 - INFO - 	                (12, 0.0009927580083359331),
2026-08-14 12:49:21,251 - INFO - 	                (13, 0.0009927580083359331),
2026-08-14 12:49:21,251 - INFO - 	                (14, 0.0009927580083359331),
2026-08-14 12:49:21,251 - INFO - 	                (15, 0.000992758008335933),
2026-08-14 12:49:21,251 - INFO - 	                (16, 0.0009927580083359327),
2026-08-14 12:49:21,251 - INFO - 	                (17, 0.0009927580083359331),
2026-08-14 12:49:21,251 - INFO - 	                (18, 0.000992758008335933),
2026-08-14 12:49:21,251 - INFO - 	                (19, 0.000992758008335933),
2026-08-14 12:49:21,251 - INFO - 	                (20, 0.000992758008335933),
2026-08-14 12:49:21,252 - INFO - 	                (21, 0.0009927580083359331),
2026-08-14 12:49:21,252 - INFO - 	                (22, 0.000992758008335933),
2026-08-14 12:49:21,252 - INFO - 	                (23, 0.0009927580083359331),
2026-08-14 12:49:21,252 - INFO - 	                (24, 0.000992758008335933),
2026-08-14 12:49:21,252 - INFO - 	                (25, 0.0009927580083359331),
2026-08-14 12:49:21,252 - INFO - 	                (26, 0.0009927580083359331),
2026-08-14 12:49:21,252 - INFO - 	                (27, 0.000992758008335933),
2026-08-14 12:49:21,252 - INFO - 	                (28, 0.0009927580083359327),
2026-08-14 12:49:21,252 - INFO - 	                (29, 0.0009927580083359331),
2026-08-14 12:49:21,252 - INFO - 	                (30, 0.000992758008335933)]}
2026-08-14 12:49:21,252 - INFO - 	History (metrics, centralized):
2026-08-14 12:49:21,252 - INFO - 	{'accuracy': [(1, 0.993539724740034),
2026-08-14 12:49:21,252 - INFO - 	              (2, 0.993539724740034),
2026-08-14 12:49:21,252 - INFO - 	              (3, 0.9845512722476774),
2026-08-14 12:49:21,252 - INFO - 	              (4, 0.9145091932212199),
2026-08-14 12:49:21,252 - INFO - 	              (5, 0.8946233133383721),
2026-08-14 12:49:21,252 - INFO - 	              (6, 0.5724444215930905),
2026-08-14 12:49:21,253 - INFO - 	              (7, 0.003686647165768034),
2026-08-14 12:49:21,253 - INFO - 	              (8, 0.0016045319635418507),
2026-08-14 12:49:21,253 - INFO - 	              (9, 0.001603960150235369),
2026-08-14 12:49:21,253 - INFO - 	              (10, 0.001603960150235369),
2026-08-14 12:49:21,253 - INFO - 	              (11, 0.001603960150235369),
2026-08-14 12:49:21,253 - INFO - 	              (12, 0.001603960150235369),
2026-08-14 12:49:21,253 - INFO - 	              (13, 0.001603960150235369),
2026-08-14 12:49:21,253 - INFO - 	              (14, 0.001603960150235369),
2026-08-14 12:49:21,253 - INFO - 	              (15, 0.001603960150235369),
2026-08-14 12:49:21,253 - INFO - 	              (16, 0.001603960150235369),
2026-08-14 12:49:21,253 - INFO - 	              (17, 0.001603960150235369),
2026-08-14 12:49:21,253 - INFO - 	              (18, 0.001603960150235369),
2026-08-14 12:49:21,253 - INFO - 	              (19, 0.001603960150235369),
2026-08-14 12:49:21,253 - INFO - 	              (20, 0.001603960150235369),
2026-08-14 12:49:21,253 - INFO - 	              (21, 0.001603960150235369),
2026-08-14 12:49:21,253 - INFO - 	              (22, 0.001603960150235369),
2026-08-14 12:49:21,254 - INFO - 	              (23, 0.001603960150235369),
2026-08-14 12:49:21,254 - INFO - 	              (24, 0.001603960150235369),
2026-08-14 12:49:21,254 - INFO - 	              (25, 0.001603960150235369),
2026-08-14 12:49:21,254 - INFO - 	              (26, 0.001603960150235369),
2026-08-14 12:49:21,254 - INFO - 	              (27, 0.001603960150235369),
2026-08-14 12:49:21,254 - INFO - 	              (28, 0.001603960150235369),
2026-08-14 12:49:21,254 - INFO - 	              (29, 0.001603960150235369),
2026-08-14 12:49:21,254 - INFO - 	              (30, 0.001603960150235369)],
2026-08-14 12:49:21,254 - INFO - 	 'macro_f1': [(1, 0.1661265657948528),
2026-08-14 12:49:21,254 - INFO - 	              (2, 0.1661265657948528),
2026-08-14 12:49:21,254 - INFO - 	              (3, 0.16537990699650895),
2026-08-14 12:49:21,254 - INFO - 	              (4, 0.159237995467803),
2026-08-14 12:49:21,254 - INFO - 	              (5, 0.15860684598893246),
2026-08-14 12:49:21,254 - INFO - 	              (6, 0.12226538472831326),
2026-08-14 12:49:21,254 - INFO - 	              (7, 0.0012321911770937124),
2026-08-14 12:49:21,254 - INFO - 	              (8, 0.0005339893424168792),
2026-08-14 12:49:21,255 - INFO - 	              (9, 0.0005337971939843313),
2026-08-14 12:49:21,255 - INFO - 	              (10, 0.0005337971939843313),
2026-08-14 12:49:21,255 - INFO - 	              (11, 0.0005337971939843313),
2026-08-14 12:49:21,255 - INFO - 	              (12, 0.0005337971939843313),
2026-08-14 12:49:21,255 - INFO - 	              (13, 0.0005337971939843313),
2026-08-14 12:49:21,255 - INFO - 	              (14, 0.0005337971939843313),
2026-08-14 12:49:21,255 - INFO - 	              (15, 0.0005337971939843313),
2026-08-14 12:49:21,255 - INFO - 	              (16, 0.0005337971939843313),
2026-08-14 12:49:21,255 - INFO - 	              (17, 0.0005337971939843313),
2026-08-14 12:49:21,255 - INFO - 	              (18, 0.0005337971939843313),
2026-08-14 12:49:21,255 - INFO - 	              (19, 0.0005337971939843313),
2026-08-14 12:49:21,255 - INFO - 	              (20, 0.0005337971939843313),
2026-08-14 12:49:21,255 - INFO - 	              (21, 0.0005337971939843313),
2026-08-14 12:49:21,255 - INFO - 	              (22, 0.0005337971939843313),
2026-08-14 12:49:21,255 - INFO - 	              (23, 0.0005337971939843313),
2026-08-14 12:49:21,255 - INFO - 	              (24, 0.0005337971939843313),
2026-08-14 12:49:21,255 - INFO - 	              (25, 0.0005337971939843313),
2026-08-14 12:49:21,256 - INFO - 	              (26, 0.0005337971939843313),
2026-08-14 12:49:21,256 - INFO - 	              (27, 0.0005337971939843313),
2026-08-14 12:49:21,256 - INFO - 	              (28, 0.0005337971939843313),
2026-08-14 12:49:21,256 - INFO - 	              (29, 0.0005337971939843313),
2026-08-14 12:49:21,256 - INFO - 	              (30, 0.0005337971939843313)],
2026-08-14 12:49:21,256 - INFO - 	 'macro_precision': [(1, 0.16558995412333902),
2026-08-14 12:49:21,256 - INFO - 	                     (2, 0.16558995412333902),
2026-08-14 12:49:21,256 - INFO - 	                     (3, 0.16560155618931652),
2026-08-14 12:49:21,256 - INFO - 	                     (4, 0.1655271403573014),
2026-08-14 12:49:21,256 - INFO - 	                     (5, 0.16618029226131772),
2026-08-14 12:49:21,256 - INFO - 	                     (6, 0.16586137228199932),
2026-08-14 12:49:21,256 - INFO - 	                     (7, 0.16690972081865751),
2026-08-14 12:49:21,256 - INFO - 	                     (8, 0.1669339935112336),
2026-08-14 12:49:21,256 - INFO - 	                     (9, 0.00026732669170589484),
2026-08-14 12:49:21,256 - INFO - 	                     (10, 0.00026732669170589484),
2026-08-14 12:49:21,256 - INFO - 	                     (11, 0.00026732669170589484),
2026-08-14 12:49:21,256 - INFO - 	                     (12, 0.00026732669170589484),
2026-08-14 12:49:21,256 - INFO - 	                     (13, 0.00026732669170589484),
2026-08-14 12:49:21,256 - INFO - 	                     (14, 0.00026732669170589484),
2026-08-14 12:49:21,257 - INFO - 	                     (15, 0.00026732669170589484),
2026-08-14 12:49:21,257 - INFO - 	                     (16, 0.00026732669170589484),
2026-08-14 12:49:21,257 - INFO - 	                     (17, 0.00026732669170589484),
2026-08-14 12:49:21,257 - INFO - 	                     (18, 0.00026732669170589484),
2026-08-14 12:49:21,257 - INFO - 	                     (19, 0.00026732669170589484),
2026-08-14 12:49:21,257 - INFO - 	                     (20, 0.00026732669170589484),
2026-08-14 12:49:21,257 - INFO - 	                     (21, 0.00026732669170589484),
2026-08-14 12:49:21,257 - INFO - 	                     (22, 0.00026732669170589484),
2026-08-14 12:49:21,257 - INFO - 	                     (23, 0.00026732669170589484),
2026-08-14 12:49:21,257 - INFO - 	                     (24, 0.00026732669170589484),
2026-08-14 12:49:21,257 - INFO - 	                     (25, 0.00026732669170589484),
2026-08-14 12:49:21,257 - INFO - 	                     (26, 0.00026732669170589484),
2026-08-14 12:49:21,257 - INFO - 	                     (27, 0.00026732669170589484),
2026-08-14 12:49:21,257 - INFO - 	                     (28, 0.00026732669170589484),
2026-08-14 12:49:21,257 - INFO - 	                     (29, 0.00026732669170589484),
2026-08-14 12:49:21,257 - INFO - 	                     (30, 0.00026732669170589484)],
2026-08-14 12:49:21,257 - INFO - 	 'macro_recall': [(1, 0.16666666666666666),
2026-08-14 12:49:21,257 - INFO - 	                  (2, 0.16666666666666666),
2026-08-14 12:49:21,258 - INFO - 	                  (3, 0.1651588503427801),
2026-08-14 12:49:21,258 - INFO - 	                  (4, 0.15340926494920423),
2026-08-14 12:49:21,258 - INFO - 	                  (5, 0.16801312294750603),
2026-08-14 12:49:21,258 - INFO - 	                  (6, 0.21580655732453305),
2026-08-14 12:49:21,258 - INFO - 	                  (7, 0.16698390605032876),
2026-08-14 12:49:21,258 - INFO - 	                  (8, 0.16666676258856628),
2026-08-14 12:49:21,258 - INFO - 	                  (9, 0.16666666666666666),
2026-08-14 12:49:21,258 - INFO - 	                  (10, 0.16666666666666666),
2026-08-14 12:49:21,258 - INFO - 	                  (11, 0.16666666666666666),
2026-08-14 12:49:21,258 - INFO - 	                  (12, 0.16666666666666666),
2026-08-14 12:49:21,258 - INFO - 	                  (13, 0.16666666666666666),
2026-08-14 12:49:21,258 - INFO - 	                  (14, 0.16666666666666666),
2026-08-14 12:49:21,258 - INFO - 	                  (15, 0.16666666666666666),
2026-08-14 12:49:21,258 - INFO - 	                  (16, 0.16666666666666666),
2026-08-14 12:49:21,258 - INFO - 	                  (17, 0.16666666666666666),
2026-08-14 12:49:21,258 - INFO - 	                  (18, 0.16666666666666666),
2026-08-14 12:49:21,258 - INFO - 	                  (19, 0.16666666666666666),
2026-08-14 12:49:21,258 - INFO - 	                  (20, 0.16666666666666666),
2026-08-14 12:49:21,258 - INFO - 	                  (21, 0.16666666666666666),
2026-08-14 12:49:21,259 - INFO - 	                  (22, 0.16666666666666666),
2026-08-14 12:49:21,259 - INFO - 	                  (23, 0.16666666666666666),
2026-08-14 12:49:21,259 - INFO - 	                  (24, 0.16666666666666666),
2026-08-14 12:49:21,259 - INFO - 	                  (25, 0.16666666666666666),
2026-08-14 12:49:21,259 - INFO - 	                  (26, 0.16666666666666666),
2026-08-14 12:49:21,259 - INFO - 	                  (27, 0.16666666666666666),
2026-08-14 12:49:21,259 - INFO - 	                  (28, 0.16666666666666666),
2026-08-14 12:49:21,259 - INFO - 	                  (29, 0.16666666666666666),
2026-08-14 12:49:21,259 - INFO - 	                  (30, 0.16666666666666666)],
2026-08-14 12:49:21,259 - INFO - 	 'micro_f1': [(1, 0.993539724740034),
2026-08-14 12:49:21,259 - INFO - 	              (2, 0.993539724740034),
2026-08-14 12:49:21,259 - INFO - 	              (3, 0.9845512722476774),
2026-08-14 12:49:21,259 - INFO - 	              (4, 0.9145091932212199),
2026-08-14 12:49:21,259 - INFO - 	              (5, 0.8946233133383721),
2026-08-14 12:49:21,259 - INFO - 	              (6, 0.5724444215930905),
2026-08-14 12:49:21,259 - INFO - 	              (7, 0.003686647165768034),
2026-08-14 12:49:21,259 - INFO - 	              (8, 0.0016045319635418507),
2026-08-14 12:49:21,259 - INFO - 	              (9, 0.001603960150235369),
2026-08-14 12:49:21,260 - INFO - 	              (10, 0.001603960150235369),
2026-08-14 12:49:21,260 - INFO - 	              (11, 0.001603960150235369),
2026-08-14 12:49:21,260 - INFO - 	              (12, 0.001603960150235369),
2026-08-14 12:49:21,260 - INFO - 	              (13, 0.001603960150235369),
2026-08-14 12:49:21,260 - INFO - 	              (14, 0.001603960150235369),
2026-08-14 12:49:21,260 - INFO - 	              (15, 0.001603960150235369),
2026-08-14 12:49:21,260 - INFO - 	              (16, 0.001603960150235369),
2026-08-14 12:49:21,260 - INFO - 	              (17, 0.001603960150235369),
2026-08-14 12:49:21,260 - INFO - 	              (18, 0.001603960150235369),
2026-08-14 12:49:21,260 - INFO - 	              (19, 0.001603960150235369),
2026-08-14 12:49:21,260 - INFO - 	              (20, 0.001603960150235369),
2026-08-14 12:49:21,260 - INFO - 	              (21, 0.001603960150235369),
2026-08-14 12:49:21,260 - INFO - 	              (22, 0.001603960150235369),
2026-08-14 12:49:21,260 - INFO - 	              (23, 0.001603960150235369),
2026-08-14 12:49:21,260 - INFO - 	              (24, 0.001603960150235369),
2026-08-14 12:49:21,260 - INFO - 	              (25, 0.001603960150235369),
2026-08-14 12:49:21,260 - INFO - 	              (26, 0.001603960150235369),
2026-08-14 12:49:21,261 - INFO - 	              (27, 0.001603960150235369),
2026-08-14 12:49:21,261 - INFO - 	              (28, 0.001603960150235369),
2026-08-14 12:49:21,261 - INFO - 	              (29, 0.001603960150235369),
2026-08-14 12:49:21,261 - INFO - 	              (30, 0.001603960150235369)],
2026-08-14 12:49:21,261 - INFO - 	 'micro_precision': [(1, 0.993539724740034),
2026-08-14 12:49:21,261 - INFO - 	                     (2, 0.993539724740034),
2026-08-14 12:49:21,261 - INFO - 	                     (3, 0.9845512722476774),
2026-08-14 12:49:21,261 - INFO - 	                     (4, 0.9145091932212199),
2026-08-14 12:49:21,261 - INFO - 	                     (5, 0.8946233133383721),
2026-08-14 12:49:21,261 - INFO - 	                     (6, 0.5724444215930905),
2026-08-14 12:49:21,261 - INFO - 	                     (7, 0.003686647165768034),
2026-08-14 12:49:21,261 - INFO - 	                     (8, 0.0016045319635418507),
2026-08-14 12:49:21,261 - INFO - 	                     (9, 0.001603960150235369),
2026-08-14 12:49:21,261 - INFO - 	                     (10, 0.001603960150235369),
2026-08-14 12:49:21,261 - INFO - 	                     (11, 0.001603960150235369),
2026-08-14 12:49:21,262 - INFO - 	                     (12, 0.001603960150235369),
2026-08-14 12:49:21,262 - INFO - 	                     (13, 0.001603960150235369),
2026-08-14 12:49:21,262 - INFO - 	                     (14, 0.001603960150235369),
2026-08-14 12:49:21,262 - INFO - 	                     (15, 0.001603960150235369),
2026-08-14 12:49:21,262 - INFO - 	                     (16, 0.001603960150235369),
2026-08-14 12:49:21,262 - INFO - 	                     (17, 0.001603960150235369),
2026-08-14 12:49:21,262 - INFO - 	                     (18, 0.001603960150235369),
2026-08-14 12:49:21,262 - INFO - 	                     (19, 0.001603960150235369),
2026-08-14 12:49:21,262 - INFO - 	                     (20, 0.001603960150235369),
2026-08-14 12:49:21,262 - INFO - 	                     (21, 0.001603960150235369),
2026-08-14 12:49:21,262 - INFO - 	                     (22, 0.001603960150235369),
2026-08-14 12:49:21,262 - INFO - 	                     (23, 0.001603960150235369),
2026-08-14 12:49:21,262 - INFO - 	                     (24, 0.001603960150235369),
2026-08-14 12:49:21,262 - INFO - 	                     (25, 0.001603960150235369),
2026-08-14 12:49:21,262 - INFO - 	                     (26, 0.001603960150235369),
2026-08-14 12:49:21,262 - INFO - 	                     (27, 0.001603960150235369),
2026-08-14 12:49:21,262 - INFO - 	                     (28, 0.001603960150235369),
2026-08-14 12:49:21,263 - INFO - 	                     (29, 0.001603960150235369),
2026-08-14 12:49:21,263 - INFO - 	                     (30, 0.001603960150235369)],
2026-08-14 12:49:21,263 - INFO - 	 'micro_recall': [(1, 0.993539724740034),
2026-08-14 12:49:21,263 - INFO - 	                  (2, 0.993539724740034),
2026-08-14 12:49:21,263 - INFO - 	                  (3, 0.9845512722476774),
2026-08-14 12:49:21,263 - INFO - 	                  (4, 0.9145091932212199),
2026-08-14 12:49:21,263 - INFO - 	                  (5, 0.8946233133383721),
2026-08-14 12:49:21,263 - INFO - 	                  (6, 0.5724444215930905),
2026-08-14 12:49:21,263 - INFO - 	                  (7, 0.003686647165768034),
2026-08-14 12:49:21,263 - INFO - 	                  (8, 0.0016045319635418507),
2026-08-14 12:49:21,263 - INFO - 	                  (9, 0.001603960150235369),
2026-08-14 12:49:21,263 - INFO - 	                  (10, 0.001603960150235369),
2026-08-14 12:49:21,263 - INFO - 	                  (11, 0.001603960150235369),
2026-08-14 12:49:21,263 - INFO - 	                  (12, 0.001603960150235369),
2026-08-14 12:49:21,263 - INFO - 	                  (13, 0.001603960150235369),
2026-08-14 12:49:21,263 - INFO - 	                  (14, 0.001603960150235369),
2026-08-14 12:49:21,263 - INFO - 	                  (15, 0.001603960150235369),
2026-08-14 12:49:21,264 - INFO - 	                  (16, 0.001603960150235369),
2026-08-14 12:49:21,264 - INFO - 	                  (17, 0.001603960150235369),
2026-08-14 12:49:21,264 - INFO - 	                  (18, 0.001603960150235369),
2026-08-14 12:49:21,264 - INFO - 	                  (19, 0.001603960150235369),
2026-08-14 12:49:21,264 - INFO - 	                  (20, 0.001603960150235369),
2026-08-14 12:49:21,264 - INFO - 	                  (21, 0.001603960150235369),
2026-08-14 12:49:21,264 - INFO - 	                  (22, 0.001603960150235369),
2026-08-14 12:49:21,264 - INFO - 	                  (23, 0.001603960150235369),
2026-08-14 12:49:21,264 - INFO - 	                  (24, 0.001603960150235369),
2026-08-14 12:49:21,264 - INFO - 	                  (25, 0.001603960150235369),
2026-08-14 12:49:21,264 - INFO - 	                  (26, 0.001603960150235369),
2026-08-14 12:49:21,264 - INFO - 	                  (27, 0.001603960150235369),
2026-08-14 12:49:21,264 - INFO - 	                  (28, 0.001603960150235369),
2026-08-14 12:49:21,264 - INFO - 	                  (29, 0.001603960150235369),
2026-08-14 12:49:21,264 - INFO - 	                  (30, 0.001603960150235369)],
2026-08-14 12:49:21,264 - INFO - 	 'weighted_f1': [(1, 0.9903200547109512),
2026-08-14 12:49:21,264 - INFO - 	                 (2, 0.9903200547109512),
2026-08-14 12:49:21,264 - INFO - 	                 (3, 0.9858690436490637),
2026-08-14 12:49:21,265 - INFO - 	                 (4, 0.9492556451114148),
2026-08-14 12:49:21,265 - INFO - 	                 (5, 0.9383275382939625),
2026-08-14 12:49:21,265 - INFO - 	                 (6, 0.7234392164644216),
2026-08-14 12:49:21,265 - INFO - 	                 (7, 0.004162423149195213),
2026-08-14 12:49:21,265 - INFO - 	                 (8, 6.280765452301206e-06),
2026-08-14 12:49:21,265 - INFO - 	                 (9, 5.137136564749959e-06),
2026-08-14 12:49:21,265 - INFO - 	                 (10, 5.137136564749959e-06),
2026-08-14 12:49:21,265 - INFO - 	                 (11, 5.137136564749959e-06),
2026-08-14 12:49:21,265 - INFO - 	                 (12, 5.137136564749959e-06),
2026-08-14 12:49:21,265 - INFO - 	                 (13, 5.137136564749959e-06),
2026-08-14 12:49:21,265 - INFO - 	                 (14, 5.137136564749959e-06),
2026-08-14 12:49:21,265 - INFO - 	                 (15, 5.137136564749959e-06),
2026-08-14 12:49:21,265 - INFO - 	                 (16, 5.137136564749959e-06),
2026-08-14 12:49:21,265 - INFO - 	                 (17, 5.137136564749959e-06),
2026-08-14 12:49:21,265 - INFO - 	                 (18, 5.137136564749959e-06),
2026-08-14 12:49:21,265 - INFO - 	                 (19, 5.137136564749959e-06),
2026-08-14 12:49:21,265 - INFO - 	                 (20, 5.137136564749959e-06),
2026-08-14 12:49:21,265 - INFO - 	                 (21, 5.137136564749959e-06),
2026-08-14 12:49:21,265 - INFO - 	                 (22, 5.137136564749959e-06),
2026-08-14 12:49:21,266 - INFO - 	                 (23, 5.137136564749959e-06),
2026-08-14 12:49:21,266 - INFO - 	                 (24, 5.137136564749959e-06),
2026-08-14 12:49:21,266 - INFO - 	                 (25, 5.137136564749959e-06),
2026-08-14 12:49:21,266 - INFO - 	                 (26, 5.137136564749959e-06),
2026-08-14 12:49:21,266 - INFO - 	                 (27, 5.137136564749959e-06),
2026-08-14 12:49:21,266 - INFO - 	                 (28, 5.137136564749959e-06),
2026-08-14 12:49:21,266 - INFO - 	                 (29, 5.137136564749959e-06),
2026-08-14 12:49:21,266 - INFO - 	                 (30, 5.137136564749959e-06)],
2026-08-14 12:49:21,266 - INFO - 	 'weighted_precision': [(1, 0.9871211846365026),
2026-08-14 12:49:21,266 - INFO - 	                        (2, 0.9871211846365026),
2026-08-14 12:49:21,266 - INFO - 	                        (3, 0.9871903473171288),
2026-08-14 12:49:21,266 - INFO - 	                        (4, 0.9867467368055891),
2026-08-14 12:49:21,266 - INFO - 	                        (5, 0.9869332996647927),
2026-08-14 12:49:21,266 - INFO - 	                        (6, 0.9860219298640756),
2026-08-14 12:49:21,266 - INFO - 	                        (7, 0.993394589396153),
2026-08-14 12:49:21,266 - INFO - 	                        (8, 0.9935422974296686),
2026-08-14 12:49:21,266 - INFO - 	                        (9, 2.5726881635430674e-06),
2026-08-14 12:49:21,266 - INFO - 	                        (10, 2.5726881635430674e-06),
2026-08-14 12:49:21,267 - INFO - 	                        (11, 2.5726881635430674e-06),
2026-08-14 12:49:21,267 - INFO - 	                        (12, 2.5726881635430674e-06),
2026-08-14 12:49:21,267 - INFO - 	                        (13, 2.5726881635430674e-06),
2026-08-14 12:49:21,267 - INFO - 	                        (14, 2.5726881635430674e-06),
2026-08-14 12:49:21,267 - INFO - 	                        (15, 2.5726881635430674e-06),
2026-08-14 12:49:21,267 - INFO - 	                        (16, 2.5726881635430674e-06),
2026-08-14 12:49:21,267 - INFO - 	                        (17, 2.5726881635430674e-06),
2026-08-14 12:49:21,267 - INFO - 	                        (18, 2.5726881635430674e-06),
2026-08-14 12:49:21,267 - INFO - 	                        (19, 2.5726881635430674e-06),
2026-08-14 12:49:21,267 - INFO - 	                        (20, 2.5726881635430674e-06),
2026-08-14 12:49:21,267 - INFO - 	                        (21, 2.5726881635430674e-06),
2026-08-14 12:49:21,267 - INFO - 	                        (22, 2.5726881635430674e-06),
2026-08-14 12:49:21,267 - INFO - 	                        (23, 2.5726881635430674e-06),
2026-08-14 12:49:21,267 - INFO - 	                        (24, 2.5726881635430674e-06),
2026-08-14 12:49:21,267 - INFO - 	                        (25, 2.5726881635430674e-06),
2026-08-14 12:49:21,267 - INFO - 	                        (26, 2.5726881635430674e-06),
2026-08-14 12:49:21,267 - INFO - 	                        (27, 2.5726881635430674e-06),
2026-08-14 12:49:21,267 - INFO - 	                        (28, 2.5726881635430674e-06),
2026-08-14 12:49:21,268 - INFO - 	                        (29, 2.5726881635430674e-06),
2026-08-14 12:49:21,268 - INFO - 	                        (30, 2.5726881635430674e-06)],
2026-08-14 12:49:21,268 - INFO - 	 'weighted_recall': [(1, 0.993539724740034),
2026-08-14 12:49:21,268 - INFO - 	                     (2, 0.993539724740034),
2026-08-14 12:49:21,268 - INFO - 	                     (3, 0.9845512722476774),
2026-08-14 12:49:21,268 - INFO - 	                     (4, 0.9145091932212199),
2026-08-14 12:49:21,268 - INFO - 	                     (5, 0.8946233133383721),
2026-08-14 12:49:21,268 - INFO - 	                     (6, 0.5724444215930905),
2026-08-14 12:49:21,268 - INFO - 	                     (7, 0.003686647165768034),
2026-08-14 12:49:21,268 - INFO - 	                     (8, 0.0016045319635418507),
2026-08-14 12:49:21,268 - INFO - 	                     (9, 0.001603960150235369),
2026-08-14 12:49:21,268 - INFO - 	                     (10, 0.001603960150235369),
2026-08-14 12:49:21,268 - INFO - 	                     (11, 0.001603960150235369),
2026-08-14 12:49:21,268 - INFO - 	                     (12, 0.001603960150235369),
2026-08-14 12:49:21,268 - INFO - 	                     (13, 0.001603960150235369),
2026-08-14 12:49:21,268 - INFO - 	                     (14, 0.001603960150235369),
2026-08-14 12:49:21,268 - INFO - 	                     (15, 0.001603960150235369),
2026-08-14 12:49:21,268 - INFO - 	                     (16, 0.001603960150235369),
2026-08-14 12:49:21,268 - INFO - 	                     (17, 0.001603960150235369),
2026-08-14 12:49:21,269 - INFO - 	                     (18, 0.001603960150235369),
2026-08-14 12:49:21,269 - INFO - 	                     (19, 0.001603960150235369),
2026-08-14 12:49:21,269 - INFO - 	                     (20, 0.001603960150235369),
2026-08-14 12:49:21,269 - INFO - 	                     (21, 0.001603960150235369),
2026-08-14 12:49:21,269 - INFO - 	                     (22, 0.001603960150235369),
2026-08-14 12:49:21,269 - INFO - 	                     (23, 0.001603960150235369),
2026-08-14 12:49:21,269 - INFO - 	                     (24, 0.001603960150235369),
2026-08-14 12:49:21,269 - INFO - 	                     (25, 0.001603960150235369),
2026-08-14 12:49:21,269 - INFO - 	                     (26, 0.001603960150235369),
2026-08-14 12:49:21,269 - INFO - 	                     (27, 0.001603960150235369),
2026-08-14 12:49:21,269 - INFO - 	                     (28, 0.001603960150235369),
2026-08-14 12:49:21,269 - INFO - 	                     (29, 0.001603960150235369),
2026-08-14 12:49:21,269 - INFO - 	                     (30, 0.001603960150235369)]}
2026-08-14 12:49:21,269 - INFO - 
2026-08-14 12:49:21,274 - INFO - Nap global test: /kaggle/input/datasets/tongxuanvu/100clientiov/global_test_data.pt
2026-08-14 12:49:23,130 - INFO - Global test goc: n=42048683
2026-08-14 12:49:24,876 - INFO - Task 2: loc ve lop 0-8 -> n=41987401
2026-08-14 12:49:24,876 - INFO - Danh gia moi round tren n=41987401 mau (dtype=float16)
2026-08-14 12:49:24,887 - INFO - ===== Task 2: 70 client, 30 round =====
2026-08-14 12:49:24,887 - WARNING - DEPRECATED FEATURE: flwr.simulation.start_simulation() is deprecated.
	Instead, use the `flwr run` CLI command to start a local simulation in your Flower app, as shown for example below:

		$ flwr new  # Create a new Flower app from a template

		$ flwr run  # Run the Flower app in Simulation Mode

	Using `start_simulation()` is deprecated.

            This is a deprecated feature. It will be removed
            entirely in future versions of Flower.
        
2026-08-14 12:49:24,888 - INFO - Starting Flower simulation, config: num_rounds=30, no round_timeout
2026-08-14 12:49:35,075 - INFO - Flower VCE: Ray initialized with resources: {'memory': 19366984090.0, 'GPU': 2.0, 'object_store_memory': 8300136038.0, 'accelerator_type:T4': 1.0, 'node:__internal_head__': 1.0, 'CPU': 4.0, 'node:172.19.2.2': 1.0}
2026-08-14 12:49:35,075 - INFO - Optimize your simulation with Flower VCE: https://flower.ai/docs/framework/how-to-run-simulations.html
2026-08-14 12:49:35,075 - INFO - Flower VCE: Resources for each Virtual Client: {'num_cpus': 1.0, 'num_gpus': 0.5}
2026-08-14 12:49:35,093 - INFO - Flower VCE: Creating VirtualClientEngineActorPool with 4 actors
2026-08-14 12:49:35,095 - INFO - [INIT]
2026-08-14 12:49:35,095 - INFO - Using initial global parameters provided by strategy
2026-08-14 12:49:35,095 - INFO - Starting evaluation of initial global parameters
2026-08-14 12:49:35,099 - INFO - Evaluation returned no results (`None`)
2026-08-14 12:49:35,099 - INFO - 
2026-08-14 12:49:35,099 - INFO - [ROUND 1]
2026-08-14 12:49:35,099 - INFO - configure_fit: strategy sampled 70 clients (out of 70)
2026-08-14 12:49:52,166 - INFO - aggregate_fit: received 70 results and 0 failures
2026-08-14 12:49:52,284 - INFO - [Round 1] tong hop 70 controller (paper) | trong so 0.0009..0.1220 entropy=3.523 train_loss=6.6607
2026-08-14 12:49:52,289 - INFO - [Round 61] luu checkpoint -> out_1percent/checkpoints_cnn/round_061.pth
2026-08-14 12:57:21,407 - INFO - [Round 61] loss=3.9272 acc=0.0016 | micro P/R/F1=0.0016/0.0016/0.0016 | macro P/R/F1=0.0002/0.1111/0.0004 | weighted P/R/F1=0.0000/0.0016/0.0000
2026-08-14 12:57:21,409 - INFO - fit progress: (1, 3.9272256383150683, {'accuracy': 0.0016033619227825032, 'micro_precision': 0.0016033619227825032, 'micro_recall': 0.0016033619227825032, 'micro_f1': 0.0016033619227825032, 'macro_precision': 0.00017815132475361146, 'macro_recall': 0.1111111111111111, 'macro_f1': 0.0003557322819117012, 'weighted_precision': 2.570769455428806e-06, 'weighted_recall': 0.0016033619227825032, 'weighted_f1': 5.133308359695775e-06}, 466.30990044399914)
2026-08-14 12:57:21,409 - INFO - configure_evaluate: no clients selected, skipping evaluation
2026-08-14 12:57:21,409 - INFO - 
2026-08-14 12:57:21,409 - INFO - [ROUND 2]
2026-08-14 12:57:21,409 - INFO - configure_fit: strategy sampled 70 clients (out of 70)
2026-08-14 12:57:22,626 - INFO - aggregate_fit: received 70 results and 0 failures
2026-08-14 12:57:22,726 - INFO - [Round 2] tong hop 70 controller (paper) | trong so 0.0009..0.1220 entropy=3.523 train_loss=6.1680
2026-08-14 12:57:22,731 - INFO - [Round 62] luu checkpoint -> out_1percent/checkpoints_cnn/round_062.pth
2026-08-14 13:04:51,973 - INFO - [Round 62] loss=3.8857 acc=0.0016 | micro P/R/F1=0.0016/0.0016/0.0016 | macro P/R/F1=0.0002/0.1111/0.0004 | weighted P/R/F1=0.0000/0.0016/0.0000
2026-08-14 13:04:51,975 - INFO - fit progress: (2, 3.8857429769257545, {'accuracy': 0.0016033619227825032, 'micro_precision': 0.0016033619227825032, 'micro_recall': 0.0016033619227825032, 'micro_f1': 0.0016033619227825032, 'macro_precision': 0.00017815132475361146, 'macro_recall': 0.1111111111111111, 'macro_f1': 0.0003557322819117012, 'weighted_precision': 2.570769455428806e-06, 'weighted_recall': 0.0016033619227825032, 'weighted_f1': 5.133308359695775e-06}, 916.8761269370007)
2026-08-14 13:04:51,975 - INFO - configure_evaluate: no clients selected, skipping evaluation
2026-08-14 13:04:51,975 - INFO - 
2026-08-14 13:04:51,975 - INFO - [ROUND 3]
2026-08-14 13:04:51,976 - INFO - configure_fit: strategy sampled 70 clients (out of 70)
2026-08-14 13:04:53,128 - INFO - aggregate_fit: received 70 results and 0 failures
2026-08-14 13:04:53,228 - INFO - [Round 3] tong hop 70 controller (paper) | trong so 0.0009..0.1220 entropy=3.523 train_loss=5.7329
2026-08-14 13:04:53,233 - INFO - [Round 63] luu checkpoint -> out_1percent/checkpoints_cnn/round_063.pth
2026-08-14 13:12:22,804 - INFO - [Round 63] loss=3.8350 acc=0.0016 | micro P/R/F1=0.0016/0.0016/0.0016 | macro P/R/F1=0.0002/0.1105/0.0004 | weighted P/R/F1=0.0000/0.0016/0.0000
2026-08-14 13:12:22,805 - INFO - fit progress: (3, 3.834954162700364, {'accuracy': 0.0015947164722103185, 'micro_precision': 0.0015947164722103185, 'micro_recall': 0.0015947164722103185, 'micro_f1': 0.0015947164722103185, 'macro_precision': 0.00018231582164789063, 'macro_recall': 0.11051199147038485, 'macro_f1': 0.0003640310874110878, 'weighted_precision': 2.6308642171593046e-06, 'weighted_recall': 0.0015947164722103185, 'weighted_f1': 5.2530622583764255e-06}, 1367.70618526)
2026-08-14 13:12:22,805 - INFO - configure_evaluate: no clients selected, skipping evaluation
2026-08-14 13:12:22,805 - INFO - 
2026-08-14 13:12:22,806 - INFO - [ROUND 4]
2026-08-14 13:12:22,806 - INFO - configure_fit: strategy sampled 70 clients (out of 70)
2026-08-14 13:12:23,992 - INFO - aggregate_fit: received 70 results and 0 failures
2026-08-14 13:12:24,097 - INFO - [Round 4] tong hop 70 controller (paper) | trong so 0.0009..0.1220 entropy=3.523 train_loss=5.3592
2026-08-14 13:12:24,104 - INFO - [Round 64] luu checkpoint -> out_1percent/checkpoints_cnn/round_064.pth
2026-08-14 13:19:53,685 - INFO - [Round 64] loss=3.7711 acc=0.0013 | micro P/R/F1=0.0013/0.0013/0.0013 | macro P/R/F1=0.0002/0.0892/0.0003 | weighted P/R/F1=0.0000/0.0013/0.0000
2026-08-14 13:19:53,686 - INFO - fit progress: (4, 3.7710750952381913, {'accuracy': 0.001287410001871752, 'micro_precision': 0.001287410001871752, 'micro_recall': 0.001287410001871752, 'micro_f1': 0.001287410001871752, 'macro_precision': 0.0001636591501051206, 'macro_recall': 0.0892160115136601, 'macro_f1': 0.0003267189621904383, 'weighted_precision': 2.3616436463414687e-06, 'weighted_recall': 0.001287410001871752, 'weighted_f1': 4.714638690844486e-06}, 1818.587541256)
2026-08-14 13:19:53,687 - INFO - configure_evaluate: no clients selected, skipping evaluation
2026-08-14 13:19:53,687 - INFO - 
2026-08-14 13:19:53,687 - INFO - [ROUND 5]
2026-08-14 13:19:53,687 - INFO - configure_fit: strategy sampled 70 clients (out of 70)
2026-08-14 13:19:54,885 - INFO - aggregate_fit: received 70 results and 0 failures
2026-08-14 13:19:54,985 - INFO - [Round 5] tong hop 70 controller (paper) | trong so 0.0009..0.1220 entropy=3.523 train_loss=5.0252
2026-08-14 13:19:54,989 - INFO - [Round 65] luu checkpoint -> out_1percent/checkpoints_cnn/round_065.pth
2026-08-14 13:27:25,857 - INFO - [Round 65] loss=3.6918 acc=0.0008 | micro P/R/F1=0.0008/0.0008/0.0008 | macro P/R/F1=0.0001/0.0575/0.0003 | weighted P/R/F1=0.0000/0.0008/0.0000
2026-08-14 13:27:28,714 - INFO - Luu out_1percent/confusion_matrix_cnn_task2.csv
2026-08-14 13:27:28,714 - INFO - Luu out_1percent/confusion_matrix_cnn_task2_normalized.csv
2026-08-14 13:27:36,883 - INFO - Luu out_1percent/classification_report_cnn_task2.txt
               precision    recall  f1-score   support

       Benign     0.0000    0.0000    0.0000  41700592
          DoS     0.0000    0.0000    0.0000    145129
       double     0.0000    0.0000    0.0000     12413
force-neutral     0.0000    0.0000    0.0000      5744
      fuzzing     0.0011    0.5166    0.0022     67321
     interval     0.0000    0.0007    0.0000     40542
          rpm     0.0000    0.0000    0.0000      5043
rpm-accessory     0.0000    0.0000    0.0000      3146
        speed     0.0000    0.0000    0.0000      7471

     accuracy                         0.0008  41987401
    macro avg     0.0001    0.0575    0.0003  41987401
 weighted avg     0.0000    0.0008    0.0000  41987401

2026-08-14 13:27:37,206 - INFO - Luu out_1percent/confusion_matrix_cnn_task2.png
2026-08-14 13:27:37,207 - INFO - fit progress: (5, 3.6917589490163176, {'accuracy': 0.0008289391381952887, 'micro_precision': 0.0008289391381952887, 'micro_recall': 0.0008289391381952887, 'micro_f1': 0.0008289391381952887, 'macro_precision': 0.00012551087450129975, 'macro_recall': 0.05747504030747806, 'macro_f1': 0.00025047445155256876, 'weighted_precision': 1.8095499540923826e-06, 'weighted_recall': 0.0008289391381952887, 'weighted_f1': 3.6112139083537467e-06}, 2282.108364201)
2026-08-14 13:27:37,207 - INFO - configure_evaluate: no clients selected, skipping evaluation
2026-08-14 13:27:37,208 - INFO - 
2026-08-14 13:27:37,208 - INFO - [ROUND 6]
2026-08-14 13:27:37,208 - INFO - configure_fit: strategy sampled 70 clients (out of 70)
2026-08-14 13:27:38,323 - INFO - aggregate_fit: received 70 results and 0 failures
2026-08-14 13:27:38,424 - INFO - [Round 6] tong hop 70 controller (paper) | trong so 0.0009..0.1220 entropy=3.523 train_loss=4.7335
2026-08-14 13:27:38,428 - INFO - [Round 66] luu checkpoint -> out_1percent/checkpoints_cnn/round_066.pth
2026-08-14 13:35:09,562 - INFO - [Round 66] loss=3.6097 acc=0.0014 | micro P/R/F1=0.0014/0.0014/0.0014 | macro P/R/F1=0.0003/0.1297/0.0006 | weighted P/R/F1=0.0000/0.0014/0.0000
2026-08-14 13:35:09,563 - INFO - fit progress: (6, 3.60968969670892, {'accuracy': 0.0013612416734248448, 'micro_precision': 0.0013612416734248448, 'micro_recall': 0.0013612416734248448, 'micro_f1': 0.0013612416734248448, 'macro_precision': 0.0003177413239522395, 'macro_recall': 0.12970208975378794, 'macro_f1': 0.0006339186476795056, 'weighted_precision': 3.40623226999163e-06, 'weighted_recall': 0.0013612416734248448, 'weighted_f1': 6.7953286877307975e-06}, 2734.4643469870007)
2026-08-14 13:35:09,563 - INFO - configure_evaluate: no clients selected, skipping evaluation
2026-08-14 13:35:09,564 - INFO - 
2026-08-14 13:35:09,564 - INFO - [ROUND 7]
2026-08-14 13:35:09,564 - INFO - configure_fit: strategy sampled 70 clients (out of 70)
2026-08-14 13:35:10,700 - INFO - aggregate_fit: received 70 results and 0 failures
2026-08-14 13:35:10,804 - INFO - [Round 7] tong hop 70 controller (paper) | trong so 0.0009..0.1220 entropy=3.523 train_loss=4.4518
2026-08-14 13:35:10,808 - INFO - [Round 67] luu checkpoint -> out_1percent/checkpoints_cnn/round_067.pth
2026-08-14 13:42:39,918 - INFO - [Round 67] loss=3.5503 acc=0.0013 | micro P/R/F1=0.0013/0.0013/0.0013 | macro P/R/F1=0.0003/0.1309/0.0005 | weighted P/R/F1=0.0000/0.0013/0.0000
2026-08-14 13:42:39,920 - INFO - fit progress: (7, 3.5502881400934743, {'accuracy': 0.0012515897328343804, 'micro_precision': 0.0012515897328343804, 'micro_recall': 0.0012515897328343804, 'micro_f1': 0.0012515897328343804, 'macro_precision': 0.00026559319624201326, 'macro_recall': 0.13093157327497282, 'macro_f1': 0.0005293724215831995, 'weighted_precision': 2.993367316243525e-06, 'weighted_recall': 0.0012515897328343804, 'weighted_f1': 5.962764160451338e-06}, 3184.8210920639995)
2026-08-14 13:42:39,920 - INFO - configure_evaluate: no clients selected, skipping evaluation
2026-08-14 13:42:39,920 - INFO - 
2026-08-14 13:42:39,920 - INFO - [ROUND 8]
2026-08-14 13:42:39,920 - INFO - configure_fit: strategy sampled 70 clients (out of 70)
2026-08-14 13:42:41,033 - INFO - aggregate_fit: received 70 results and 0 failures
2026-08-14 13:42:41,134 - INFO - [Round 8] tong hop 70 controller (paper) | trong so 0.0009..0.1220 entropy=3.523 train_loss=4.1982
2026-08-14 13:42:41,138 - INFO - [Round 68] luu checkpoint -> out_1percent/checkpoints_cnn/round_068.pth
2026-08-14 13:50:10,762 - INFO - [Round 68] loss=3.4581 acc=0.0010 | micro P/R/F1=0.0010/0.0010/0.0010 | macro P/R/F1=0.0004/0.1166/0.0007 | weighted P/R/F1=0.0000/0.0010/0.0000
2026-08-14 13:50:10,764 - INFO - fit progress: (8, 3.4580932935032425, {'accuracy': 0.0010443132691161333, 'micro_precision': 0.0010443132691161333, 'micro_recall': 0.0010443132691161333, 'micro_f1': 0.0010443132691161333, 'macro_precision': 0.00035145403332919825, 'macro_recall': 0.11656755610351072, 'macro_f1': 0.0006824436836470446, 'weighted_precision': 4.4324543218676295e-06, 'weighted_recall': 0.0010443132691161333, 'weighted_f1': 8.570881952679725e-06}, 3635.665034935)
2026-08-14 13:50:10,764 - INFO - configure_evaluate: no clients selected, skipping evaluation
2026-08-14 13:50:10,764 - INFO - 
2026-08-14 13:50:10,764 - INFO - [ROUND 9]
2026-08-14 13:50:10,764 - INFO - configure_fit: strategy sampled 70 clients (out of 70)
2026-08-14 13:50:11,874 - INFO - aggregate_fit: received 70 results and 0 failures
2026-08-14 13:50:11,973 - INFO - [Round 9] tong hop 70 controller (paper) | trong so 0.0009..0.1220 entropy=3.523 train_loss=3.9567
2026-08-14 13:50:11,977 - INFO - [Round 69] luu checkpoint -> out_1percent/checkpoints_cnn/round_069.pth
2026-08-14 13:57:40,425 - INFO - [Round 69] loss=3.3872 acc=0.0010 | micro P/R/F1=0.0010/0.0010/0.0010 | macro P/R/F1=0.0011/0.1115/0.0008 | weighted P/R/F1=0.0000/0.0010/0.0000
2026-08-14 13:57:40,426 - INFO - fit progress: (9, 3.3871982096462827, {'accuracy': 0.0009716724309751871, 'micro_precision': 0.0009716724309751871, 'micro_recall': 0.0009716724309751871, 'micro_f1': 0.0009716724309751871, 'macro_precision': 0.0011372808910297587, 'macro_recall': 0.11153363074754617, 'macro_f1': 0.0008137214452081669, 'weighted_precision': 1.5795019555989295e-05, 'weighted_recall': 0.0009716724309751871, 'weighted_f1': 1.0510926848674076e-05}, 4085.3274089040005)
2026-08-14 13:57:40,426 - INFO - configure_evaluate: no clients selected, skipping evaluation
2026-08-14 13:57:40,427 - INFO - 
2026-08-14 13:57:40,427 - INFO - [ROUND 10]
2026-08-14 13:57:40,427 - INFO - configure_fit: strategy sampled 70 clients (out of 70)
2026-08-14 13:57:41,548 - INFO - aggregate_fit: received 70 results and 0 failures
2026-08-14 13:57:41,649 - INFO - [Round 10] tong hop 70 controller (paper) | trong so 0.0009..0.1220 entropy=3.523 train_loss=3.7435
2026-08-14 13:57:41,653 - INFO - [Round 70] luu checkpoint -> out_1percent/checkpoints_cnn/round_070.pth
2026-08-14 14:05:10,648 - INFO - [Round 70] loss=3.2989 acc=0.0010 | micro P/R/F1=0.0010/0.0010/0.0010 | macro P/R/F1=0.0001/0.1111/0.0002 | weighted P/R/F1=0.0000/0.0010/0.0000
2026-08-14 14:05:13,376 - INFO - Luu out_1percent/confusion_matrix_cnn_task2.csv
2026-08-14 14:05:13,376 - INFO - Luu out_1percent/confusion_matrix_cnn_task2_normalized.csv
2026-08-14 14:05:20,758 - INFO - Luu out_1percent/classification_report_cnn_task2.txt
               precision    recall  f1-score   support

       Benign     0.0000    0.0000    0.0000  41700592
          DoS     0.0000    0.0000    0.0000    145129
       double     0.0000    0.0000    0.0000     12413
force-neutral     0.0000    0.0000    0.0000      5744
      fuzzing     0.0000    0.0000    0.0000     67321
     interval     0.0010    1.0000    0.0019     40542
          rpm     0.0000    0.0000    0.0000      5043
rpm-accessory     0.0000    0.0000    0.0000      3146
        speed     0.0000    0.0000    0.0000      7471

     accuracy                         0.0010  41987401
    macro avg     0.0001    0.1111    0.0002  41987401
 weighted avg     0.0000    0.0010    0.0000  41987401

2026-08-14 14:05:21,079 - INFO - Luu out_1percent/confusion_matrix_cnn_task2.png
2026-08-14 14:05:21,080 - INFO - fit progress: (10, 3.298856854241088, {'accuracy': 0.0009655753639049962, 'micro_precision': 0.0009655753639049962, 'micro_recall': 0.0009655753639049962, 'micro_f1': 0.0009655753639049962, 'macro_precision': 0.00010728615154499957, 'macro_recall': 0.1111111111111111, 'macro_f1': 0.00021436531722081504, 'weighted_precision': 9.323357833802659e-07, 'weighted_recall': 0.0009655753639049962, 'weighted_f1': 1.862872822656886e-06}, 4545.981386003999)
2026-08-14 14:05:21,080 - INFO - configure_evaluate: no clients selected, skipping evaluation
2026-08-14 14:05:21,081 - INFO - 
2026-08-14 14:05:21,081 - INFO - [ROUND 11]
2026-08-14 14:05:21,081 - INFO - configure_fit: strategy sampled 70 clients (out of 70)
2026-08-14 14:05:22,197 - INFO - aggregate_fit: received 70 results and 0 failures
2026-08-14 14:05:22,296 - INFO - [Round 11] tong hop 70 controller (paper) | trong so 0.0009..0.1220 entropy=3.523 train_loss=3.5529
2026-08-14 14:05:22,300 - INFO - [Round 71] luu checkpoint -> out_1percent/checkpoints_cnn/round_071.pth
2026-08-14 14:12:51,434 - INFO - [Round 71] loss=3.2392 acc=0.0010 | micro P/R/F1=0.0010/0.0010/0.0010 | macro P/R/F1=0.0001/0.1111/0.0002 | weighted P/R/F1=0.0000/0.0010/0.0000
2026-08-14 14:12:51,436 - INFO - fit progress: (11, 3.2391975800731267, {'accuracy': 0.0009655753639049962, 'micro_precision': 0.0009655753639049962, 'micro_recall': 0.0009655753639049962, 'micro_f1': 0.0009655753639049962, 'macro_precision': 0.00010728615154499957, 'macro_recall': 0.1111111111111111, 'macro_f1': 0.00021436531722081504, 'weighted_precision': 9.323357833802659e-07, 'weighted_recall': 0.0009655753639049962, 'weighted_f1': 1.862872822656886e-06}, 4996.337073866)
2026-08-14 14:12:51,436 - INFO - configure_evaluate: no clients selected, skipping evaluation
2026-08-14 14:12:51,436 - INFO - 
2026-08-14 14:12:51,436 - INFO - [ROUND 12]
2026-08-14 14:12:51,436 - INFO - configure_fit: strategy sampled 70 clients (out of 70)
2026-08-14 14:12:52,559 - INFO - aggregate_fit: received 70 results and 0 failures
2026-08-14 14:12:52,660 - INFO - [Round 12] tong hop 70 controller (paper) | trong so 0.0009..0.1220 entropy=3.523 train_loss=3.3792
2026-08-14 14:12:52,665 - INFO - [Round 72] luu checkpoint -> out_1percent/checkpoints_cnn/round_072.pth
2026-08-14 14:20:23,137 - INFO - [Round 72] loss=3.1337 acc=0.0010 | micro P/R/F1=0.0010/0.0010/0.0010 | macro P/R/F1=0.0001/0.1111/0.0002 | weighted P/R/F1=0.0000/0.0010/0.0000
2026-08-14 14:20:23,139 - INFO - fit progress: (12, 3.1336700617191373, {'accuracy': 0.0009655753639049962, 'micro_precision': 0.0009655753639049962, 'micro_recall': 0.0009655753639049962, 'micro_f1': 0.0009655753639049962, 'macro_precision': 0.00010728615154499957, 'macro_recall': 0.1111111111111111, 'macro_f1': 0.00021436531722081504, 'weighted_precision': 9.323357833802659e-07, 'weighted_recall': 0.0009655753639049962, 'weighted_f1': 1.862872822656886e-06}, 5448.039834669)
2026-08-14 14:20:23,139 - INFO - configure_evaluate: no clients selected, skipping evaluation
2026-08-14 14:20:23,139 - INFO - 
2026-08-14 14:20:23,139 - INFO - [ROUND 13]
2026-08-14 14:20:23,139 - INFO - configure_fit: strategy sampled 70 clients (out of 70)
2026-08-14 14:20:24,282 - INFO - aggregate_fit: received 70 results and 0 failures
2026-08-14 14:20:24,388 - INFO - [Round 13] tong hop 70 controller (paper) | trong so 0.0009..0.1220 entropy=3.523 train_loss=3.2374
2026-08-14 14:20:24,393 - INFO - [Round 73] luu checkpoint -> out_1percent/checkpoints_cnn/round_073.pth
2026-08-14 14:27:53,612 - INFO - [Round 73] loss=3.0478 acc=0.0010 | micro P/R/F1=0.0010/0.0010/0.0010 | macro P/R/F1=0.0001/0.1111/0.0002 | weighted P/R/F1=0.0000/0.0010/0.0000
2026-08-14 14:27:53,614 - INFO - fit progress: (13, 3.0477686232792993, {'accuracy': 0.0009655753639049962, 'micro_precision': 0.0009655753639049962, 'micro_recall': 0.0009655753639049962, 'micro_f1': 0.0009655753639049962, 'macro_precision': 0.00010728615154499957, 'macro_recall': 0.1111111111111111, 'macro_f1': 0.00021436531722081504, 'weighted_precision': 9.323357833802659e-07, 'weighted_recall': 0.0009655753639049962, 'weighted_f1': 1.862872822656886e-06}, 5898.514837834)
2026-08-14 14:27:53,614 - INFO - configure_evaluate: no clients selected, skipping evaluation
2026-08-14 14:27:53,614 - INFO - 
2026-08-14 14:27:53,614 - INFO - [ROUND 14]
2026-08-14 14:27:53,614 - INFO - configure_fit: strategy sampled 70 clients (out of 70)
2026-08-14 14:27:54,801 - INFO - aggregate_fit: received 70 results and 0 failures
2026-08-14 14:27:54,904 - INFO - [Round 14] tong hop 70 controller (paper) | trong so 0.0009..0.1220 entropy=3.523 train_loss=3.1093
2026-08-14 14:27:54,908 - INFO - [Round 74] luu checkpoint -> out_1percent/checkpoints_cnn/round_074.pth
2026-08-14 14:35:22,110 - INFO - [Round 74] loss=2.9453 acc=0.0010 | micro P/R/F1=0.0010/0.0010/0.0010 | macro P/R/F1=0.0001/0.1111/0.0002 | weighted P/R/F1=0.0000/0.0010/0.0000
2026-08-14 14:35:22,111 - INFO - fit progress: (14, 2.945281584057479, {'accuracy': 0.0009655753639049962, 'micro_precision': 0.0009655753639049962, 'micro_recall': 0.0009655753639049962, 'micro_f1': 0.0009655753639049962, 'macro_precision': 0.00010728615154499957, 'macro_recall': 0.1111111111111111, 'macro_f1': 0.00021436531722081504, 'weighted_precision': 9.323357833802659e-07, 'weighted_recall': 0.0009655753639049962, 'weighted_f1': 1.862872822656886e-06}, 6347.012582396999)
2026-08-14 14:35:22,112 - INFO - configure_evaluate: no clients selected, skipping evaluation
2026-08-14 14:35:22,112 - INFO - 
2026-08-14 14:35:22,112 - INFO - [ROUND 15]
2026-08-14 14:35:22,112 - INFO - configure_fit: strategy sampled 70 clients (out of 70)
2026-08-14 14:35:23,226 - INFO - aggregate_fit: received 70 results and 0 failures
2026-08-14 14:35:23,327 - INFO - [Round 15] tong hop 70 controller (paper) | trong so 0.0009..0.1220 entropy=3.523 train_loss=3.0049
2026-08-14 14:35:23,331 - INFO - [Round 75] luu checkpoint -> out_1percent/checkpoints_cnn/round_075.pth
2026-08-14 14:42:50,413 - INFO - [Round 75] loss=2.8520 acc=0.0010 | micro P/R/F1=0.0010/0.0010/0.0010 | macro P/R/F1=0.0001/0.1111/0.0002 | weighted P/R/F1=0.0000/0.0010/0.0000
2026-08-14 14:42:53,133 - INFO - Luu out_1percent/confusion_matrix_cnn_task2.csv
2026-08-14 14:42:53,134 - INFO - Luu out_1percent/confusion_matrix_cnn_task2_normalized.csv
2026-08-14 14:43:00,540 - INFO - Luu out_1percent/classification_report_cnn_task2.txt
               precision    recall  f1-score   support

       Benign     0.0000    0.0000    0.0000  41700592
          DoS     0.0000    0.0000    0.0000    145129
       double     0.0000    0.0000    0.0000     12413
force-neutral     0.0000    0.0000    0.0000      5744
      fuzzing     0.0000    0.0000    0.0000     67321
     interval     0.0010    1.0000    0.0019     40542
          rpm     0.0000    0.0000    0.0000      5043
rpm-accessory     0.0000    0.0000    0.0000      3146
        speed     0.0000    0.0000    0.0000      7471

     accuracy                         0.0010  41987401
    macro avg     0.0001    0.1111    0.0002  41987401
 weighted avg     0.0000    0.0010    0.0000  41987401

2026-08-14 14:43:00,861 - INFO - Luu out_1percent/confusion_matrix_cnn_task2.png
2026-08-14 14:43:00,862 - INFO - fit progress: (15, 2.851963842941975, {'accuracy': 0.0009655753639049962, 'micro_precision': 0.0009655753639049962, 'micro_recall': 0.0009655753639049962, 'micro_f1': 0.0009655753639049962, 'macro_precision': 0.00010728615154499957, 'macro_recall': 0.1111111111111111, 'macro_f1': 0.00021436531722081504, 'weighted_precision': 9.323357833802659e-07, 'weighted_recall': 0.0009655753639049962, 'weighted_f1': 1.862872822656886e-06}, 6805.763344923)
2026-08-14 14:43:00,862 - INFO - configure_evaluate: no clients selected, skipping evaluation
2026-08-14 14:43:00,862 - INFO - 
2026-08-14 14:43:00,863 - INFO - [ROUND 16]
2026-08-14 14:43:00,863 - INFO - configure_fit: strategy sampled 70 clients (out of 70)
2026-08-14 14:43:01,981 - INFO - aggregate_fit: received 70 results and 0 failures
2026-08-14 14:43:02,085 - INFO - [Round 16] tong hop 70 controller (paper) | trong so 0.0009..0.1220 entropy=3.523 train_loss=2.9034
2026-08-14 14:43:02,089 - INFO - [Round 76] luu checkpoint -> out_1percent/checkpoints_cnn/round_076.pth
2026-08-14 14:50:28,101 - INFO - [Round 76] loss=2.7507 acc=0.0010 | micro P/R/F1=0.0010/0.0010/0.0010 | macro P/R/F1=0.0001/0.1111/0.0002 | weighted P/R/F1=0.0000/0.0010/0.0000
2026-08-14 14:50:28,103 - INFO - fit progress: (16, 2.750655528475931, {'accuracy': 0.0009655753639049962, 'micro_precision': 0.0009655753639049962, 'micro_recall': 0.0009655753639049962, 'micro_f1': 0.0009655753639049962, 'macro_precision': 0.00010728615154499957, 'macro_recall': 0.1111111111111111, 'macro_f1': 0.00021436531722081504, 'weighted_precision': 9.323357833802659e-07, 'weighted_recall': 0.0009655753639049962, 'weighted_f1': 1.862872822656886e-06}, 7253.004080336001)
2026-08-14 14:50:28,103 - INFO - configure_evaluate: no clients selected, skipping evaluation
2026-08-14 14:50:28,103 - INFO - 
2026-08-14 14:50:28,103 - INFO - [ROUND 17]
2026-08-14 14:50:28,104 - INFO - configure_fit: strategy sampled 70 clients (out of 70)
2026-08-14 14:50:29,215 - INFO - aggregate_fit: received 70 results and 0 failures
2026-08-14 14:50:29,315 - INFO - [Round 17] tong hop 70 controller (paper) | trong so 0.0009..0.1220 entropy=3.523 train_loss=2.8131
2026-08-14 14:50:29,319 - INFO - [Round 77] luu checkpoint -> out_1percent/checkpoints_cnn/round_077.pth
2026-08-14 14:57:55,051 - INFO - [Round 77] loss=2.6591 acc=0.0010 | micro P/R/F1=0.0010/0.0010/0.0010 | macro P/R/F1=0.0001/0.1111/0.0002 | weighted P/R/F1=0.0000/0.0010/0.0000
2026-08-14 14:57:55,052 - INFO - fit progress: (17, 2.6590920667766467, {'accuracy': 0.0009655753639049962, 'micro_precision': 0.0009655753639049962, 'micro_recall': 0.0009655753639049962, 'micro_f1': 0.0009655753639049962, 'macro_precision': 0.00010728615154499957, 'macro_recall': 0.1111111111111111, 'macro_f1': 0.00021436531722081504, 'weighted_precision': 9.323357833802659e-07, 'weighted_recall': 0.0009655753639049962, 'weighted_f1': 1.862872822656886e-06}, 7699.953623447998)
2026-08-14 14:57:55,053 - INFO - configure_evaluate: no clients selected, skipping evaluation
2026-08-14 14:57:55,053 - INFO - 
2026-08-14 14:57:55,053 - INFO - [ROUND 18]
2026-08-14 14:57:55,053 - INFO - configure_fit: strategy sampled 70 clients (out of 70)
2026-08-14 14:57:56,166 - INFO - aggregate_fit: received 70 results and 0 failures
2026-08-14 14:57:56,267 - INFO - [Round 18] tong hop 70 controller (paper) | trong so 0.0009..0.1220 entropy=3.523 train_loss=2.7355
2026-08-14 14:57:56,270 - INFO - [Round 78] luu checkpoint -> out_1percent/checkpoints_cnn/round_078.pth
2026-08-14 15:05:23,058 - INFO - [Round 78] loss=2.5542 acc=0.0010 | micro P/R/F1=0.0010/0.0010/0.0010 | macro P/R/F1=0.0001/0.1111/0.0002 | weighted P/R/F1=0.0000/0.0010/0.0000
2026-08-14 15:05:23,059 - INFO - fit progress: (18, 2.554243516461487, {'accuracy': 0.0009655753639049962, 'micro_precision': 0.0009655753639049962, 'micro_recall': 0.0009655753639049962, 'micro_f1': 0.0009655753639049962, 'macro_precision': 0.00010728615154499957, 'macro_recall': 0.1111111111111111, 'macro_f1': 0.00021436531722081504, 'weighted_precision': 9.323357833802659e-07, 'weighted_recall': 0.0009655753639049962, 'weighted_f1': 1.862872822656886e-06}, 8147.960142810998)
2026-08-14 15:05:23,059 - INFO - configure_evaluate: no clients selected, skipping evaluation
2026-08-14 15:05:23,059 - INFO - 
2026-08-14 15:05:23,059 - INFO - [ROUND 19]
2026-08-14 15:05:23,059 - INFO - configure_fit: strategy sampled 70 clients (out of 70)
2026-08-14 15:05:24,543 - INFO - aggregate_fit: received 70 results and 0 failures
2026-08-14 15:05:24,646 - INFO - [Round 19] tong hop 70 controller (paper) | trong so 0.0009..0.1220 entropy=3.523 train_loss=2.6555
2026-08-14 15:05:24,650 - INFO - [Round 79] luu checkpoint -> out_1percent/checkpoints_cnn/round_079.pth
2026-08-14 15:12:51,135 - INFO - [Round 79] loss=2.4802 acc=0.0010 | micro P/R/F1=0.0010/0.0010/0.0010 | macro P/R/F1=0.0001/0.1111/0.0002 | weighted P/R/F1=0.0000/0.0010/0.0000
2026-08-14 15:12:51,137 - INFO - fit progress: (19, 2.4802468227021417, {'accuracy': 0.0009655753639049962, 'micro_precision': 0.0009655753639049962, 'micro_recall': 0.0009655753639049962, 'micro_f1': 0.0009655753639049962, 'macro_precision': 0.00010728615154499957, 'macro_recall': 0.1111111111111111, 'macro_f1': 0.00021436531722081504, 'weighted_precision': 9.323357833802659e-07, 'weighted_recall': 0.0009655753639049962, 'weighted_f1': 1.862872822656886e-06}, 8596.037959601)
2026-08-14 15:12:51,137 - INFO - configure_evaluate: no clients selected, skipping evaluation
2026-08-14 15:12:51,137 - INFO - 
2026-08-14 15:12:51,137 - INFO - [ROUND 20]
2026-08-14 15:12:51,137 - INFO - configure_fit: strategy sampled 70 clients (out of 70)
2026-08-14 15:12:52,227 - INFO - aggregate_fit: received 70 results and 0 failures
2026-08-14 15:12:52,326 - INFO - [Round 20] tong hop 70 controller (paper) | trong so 0.0009..0.1220 entropy=3.523 train_loss=2.5910
2026-08-14 15:12:52,330 - INFO - [Round 80] luu checkpoint -> out_1percent/checkpoints_cnn/round_080.pth
2026-08-14 15:20:19,921 - INFO - [Round 80] loss=2.4034 acc=0.0010 | micro P/R/F1=0.0010/0.0010/0.0010 | macro P/R/F1=0.0001/0.1111/0.0002 | weighted P/R/F1=0.0000/0.0010/0.0000
2026-08-14 15:20:22,777 - INFO - Luu out_1percent/confusion_matrix_cnn_task2.csv
2026-08-14 15:20:22,778 - INFO - Luu out_1percent/confusion_matrix_cnn_task2_normalized.csv
2026-08-14 15:20:30,252 - INFO - Luu out_1percent/classification_report_cnn_task2.txt
               precision    recall  f1-score   support

       Benign     0.0000    0.0000    0.0000  41700592
          DoS     0.0000    0.0000    0.0000    145129
       double     0.0000    0.0000    0.0000     12413
force-neutral     0.0000    0.0000    0.0000      5744
      fuzzing     0.0000    0.0000    0.0000     67321
     interval     0.0010    1.0000    0.0019     40542
          rpm     0.0000    0.0000    0.0000      5043
rpm-accessory     0.0000    0.0000    0.0000      3146
        speed     0.0000    0.0000    0.0000      7471

     accuracy                         0.0010  41987401
    macro avg     0.0001    0.1111    0.0002  41987401
 weighted avg     0.0000    0.0010    0.0000  41987401

2026-08-14 15:20:30,576 - INFO - Luu out_1percent/confusion_matrix_cnn_task2.png
2026-08-14 15:20:30,577 - INFO - fit progress: (20, 2.4033939389063317, {'accuracy': 0.0009655753639049962, 'micro_precision': 0.0009655753639049962, 'micro_recall': 0.0009655753639049962, 'micro_f1': 0.0009655753639049962, 'macro_precision': 0.00010728615154499957, 'macro_recall': 0.1111111111111111, 'macro_f1': 0.00021436531722081504, 'weighted_precision': 9.323357833802659e-07, 'weighted_recall': 0.0009655753639049962, 'weighted_f1': 1.862872822656886e-06}, 9055.478663411)
2026-08-14 15:20:30,578 - INFO - configure_evaluate: no clients selected, skipping evaluation
2026-08-14 15:20:30,578 - INFO - 
2026-08-14 15:20:30,578 - INFO - [ROUND 21]
2026-08-14 15:20:30,578 - INFO - configure_fit: strategy sampled 70 clients (out of 70)
2026-08-14 15:20:31,682 - INFO - aggregate_fit: received 70 results and 0 failures
2026-08-14 15:20:31,781 - INFO - [Round 21] tong hop 70 controller (paper) | trong so 0.0009..0.1220 entropy=3.523 train_loss=2.5327
2026-08-14 15:20:31,785 - INFO - [Round 81] luu checkpoint -> out_1percent/checkpoints_cnn/round_081.pth
2026-08-14 15:27:59,533 - INFO - [Round 81] loss=2.3405 acc=0.0010 | micro P/R/F1=0.0010/0.0010/0.0010 | macro P/R/F1=0.0001/0.1111/0.0002 | weighted P/R/F1=0.0000/0.0010/0.0000
2026-08-14 15:27:59,535 - INFO - fit progress: (21, 2.3404994517021116, {'accuracy': 0.0009655753639049962, 'micro_precision': 0.0009655753639049962, 'micro_recall': 0.0009655753639049962, 'micro_f1': 0.0009655753639049962, 'macro_precision': 0.00010728615154499957, 'macro_recall': 0.1111111111111111, 'macro_f1': 0.00021436531722081504, 'weighted_precision': 9.323357833802659e-07, 'weighted_recall': 0.0009655753639049962, 'weighted_f1': 1.862872822656886e-06}, 9504.435941462)
2026-08-14 15:27:59,535 - INFO - configure_evaluate: no clients selected, skipping evaluation
2026-08-14 15:27:59,535 - INFO - 
2026-08-14 15:27:59,535 - INFO - [ROUND 22]
2026-08-14 15:27:59,535 - INFO - configure_fit: strategy sampled 70 clients (out of 70)
2026-08-14 15:28:00,647 - INFO - aggregate_fit: received 70 results and 0 failures
2026-08-14 15:28:00,748 - INFO - [Round 22] tong hop 70 controller (paper) | trong so 0.0009..0.1220 entropy=3.523 train_loss=2.4788
2026-08-14 15:28:00,751 - INFO - [Round 82] luu checkpoint -> out_1percent/checkpoints_cnn/round_082.pth
2026-08-14 15:35:28,897 - INFO - [Round 82] loss=2.2733 acc=0.0010 | micro P/R/F1=0.0010/0.0010/0.0010 | macro P/R/F1=0.0001/0.1111/0.0002 | weighted P/R/F1=0.0000/0.0010/0.0000
2026-08-14 15:35:28,898 - INFO - fit progress: (22, 2.2732816366972126, {'accuracy': 0.0009655753639049962, 'micro_precision': 0.0009655753639049962, 'micro_recall': 0.0009655753639049962, 'micro_f1': 0.0009655753639049962, 'macro_precision': 0.00010728615154499957, 'macro_recall': 0.1111111111111111, 'macro_f1': 0.00021436531722081504, 'weighted_precision': 9.323357833802659e-07, 'weighted_recall': 0.0009655753639049962, 'weighted_f1': 1.862872822656886e-06}, 9953.799474908)
2026-08-14 15:35:28,899 - INFO - configure_evaluate: no clients selected, skipping evaluation
2026-08-14 15:35:28,899 - INFO - 
2026-08-14 15:35:28,899 - INFO - [ROUND 23]
2026-08-14 15:35:28,899 - INFO - configure_fit: strategy sampled 70 clients (out of 70)
2026-08-14 15:35:30,327 - INFO - aggregate_fit: received 70 results and 0 failures
2026-08-14 15:35:30,428 - INFO - [Round 23] tong hop 70 controller (paper) | trong so 0.0009..0.1220 entropy=3.523 train_loss=2.4105
2026-08-14 15:35:30,432 - INFO - [Round 83] luu checkpoint -> out_1percent/checkpoints_cnn/round_083.pth
2026-08-14 15:42:59,462 - INFO - [Round 83] loss=2.2029 acc=0.0010 | micro P/R/F1=0.0010/0.0010/0.0010 | macro P/R/F1=0.0001/0.1111/0.0002 | weighted P/R/F1=0.0000/0.0010/0.0000
2026-08-14 15:42:59,463 - INFO - fit progress: (23, 2.2029440959550475, {'accuracy': 0.0009655753639049962, 'micro_precision': 0.0009655753639049962, 'micro_recall': 0.0009655753639049962, 'micro_f1': 0.0009655753639049962, 'macro_precision': 0.00010728615154499957, 'macro_recall': 0.1111111111111111, 'macro_f1': 0.00021436531722081504, 'weighted_precision': 9.323357833802659e-07, 'weighted_recall': 0.0009655753639049962, 'weighted_f1': 1.862872822656886e-06}, 10404.364441007)
2026-08-14 15:42:59,463 - INFO - configure_evaluate: no clients selected, skipping evaluation
2026-08-14 15:42:59,464 - INFO - 
2026-08-14 15:42:59,464 - INFO - [ROUND 24]
2026-08-14 15:42:59,464 - INFO - configure_fit: strategy sampled 70 clients (out of 70)
2026-08-14 15:43:00,581 - INFO - aggregate_fit: received 70 results and 0 failures
2026-08-14 15:43:00,680 - INFO - [Round 24] tong hop 70 controller (paper) | trong so 0.0009..0.1220 entropy=3.523 train_loss=2.3580
2026-08-14 15:43:00,684 - INFO - [Round 84] luu checkpoint -> out_1percent/checkpoints_cnn/round_084.pth
2026-08-14 15:50:28,605 - INFO - [Round 84] loss=2.1207 acc=0.0010 | micro P/R/F1=0.0010/0.0010/0.0010 | macro P/R/F1=0.0001/0.1111/0.0002 | weighted P/R/F1=0.0000/0.0010/0.0000
2026-08-14 15:50:28,607 - INFO - fit progress: (24, 2.120731181138295, {'accuracy': 0.0009655753639049962, 'micro_precision': 0.0009655753639049962, 'micro_recall': 0.0009655753639049962, 'micro_f1': 0.0009655753639049962, 'macro_precision': 0.00010728615154499957, 'macro_recall': 0.1111111111111111, 'macro_f1': 0.00021436531722081504, 'weighted_precision': 9.323357833802659e-07, 'weighted_recall': 0.0009655753639049962, 'weighted_f1': 1.862872822656886e-06}, 10853.507968381999)
2026-08-14 15:50:28,607 - INFO - configure_evaluate: no clients selected, skipping evaluation
2026-08-14 15:50:28,607 - INFO - 
2026-08-14 15:50:28,607 - INFO - [ROUND 25]
2026-08-14 15:50:28,607 - INFO - configure_fit: strategy sampled 70 clients (out of 70)
2026-08-14 15:50:29,712 - INFO - aggregate_fit: received 70 results and 0 failures
2026-08-14 15:50:29,814 - INFO - [Round 25] tong hop 70 controller (paper) | trong so 0.0009..0.1220 entropy=3.523 train_loss=2.3064
2026-08-14 15:50:29,818 - INFO - [Round 85] luu checkpoint -> out_1percent/checkpoints_cnn/round_085.pth
2026-08-14 15:57:58,247 - INFO - [Round 85] loss=2.0321 acc=0.0010 | micro P/R/F1=0.0010/0.0010/0.0010 | macro P/R/F1=0.0001/0.1111/0.0002 | weighted P/R/F1=0.0000/0.0010/0.0000
2026-08-14 15:58:01,030 - INFO - Luu out_1percent/confusion_matrix_cnn_task2.csv
2026-08-14 15:58:01,031 - INFO - Luu out_1percent/confusion_matrix_cnn_task2_normalized.csv
2026-08-14 15:58:08,410 - INFO - Luu out_1percent/classification_report_cnn_task2.txt
               precision    recall  f1-score   support

       Benign     0.0000    0.0000    0.0000  41700592
          DoS     0.0000    0.0000    0.0000    145129
       double     0.0000    0.0000    0.0000     12413
force-neutral     0.0000    0.0000    0.0000      5744
      fuzzing     0.0000    0.0000    0.0000     67321
     interval     0.0010    1.0000    0.0019     40542
          rpm     0.0000    0.0000    0.0000      5043
rpm-accessory     0.0000    0.0000    0.0000      3146
        speed     0.0000    0.0000    0.0000      7471

     accuracy                         0.0010  41987401
    macro avg     0.0001    0.1111    0.0002  41987401
 weighted avg     0.0000    0.0010    0.0000  41987401

2026-08-14 15:58:08,736 - INFO - Luu out_1percent/confusion_matrix_cnn_task2.png
2026-08-14 15:58:08,737 - INFO - fit progress: (25, 2.0320852725357677, {'accuracy': 0.0009655753639049962, 'micro_precision': 0.0009655753639049962, 'micro_recall': 0.0009655753639049962, 'micro_f1': 0.0009655753639049962, 'macro_precision': 0.00010728615154499957, 'macro_recall': 0.1111111111111111, 'macro_f1': 0.00021436531722081504, 'weighted_precision': 9.323357833802659e-07, 'weighted_recall': 0.0009655753639049962, 'weighted_f1': 1.862872822656886e-06}, 11313.638304164999)
2026-08-14 15:58:08,737 - INFO - configure_evaluate: no clients selected, skipping evaluation
2026-08-14 15:58:08,737 - INFO - 
2026-08-14 15:58:08,737 - INFO - [ROUND 26]
2026-08-14 15:58:08,738 - INFO - configure_fit: strategy sampled 70 clients (out of 70)
2026-08-14 15:58:09,836 - INFO - aggregate_fit: received 70 results and 0 failures
2026-08-14 15:58:09,938 - INFO - [Round 26] tong hop 70 controller (paper) | trong so 0.0009..0.1220 entropy=3.523 train_loss=2.2632
2026-08-14 15:58:09,942 - INFO - [Round 86] luu checkpoint -> out_1percent/checkpoints_cnn/round_086.pth
2026-08-14 16:05:37,898 - INFO - [Round 86] loss=1.9717 acc=0.0010 | micro P/R/F1=0.0010/0.0010/0.0010 | macro P/R/F1=0.0001/0.1111/0.0002 | weighted P/R/F1=0.0000/0.0010/0.0000
2026-08-14 16:05:37,900 - INFO - fit progress: (26, 1.971725058967271, {'accuracy': 0.0009655753639049962, 'micro_precision': 0.0009655753639049962, 'micro_recall': 0.0009655753639049962, 'micro_f1': 0.0009655753639049962, 'macro_precision': 0.00010728615154499957, 'macro_recall': 0.1111111111111111, 'macro_f1': 0.00021436531722081504, 'weighted_precision': 9.323357833802659e-07, 'weighted_recall': 0.0009655753639049962, 'weighted_f1': 1.862872822656886e-06}, 11762.800956674999)
2026-08-14 16:05:37,900 - INFO - configure_evaluate: no clients selected, skipping evaluation
2026-08-14 16:05:37,900 - INFO - 
2026-08-14 16:05:37,900 - INFO - [ROUND 27]
2026-08-14 16:05:37,901 - INFO - configure_fit: strategy sampled 70 clients (out of 70)
2026-08-14 16:05:39,005 - INFO - aggregate_fit: received 70 results and 0 failures
2026-08-14 16:05:39,110 - INFO - [Round 27] tong hop 70 controller (paper) | trong so 0.0009..0.1220 entropy=3.523 train_loss=2.2130
2026-08-14 16:05:39,114 - INFO - [Round 87] luu checkpoint -> out_1percent/checkpoints_cnn/round_087.pth
2026-08-14 16:13:06,251 - INFO - [Round 87] loss=1.9207 acc=0.0010 | micro P/R/F1=0.0010/0.0010/0.0010 | macro P/R/F1=0.0001/0.1111/0.0002 | weighted P/R/F1=0.0000/0.0010/0.0000
2026-08-14 16:13:06,252 - INFO - fit progress: (27, 1.920705381271002, {'accuracy': 0.0009655753639049962, 'micro_precision': 0.0009655753639049962, 'micro_recall': 0.0009655753639049962, 'micro_f1': 0.0009655753639049962, 'macro_precision': 0.00010728615154499957, 'macro_recall': 0.1111111111111111, 'macro_f1': 0.00021436531722081504, 'weighted_precision': 9.323357833802659e-07, 'weighted_recall': 0.0009655753639049962, 'weighted_f1': 1.862872822656886e-06}, 12211.153309757)
2026-08-14 16:13:06,252 - INFO - configure_evaluate: no clients selected, skipping evaluation
2026-08-14 16:13:06,252 - INFO - 
2026-08-14 16:13:06,253 - INFO - [ROUND 28]
2026-08-14 16:13:06,253 - INFO - configure_fit: strategy sampled 70 clients (out of 70)
2026-08-14 16:13:07,379 - INFO - aggregate_fit: received 70 results and 0 failures
2026-08-14 16:13:07,478 - INFO - [Round 28] tong hop 70 controller (paper) | trong so 0.0009..0.1220 entropy=3.523 train_loss=2.1750
2026-08-14 16:13:07,482 - INFO - [Round 88] luu checkpoint -> out_1percent/checkpoints_cnn/round_088.pth
2026-08-14 16:20:35,020 - INFO - [Round 88] loss=1.8976 acc=0.0010 | micro P/R/F1=0.0010/0.0010/0.0010 | macro P/R/F1=0.0001/0.1111/0.0002 | weighted P/R/F1=0.0000/0.0010/0.0000
2026-08-14 16:20:35,021 - INFO - fit progress: (28, 1.897585618218007, {'accuracy': 0.0009655753639049962, 'micro_precision': 0.0009655753639049962, 'micro_recall': 0.0009655753639049962, 'micro_f1': 0.0009655753639049962, 'macro_precision': 0.00010728615154499957, 'macro_recall': 0.1111111111111111, 'macro_f1': 0.00021436531722081504, 'weighted_precision': 9.323357833802659e-07, 'weighted_recall': 0.0009655753639049962, 'weighted_f1': 1.862872822656886e-06}, 12659.922188941999)
2026-08-14 16:20:35,021 - INFO - configure_evaluate: no clients selected, skipping evaluation
2026-08-14 16:20:35,021 - INFO - 
2026-08-14 16:20:35,021 - INFO - [ROUND 29]
2026-08-14 16:20:35,022 - INFO - configure_fit: strategy sampled 70 clients (out of 70)
2026-08-14 16:20:36,146 - INFO - aggregate_fit: received 70 results and 0 failures
2026-08-14 16:20:36,248 - INFO - [Round 29] tong hop 70 controller (paper) | trong so 0.0009..0.1220 entropy=3.523 train_loss=2.1297
2026-08-14 16:20:36,252 - INFO - [Round 89] luu checkpoint -> out_1percent/checkpoints_cnn/round_089.pth
2026-08-14 16:28:03,430 - INFO - [Round 89] loss=1.8752 acc=0.0010 | micro P/R/F1=0.0010/0.0010/0.0010 | macro P/R/F1=0.0001/0.1111/0.0002 | weighted P/R/F1=0.0000/0.0010/0.0000
2026-08-14 16:28:03,431 - INFO - fit progress: (29, 1.8751627731504654, {'accuracy': 0.0009655753639049962, 'micro_precision': 0.0009655753639049962, 'micro_recall': 0.0009655753639049962, 'micro_f1': 0.0009655753639049962, 'macro_precision': 0.00010728615154499957, 'macro_recall': 0.1111111111111111, 'macro_f1': 0.00021436531722081504, 'weighted_precision': 9.323357833802659e-07, 'weighted_recall': 0.0009655753639049962, 'weighted_f1': 1.862872822656886e-06}, 13108.332748382001)
2026-08-14 16:28:03,432 - INFO - configure_evaluate: no clients selected, skipping evaluation
2026-08-14 16:28:03,432 - INFO - 
2026-08-14 16:28:03,432 - INFO - [ROUND 30]
2026-08-14 16:28:03,432 - INFO - configure_fit: strategy sampled 70 clients (out of 70)
2026-08-14 16:28:04,610 - INFO - aggregate_fit: received 70 results and 0 failures
2026-08-14 16:28:04,710 - INFO - [Round 30] tong hop 70 controller (paper) | trong so 0.0009..0.1220 entropy=3.523 train_loss=2.0852
2026-08-14 16:28:04,714 - INFO - [Round 90] luu checkpoint -> out_1percent/checkpoints_cnn/round_090.pth
2026-08-14 16:35:31,114 - INFO - [Round 90] loss=1.8656 acc=0.0010 | micro P/R/F1=0.0010/0.0010/0.0010 | macro P/R/F1=0.0001/0.1111/0.0002 | weighted P/R/F1=0.0000/0.0010/0.0000
2026-08-14 16:35:33,838 - INFO - Luu out_1percent/confusion_matrix_cnn_task2.csv
2026-08-14 16:35:33,839 - INFO - Luu out_1percent/confusion_matrix_cnn_task2_normalized.csv
2026-08-14 16:35:41,199 - INFO - Luu out_1percent/classification_report_cnn_task2.txt
               precision    recall  f1-score   support

       Benign     0.0000    0.0000    0.0000  41700592
          DoS     0.0000    0.0000    0.0000    145129
       double     0.0000    0.0000    0.0000     12413
force-neutral     0.0000    0.0000    0.0000      5744
      fuzzing     0.0000    0.0000    0.0000     67321
     interval     0.0010    1.0000    0.0019     40542
          rpm     0.0000    0.0000    0.0000      5043
rpm-accessory     0.0000    0.0000    0.0000      3146
        speed     0.0000    0.0000    0.0000      7471

     accuracy                         0.0010  41987401
    macro avg     0.0001    0.1111    0.0002  41987401
 weighted avg     0.0000    0.0010    0.0000  41987401

2026-08-14 16:35:41,542 - INFO - Luu out_1percent/confusion_matrix_cnn_task2.png
2026-08-14 16:35:41,544 - INFO - fit progress: (30, 1.8656042629818186, {'accuracy': 0.0009655753639049962, 'micro_precision': 0.0009655753639049962, 'micro_recall': 0.0009655753639049962, 'micro_f1': 0.0009655753639049962, 'macro_precision': 0.00010728615154499957, 'macro_recall': 0.1111111111111111, 'macro_f1': 0.00021436531722081504, 'weighted_precision': 9.323357833802659e-07, 'weighted_recall': 0.0009655753639049962, 'weighted_f1': 1.862872822656886e-06}, 13566.444813785)
2026-08-14 16:35:41,544 - INFO - configure_evaluate: no clients selected, skipping evaluation
2026-08-14 16:35:41,544 - INFO - 
2026-08-14 16:35:41,544 - INFO - [SUMMARY]
2026-08-14 16:35:41,544 - INFO - Run finished 30 round(s) in 13566.45s
2026-08-14 16:35:41,548 - INFO - 	History (loss, centralized):
2026-08-14 16:35:41,548 - INFO - 		round 1: 3.9272256383150683
2026-08-14 16:35:41,549 - INFO - 		round 2: 3.8857429769257545
2026-08-14 16:35:41,549 - INFO - 		round 3: 3.834954162700364
2026-08-14 16:35:41,549 - INFO - 		round 4: 3.7710750952381913
2026-08-14 16:35:41,549 - INFO - 		round 5: 3.6917589490163176
2026-08-14 16:35:41,549 - INFO - 		round 6: 3.60968969670892
2026-08-14 16:35:41,549 - INFO - 		round 7: 3.5502881400934743
2026-08-14 16:35:41,549 - INFO - 		round 8: 3.4580932935032425
2026-08-14 16:35:41,549 - INFO - 		round 9: 3.3871982096462827
2026-08-14 16:35:41,549 - INFO - 		round 10: 3.298856854241088
2026-08-14 16:35:41,549 - INFO - 		round 11: 3.2391975800731267
2026-08-14 16:35:41,549 - INFO - 		round 12: 3.1336700617191373
2026-08-14 16:35:41,549 - INFO - 		round 13: 3.0477686232792993
2026-08-14 16:35:41,549 - INFO - 		round 14: 2.945281584057479
2026-08-14 16:35:41,549 - INFO - 		round 15: 2.851963842941975
2026-08-14 16:35:41,549 - INFO - 		round 16: 2.750655528475931
2026-08-14 16:35:41,550 - INFO - 		round 17: 2.6590920667766467
2026-08-14 16:35:41,550 - INFO - 		round 18: 2.554243516461487
2026-08-14 16:35:41,550 - INFO - 		round 19: 2.4802468227021417
2026-08-14 16:35:41,550 - INFO - 		round 20: 2.4033939389063317
2026-08-14 16:35:41,550 - INFO - 		round 21: 2.3404994517021116
2026-08-14 16:35:41,550 - INFO - 		round 22: 2.2732816366972126
2026-08-14 16:35:41,550 - INFO - 		round 23: 2.2029440959550475
2026-08-14 16:35:41,550 - INFO - 		round 24: 2.120731181138295
2026-08-14 16:35:41,550 - INFO - 		round 25: 2.0320852725357677
2026-08-14 16:35:41,550 - INFO - 		round 26: 1.971725058967271
2026-08-14 16:35:41,550 - INFO - 		round 27: 1.920705381271002
2026-08-14 16:35:41,550 - INFO - 		round 28: 1.897585618218007
2026-08-14 16:35:41,550 - INFO - 		round 29: 1.8751627731504654
2026-08-14 16:35:41,550 - INFO - 		round 30: 1.8656042629818186
2026-08-14 16:35:41,550 - INFO - 	History (metrics, distributed, fit):
2026-08-14 16:35:41,550 - INFO - 	{'num_clients': [(1, 70),
2026-08-14 16:35:41,550 - INFO - 	                 (2, 70),
2026-08-14 16:35:41,550 - INFO - 	                 (3, 70),
2026-08-14 16:35:41,550 - INFO - 	                 (4, 70),
2026-08-14 16:35:41,550 - INFO - 	                 (5, 70),
2026-08-14 16:35:41,551 - INFO - 	                 (6, 70),
2026-08-14 16:35:41,551 - INFO - 	                 (7, 70),
2026-08-14 16:35:41,551 - INFO - 	                 (8, 70),
2026-08-14 16:35:41,551 - INFO - 	                 (9, 70),
2026-08-14 16:35:41,551 - INFO - 	                 (10, 70),
2026-08-14 16:35:41,551 - INFO - 	                 (11, 70),
2026-08-14 16:35:41,551 - INFO - 	                 (12, 70),
2026-08-14 16:35:41,551 - INFO - 	                 (13, 70),
2026-08-14 16:35:41,551 - INFO - 	                 (14, 70),
2026-08-14 16:35:41,551 - INFO - 	                 (15, 70),
2026-08-14 16:35:41,551 - INFO - 	                 (16, 70),
2026-08-14 16:35:41,551 - INFO - 	                 (17, 70),
2026-08-14 16:35:41,551 - INFO - 	                 (18, 70),
2026-08-14 16:35:41,551 - INFO - 	                 (19, 70),
2026-08-14 16:35:41,551 - INFO - 	                 (20, 70),
2026-08-14 16:35:41,551 - INFO - 	                 (21, 70),
2026-08-14 16:35:41,551 - INFO - 	                 (22, 70),
2026-08-14 16:35:41,551 - INFO - 	                 (23, 70),
2026-08-14 16:35:41,551 - INFO - 	                 (24, 70),
2026-08-14 16:35:41,551 - INFO - 	                 (25, 70),
2026-08-14 16:35:41,551 - INFO - 	                 (26, 70),
2026-08-14 16:35:41,552 - INFO - 	                 (27, 70),
2026-08-14 16:35:41,552 - INFO - 	                 (28, 70),
2026-08-14 16:35:41,552 - INFO - 	                 (29, 70),
2026-08-14 16:35:41,552 - INFO - 	                 (30, 70)],
2026-08-14 16:35:41,552 - INFO - 	 'train_loss': [(1, 6.660688615452958),
2026-08-14 16:35:41,552 - INFO - 	                (2, 6.167997999538625),
2026-08-14 16:35:41,552 - INFO - 	                (3, 5.732948407803633),
2026-08-14 16:35:41,552 - INFO - 	                (4, 5.359189243911936),
2026-08-14 16:35:41,552 - INFO - 	                (5, 5.025220033087623),
2026-08-14 16:35:41,552 - INFO - 	                (6, 4.733517035276454),
2026-08-14 16:35:41,552 - INFO - 	                (7, 4.4517773145089246),
2026-08-14 16:35:41,552 - INFO - 	                (8, 4.198243744195084),
2026-08-14 16:35:41,552 - INFO - 	                (9, 3.956679504337787),
2026-08-14 16:35:41,552 - INFO - 	                (10, 3.7435306460037214),
2026-08-14 16:35:41,552 - INFO - 	                (11, 3.5529445428460904),
2026-08-14 16:35:41,552 - INFO - 	                (12, 3.3792102153031327),
2026-08-14 16:35:41,552 - INFO - 	                (13, 3.237424934984689),
2026-08-14 16:35:41,552 - INFO - 	                (14, 3.109283082037049),
2026-08-14 16:35:41,553 - INFO - 	                (15, 3.0048676196805344),
2026-08-14 16:35:41,553 - INFO - 	                (16, 2.9034440755150848),
2026-08-14 16:35:41,553 - INFO - 	                (17, 2.8131307161854275),
2026-08-14 16:35:41,553 - INFO - 	                (18, 2.735495784366203),
2026-08-14 16:35:41,553 - INFO - 	                (19, 2.6554530780333017),
2026-08-14 16:35:41,553 - INFO - 	                (20, 2.591039267860175),
2026-08-14 16:35:41,553 - INFO - 	                (21, 2.532725434148318),
2026-08-14 16:35:41,553 - INFO - 	                (22, 2.47881899425364),
2026-08-14 16:35:41,553 - INFO - 	                (23, 2.410521997073351),
2026-08-14 16:35:41,553 - INFO - 	                (24, 2.3579621053669624),
2026-08-14 16:35:41,553 - INFO - 	                (25, 2.306435294794685),
2026-08-14 16:35:41,553 - INFO - 	                (26, 2.2631944370493526),
2026-08-14 16:35:41,553 - INFO - 	                (27, 2.2130020397440173),
2026-08-14 16:35:41,553 - INFO - 	                (28, 2.174976998241474),
2026-08-14 16:35:41,553 - INFO - 	                (29, 2.12972702186452),
2026-08-14 16:35:41,553 - INFO - 	                (30, 2.085237591998858)],
2026-08-14 16:35:41,553 - INFO - 	 'weight_entropy': [(1, 3.522575253173165),
2026-08-14 16:35:41,553 - INFO - 	                    (2, 3.5225752531731653),
2026-08-14 16:35:41,554 - INFO - 	                    (3, 3.5225752531731658),
2026-08-14 16:35:41,554 - INFO - 	                    (4, 3.522575253173166),
2026-08-14 16:35:41,554 - INFO - 	                    (5, 3.522575253173166),
2026-08-14 16:35:41,554 - INFO - 	                    (6, 3.522575253173166),
2026-08-14 16:35:41,554 - INFO - 	                    (7, 3.5225752531731658),
2026-08-14 16:35:41,554 - INFO - 	                    (8, 3.5225752531731653),
2026-08-14 16:35:41,554 - INFO - 	                    (9, 3.5225752531731658),
2026-08-14 16:35:41,554 - INFO - 	                    (10, 3.5225752531731667),
2026-08-14 16:35:41,554 - INFO - 	                    (11, 3.5225752531731658),
2026-08-14 16:35:41,554 - INFO - 	                    (12, 3.5225752531731658),
2026-08-14 16:35:41,554 - INFO - 	                    (13, 3.522575253173166),
2026-08-14 16:35:41,554 - INFO - 	                    (14, 3.5225752531731653),
2026-08-14 16:35:41,554 - INFO - 	                    (15, 3.5225752531731658),
2026-08-14 16:35:41,554 - INFO - 	                    (16, 3.5225752531731658),
2026-08-14 16:35:41,554 - INFO - 	                    (17, 3.5225752531731644),
2026-08-14 16:35:41,555 - INFO - 	                    (18, 3.5225752531731658),
2026-08-14 16:35:41,555 - INFO - 	                    (19, 3.522575253173166),
2026-08-14 16:35:41,555 - INFO - 	                    (20, 3.522575253173166),
2026-08-14 16:35:41,555 - INFO - 	                    (21, 3.522575253173166),
2026-08-14 16:35:41,555 - INFO - 	                    (22, 3.522575253173165),
2026-08-14 16:35:41,555 - INFO - 	                    (23, 3.5225752531731653),
2026-08-14 16:35:41,555 - INFO - 	                    (24, 3.522575253173166),
2026-08-14 16:35:41,555 - INFO - 	                    (25, 3.5225752531731653),
2026-08-14 16:35:41,555 - INFO - 	                    (26, 3.5225752531731653),
2026-08-14 16:35:41,555 - INFO - 	                    (27, 3.5225752531731658),
2026-08-14 16:35:41,555 - INFO - 	                    (28, 3.522575253173166),
2026-08-14 16:35:41,555 - INFO - 	                    (29, 3.5225752531731653),
2026-08-14 16:35:41,555 - INFO - 	                    (30, 3.5225752531731653)],
2026-08-14 16:35:41,555 - INFO - 	 'weight_max': [(1, 0.12196929343760947),
2026-08-14 16:35:41,555 - INFO - 	                (2, 0.12196929343760947),
2026-08-14 16:35:41,555 - INFO - 	                (3, 0.12196929343760947),
2026-08-14 16:35:41,555 - INFO - 	                (4, 0.12196929343760947),
2026-08-14 16:35:41,555 - INFO - 	                (5, 0.12196929343760947),
2026-08-14 16:35:41,556 - INFO - 	                (6, 0.1219692934376095),
2026-08-14 16:35:41,556 - INFO - 	                (7, 0.12196929343760947),
2026-08-14 16:35:41,556 - INFO - 	                (8, 0.12196929343760944),
2026-08-14 16:35:41,556 - INFO - 	                (9, 0.12196929343760947),
2026-08-14 16:35:41,556 - INFO - 	                (10, 0.1219692934376095),
2026-08-14 16:35:41,556 - INFO - 	                (11, 0.12196929343760947),
2026-08-14 16:35:41,556 - INFO - 	                (12, 0.12196929343760947),
2026-08-14 16:35:41,556 - INFO - 	                (13, 0.12196929343760947),
2026-08-14 16:35:41,556 - INFO - 	                (14, 0.12196929343760947),
2026-08-14 16:35:41,556 - INFO - 	                (15, 0.12196929343760947),
2026-08-14 16:35:41,556 - INFO - 	                (16, 0.12196929343760947),
2026-08-14 16:35:41,556 - INFO - 	                (17, 0.12196929343760947),
2026-08-14 16:35:41,556 - INFO - 	                (18, 0.12196929343760947),
2026-08-14 16:35:41,556 - INFO - 	                (19, 0.12196929343760947),
2026-08-14 16:35:41,556 - INFO - 	                (20, 0.12196929343760947),
2026-08-14 16:35:41,556 - INFO - 	                (21, 0.12196929343760947),
2026-08-14 16:35:41,556 - INFO - 	                (22, 0.12196929343760944),
2026-08-14 16:35:41,557 - INFO - 	                (23, 0.12196929343760944),
2026-08-14 16:35:41,557 - INFO - 	                (24, 0.12196929343760947),
2026-08-14 16:35:41,557 - INFO - 	                (25, 0.12196929343760947),
2026-08-14 16:35:41,557 - INFO - 	                (26, 0.12196929343760944),
2026-08-14 16:35:41,557 - INFO - 	                (27, 0.12196929343760947),
2026-08-14 16:35:41,557 - INFO - 	                (28, 0.12196929343760947),
2026-08-14 16:35:41,557 - INFO - 	                (29, 0.12196929343760947),
2026-08-14 16:35:41,557 - INFO - 	                (30, 0.12196929343760947)],
2026-08-14 16:35:41,557 - INFO - 	 'weight_min': [(1, 0.0008583135461010928),
2026-08-14 16:35:41,557 - INFO - 	                (2, 0.0008583135461010928),
2026-08-14 16:35:41,557 - INFO - 	                (3, 0.0008583135461010928),
2026-08-14 16:35:41,557 - INFO - 	                (4, 0.0008583135461010928),
2026-08-14 16:35:41,557 - INFO - 	                (5, 0.0008583135461010928),
2026-08-14 16:35:41,557 - INFO - 	                (6, 0.000858313546101093),
2026-08-14 16:35:41,557 - INFO - 	                (7, 0.0008583135461010928),
2026-08-14 16:35:41,557 - INFO - 	                (8, 0.0008583135461010927),
2026-08-14 16:35:41,557 - INFO - 	                (9, 0.0008583135461010928),
2026-08-14 16:35:41,558 - INFO - 	                (10, 0.000858313546101093),
2026-08-14 16:35:41,558 - INFO - 	                (11, 0.0008583135461010928),
2026-08-14 16:35:41,558 - INFO - 	                (12, 0.0008583135461010928),
2026-08-14 16:35:41,558 - INFO - 	                (13, 0.0008583135461010928),
2026-08-14 16:35:41,558 - INFO - 	                (14, 0.0008583135461010928),
2026-08-14 16:35:41,558 - INFO - 	                (15, 0.0008583135461010928),
2026-08-14 16:35:41,558 - INFO - 	                (16, 0.0008583135461010928),
2026-08-14 16:35:41,558 - INFO - 	                (17, 0.0008583135461010928),
2026-08-14 16:35:41,558 - INFO - 	                (18, 0.0008583135461010928),
2026-08-14 16:35:41,558 - INFO - 	                (19, 0.0008583135461010928),
2026-08-14 16:35:41,558 - INFO - 	                (20, 0.0008583135461010928),
2026-08-14 16:35:41,558 - INFO - 	                (21, 0.0008583135461010928),
2026-08-14 16:35:41,558 - INFO - 	                (22, 0.0008583135461010926),
2026-08-14 16:35:41,558 - INFO - 	                (23, 0.0008583135461010927),
2026-08-14 16:35:41,558 - INFO - 	                (24, 0.0008583135461010928),
2026-08-14 16:35:41,558 - INFO - 	                (25, 0.0008583135461010928),
2026-08-14 16:35:41,558 - INFO - 	                (26, 0.0008583135461010927),
2026-08-14 16:35:41,558 - INFO - 	                (27, 0.0008583135461010928),
2026-08-14 16:35:41,559 - INFO - 	                (28, 0.0008583135461010928),
2026-08-14 16:35:41,559 - INFO - 	                (29, 0.0008583135461010928),
2026-08-14 16:35:41,559 - INFO - 	                (30, 0.0008583135461010928)]}
2026-08-14 16:35:41,559 - INFO - 	History (metrics, centralized):
2026-08-14 16:35:41,559 - INFO - 	{'accuracy': [(1, 0.0016033619227825032),
2026-08-14 16:35:41,559 - INFO - 	              (2, 0.0016033619227825032),
2026-08-14 16:35:41,559 - INFO - 	              (3, 0.0015947164722103185),
2026-08-14 16:35:41,559 - INFO - 	              (4, 0.001287410001871752),
2026-08-14 16:35:41,559 - INFO - 	              (5, 0.0008289391381952887),
2026-08-14 16:35:41,559 - INFO - 	              (6, 0.0013612416734248448),
2026-08-14 16:35:41,559 - INFO - 	              (7, 0.0012515897328343804),
2026-08-14 16:35:41,559 - INFO - 	              (8, 0.0010443132691161333),
2026-08-14 16:35:41,559 - INFO - 	              (9, 0.0009716724309751871),
2026-08-14 16:35:41,559 - INFO - 	              (10, 0.0009655753639049962),
2026-08-14 16:35:41,559 - INFO - 	              (11, 0.0009655753639049962),
2026-08-14 16:35:41,559 - INFO - 	              (12, 0.0009655753639049962),
2026-08-14 16:35:41,559 - INFO - 	              (13, 0.0009655753639049962),
2026-08-14 16:35:41,560 - INFO - 	              (14, 0.0009655753639049962),
2026-08-14 16:35:41,560 - INFO - 	              (15, 0.0009655753639049962),
2026-08-14 16:35:41,560 - INFO - 	              (16, 0.0009655753639049962),
2026-08-14 16:35:41,560 - INFO - 	              (17, 0.0009655753639049962),
2026-08-14 16:35:41,560 - INFO - 	              (18, 0.0009655753639049962),
2026-08-14 16:35:41,560 - INFO - 	              (19, 0.0009655753639049962),
2026-08-14 16:35:41,560 - INFO - 	              (20, 0.0009655753639049962),
2026-08-14 16:35:41,560 - INFO - 	              (21, 0.0009655753639049962),
2026-08-14 16:35:41,560 - INFO - 	              (22, 0.0009655753639049962),
2026-08-14 16:35:41,560 - INFO - 	              (23, 0.0009655753639049962),
2026-08-14 16:35:41,560 - INFO - 	              (24, 0.0009655753639049962),
2026-08-14 16:35:41,560 - INFO - 	              (25, 0.0009655753639049962),
2026-08-14 16:35:41,561 - INFO - 	              (26, 0.0009655753639049962),
2026-08-14 16:35:41,561 - INFO - 	              (27, 0.0009655753639049962),
2026-08-14 16:35:41,561 - INFO - 	              (28, 0.0009655753639049962),
2026-08-14 16:35:41,561 - INFO - 	              (29, 0.0009655753639049962),
2026-08-14 16:35:41,561 - INFO - 	              (30, 0.0009655753639049962)],
2026-08-14 16:35:41,561 - INFO - 	 'macro_f1': [(1, 0.0003557322819117012),
2026-08-14 16:35:41,561 - INFO - 	              (2, 0.0003557322819117012),
2026-08-14 16:35:41,561 - INFO - 	              (3, 0.0003640310874110878),
2026-08-14 16:35:41,561 - INFO - 	              (4, 0.0003267189621904383),
2026-08-14 16:35:41,561 - INFO - 	              (5, 0.00025047445155256876),
2026-08-14 16:35:41,561 - INFO - 	              (6, 0.0006339186476795056),
2026-08-14 16:35:41,561 - INFO - 	              (7, 0.0005293724215831995),
2026-08-14 16:35:41,561 - INFO - 	              (8, 0.0006824436836470446),
2026-08-14 16:35:41,561 - INFO - 	              (9, 0.0008137214452081669),
2026-08-14 16:35:41,561 - INFO - 	              (10, 0.00021436531722081504),
2026-08-14 16:35:41,562 - INFO - 	              (11, 0.00021436531722081504),
2026-08-14 16:35:41,562 - INFO - 	              (12, 0.00021436531722081504),
2026-08-14 16:35:41,562 - INFO - 	              (13, 0.00021436531722081504),
2026-08-14 16:35:41,562 - INFO - 	              (14, 0.00021436531722081504),
2026-08-14 16:35:41,562 - INFO - 	              (15, 0.00021436531722081504),
2026-08-14 16:35:41,562 - INFO - 	              (16, 0.00021436531722081504),
2026-08-14 16:35:41,562 - INFO - 	              (17, 0.00021436531722081504),
2026-08-14 16:35:41,562 - INFO - 	              (18, 0.00021436531722081504),
2026-08-14 16:35:41,562 - INFO - 	              (19, 0.00021436531722081504),
2026-08-14 16:35:41,562 - INFO - 	              (20, 0.00021436531722081504),
2026-08-14 16:35:41,562 - INFO - 	              (21, 0.00021436531722081504),
2026-08-14 16:35:41,562 - INFO - 	              (22, 0.00021436531722081504),
2026-08-14 16:35:41,562 - INFO - 	              (23, 0.00021436531722081504),
2026-08-14 16:35:41,562 - INFO - 	              (24, 0.00021436531722081504),
2026-08-14 16:35:41,562 - INFO - 	              (25, 0.00021436531722081504),
2026-08-14 16:35:41,562 - INFO - 	              (26, 0.00021436531722081504),
2026-08-14 16:35:41,562 - INFO - 	              (27, 0.00021436531722081504),
2026-08-14 16:35:41,562 - INFO - 	              (28, 0.00021436531722081504),
2026-08-14 16:35:41,563 - INFO - 	              (29, 0.00021436531722081504),
2026-08-14 16:35:41,563 - INFO - 	              (30, 0.00021436531722081504)],
2026-08-14 16:35:41,563 - INFO - 	 'macro_precision': [(1, 0.00017815132475361146),
2026-08-14 16:35:41,563 - INFO - 	                     (2, 0.00017815132475361146),
2026-08-14 16:35:41,563 - INFO - 	                     (3, 0.00018231582164789063),
2026-08-14 16:35:41,563 - INFO - 	                     (4, 0.0001636591501051206),
2026-08-14 16:35:41,563 - INFO - 	                     (5, 0.00012551087450129975),
2026-08-14 16:35:41,563 - INFO - 	                     (6, 0.0003177413239522395),
2026-08-14 16:35:41,563 - INFO - 	                     (7, 0.00026559319624201326),
2026-08-14 16:35:41,563 - INFO - 	                     (8, 0.00035145403332919825),
2026-08-14 16:35:41,563 - INFO - 	                     (9, 0.0011372808910297587),
2026-08-14 16:35:41,563 - INFO - 	                     (10, 0.00010728615154499957),
2026-08-14 16:35:41,563 - INFO - 	                     (11, 0.00010728615154499957),
2026-08-14 16:35:41,563 - INFO - 	                     (12, 0.00010728615154499957),
2026-08-14 16:35:41,563 - INFO - 	                     (13, 0.00010728615154499957),
2026-08-14 16:35:41,563 - INFO - 	                     (14, 0.00010728615154499957),
2026-08-14 16:35:41,563 - INFO - 	                     (15, 0.00010728615154499957),
2026-08-14 16:35:41,563 - INFO - 	                     (16, 0.00010728615154499957),
2026-08-14 16:35:41,564 - INFO - 	                     (17, 0.00010728615154499957),
2026-08-14 16:35:41,564 - INFO - 	                     (18, 0.00010728615154499957),
2026-08-14 16:35:41,564 - INFO - 	                     (19, 0.00010728615154499957),
2026-08-14 16:35:41,564 - INFO - 	                     (20, 0.00010728615154499957),
2026-08-14 16:35:41,564 - INFO - 	                     (21, 0.00010728615154499957),
2026-08-14 16:35:41,564 - INFO - 	                     (22, 0.00010728615154499957),
2026-08-14 16:35:41,564 - INFO - 	                     (23, 0.00010728615154499957),
2026-08-14 16:35:41,564 - INFO - 	                     (24, 0.00010728615154499957),
2026-08-14 16:35:41,564 - INFO - 	                     (25, 0.00010728615154499957),
2026-08-14 16:35:41,564 - INFO - 	                     (26, 0.00010728615154499957),
2026-08-14 16:35:41,564 - INFO - 	                     (27, 0.00010728615154499957),
2026-08-14 16:35:41,564 - INFO - 	                     (28, 0.00010728615154499957),
2026-08-14 16:35:41,564 - INFO - 	                     (29, 0.00010728615154499957),
2026-08-14 16:35:41,564 - INFO - 	                     (30, 0.00010728615154499957)],
2026-08-14 16:35:41,564 - INFO - 	 'macro_recall': [(1, 0.1111111111111111),
2026-08-14 16:35:41,564 - INFO - 	                  (2, 0.1111111111111111),
2026-08-14 16:35:41,564 - INFO - 	                  (3, 0.11051199147038485),
2026-08-14 16:35:41,565 - INFO - 	                  (4, 0.0892160115136601),
2026-08-14 16:35:41,565 - INFO - 	                  (5, 0.05747504030747806),
2026-08-14 16:35:41,565 - INFO - 	                  (6, 0.12970208975378794),
2026-08-14 16:35:41,565 - INFO - 	                  (7, 0.13093157327497282),
2026-08-14 16:35:41,565 - INFO - 	                  (8, 0.11656755610351072),
2026-08-14 16:35:41,565 - INFO - 	                  (9, 0.11153363074754617),
2026-08-14 16:35:41,565 - INFO - 	                  (10, 0.1111111111111111),
2026-08-14 16:35:41,565 - INFO - 	                  (11, 0.1111111111111111),
2026-08-14 16:35:41,565 - INFO - 	                  (12, 0.1111111111111111),
2026-08-14 16:35:41,565 - INFO - 	                  (13, 0.1111111111111111),
2026-08-14 16:35:41,565 - INFO - 	                  (14, 0.1111111111111111),
2026-08-14 16:35:41,565 - INFO - 	                  (15, 0.1111111111111111),
2026-08-14 16:35:41,565 - INFO - 	                  (16, 0.1111111111111111),
2026-08-14 16:35:41,565 - INFO - 	                  (17, 0.1111111111111111),
2026-08-14 16:35:41,565 - INFO - 	                  (18, 0.1111111111111111),
2026-08-14 16:35:41,565 - INFO - 	                  (19, 0.1111111111111111),
2026-08-14 16:35:41,565 - INFO - 	                  (20, 0.1111111111111111),
2026-08-14 16:35:41,565 - INFO - 	                  (21, 0.1111111111111111),
2026-08-14 16:35:41,566 - INFO - 	                  (22, 0.1111111111111111),
2026-08-14 16:35:41,566 - INFO - 	                  (23, 0.1111111111111111),
2026-08-14 16:35:41,566 - INFO - 	                  (24, 0.1111111111111111),
2026-08-14 16:35:41,566 - INFO - 	                  (25, 0.1111111111111111),
2026-08-14 16:35:41,566 - INFO - 	                  (26, 0.1111111111111111),
2026-08-14 16:35:41,566 - INFO - 	                  (27, 0.1111111111111111),
2026-08-14 16:35:41,566 - INFO - 	                  (28, 0.1111111111111111),
2026-08-14 16:35:41,566 - INFO - 	                  (29, 0.1111111111111111),
2026-08-14 16:35:41,566 - INFO - 	                  (30, 0.1111111111111111)],
2026-08-14 16:35:41,566 - INFO - 	 'micro_f1': [(1, 0.0016033619227825032),
2026-08-14 16:35:41,566 - INFO - 	              (2, 0.0016033619227825032),
2026-08-14 16:35:41,566 - INFO - 	              (3, 0.0015947164722103185),
2026-08-14 16:35:41,566 - INFO - 	              (4, 0.001287410001871752),
2026-08-14 16:35:41,566 - INFO - 	              (5, 0.0008289391381952887),
2026-08-14 16:35:41,566 - INFO - 	              (6, 0.0013612416734248448),
2026-08-14 16:35:41,566 - INFO - 	              (7, 0.0012515897328343804),
2026-08-14 16:35:41,566 - INFO - 	              (8, 0.0010443132691161333),
2026-08-14 16:35:41,566 - INFO - 	              (9, 0.0009716724309751871),
2026-08-14 16:35:41,567 - INFO - 	              (10, 0.0009655753639049962),
2026-08-14 16:35:41,567 - INFO - 	              (11, 0.0009655753639049962),
2026-08-14 16:35:41,567 - INFO - 	              (12, 0.0009655753639049962),
2026-08-14 16:35:41,567 - INFO - 	              (13, 0.0009655753639049962),
2026-08-14 16:35:41,567 - INFO - 	              (14, 0.0009655753639049962),
2026-08-14 16:35:41,567 - INFO - 	              (15, 0.0009655753639049962),
2026-08-14 16:35:41,567 - INFO - 	              (16, 0.0009655753639049962),
2026-08-14 16:35:41,567 - INFO - 	              (17, 0.0009655753639049962),
2026-08-14 16:35:41,567 - INFO - 	              (18, 0.0009655753639049962),
2026-08-14 16:35:41,567 - INFO - 	              (19, 0.0009655753639049962),
2026-08-14 16:35:41,567 - INFO - 	              (20, 0.0009655753639049962),
2026-08-14 16:35:41,567 - INFO - 	              (21, 0.0009655753639049962),
2026-08-14 16:35:41,567 - INFO - 	              (22, 0.0009655753639049962),
2026-08-14 16:35:41,567 - INFO - 	              (23, 0.0009655753639049962),
2026-08-14 16:35:41,567 - INFO - 	              (24, 0.0009655753639049962),
2026-08-14 16:35:41,567 - INFO - 	              (25, 0.0009655753639049962),
2026-08-14 16:35:41,567 - INFO - 	              (26, 0.0009655753639049962),
2026-08-14 16:35:41,568 - INFO - 	              (27, 0.0009655753639049962),
2026-08-14 16:35:41,568 - INFO - 	              (28, 0.0009655753639049962),
2026-08-14 16:35:41,568 - INFO - 	              (29, 0.0009655753639049962),
2026-08-14 16:35:41,568 - INFO - 	              (30, 0.0009655753639049962)],
2026-08-14 16:35:41,568 - INFO - 	 'micro_precision': [(1, 0.0016033619227825032),
2026-08-14 16:35:41,568 - INFO - 	                     (2, 0.0016033619227825032),
2026-08-14 16:35:41,568 - INFO - 	                     (3, 0.0015947164722103185),
2026-08-14 16:35:41,568 - INFO - 	                     (4, 0.001287410001871752),
2026-08-14 16:35:41,568 - INFO - 	                     (5, 0.0008289391381952887),
2026-08-14 16:35:41,568 - INFO - 	                     (6, 0.0013612416734248448),
2026-08-14 16:35:41,568 - INFO - 	                     (7, 0.0012515897328343804),
2026-08-14 16:35:41,568 - INFO - 	                     (8, 0.0010443132691161333),
2026-08-14 16:35:41,568 - INFO - 	                     (9, 0.0009716724309751871),
2026-08-14 16:35:41,568 - INFO - 	                     (10, 0.0009655753639049962),
2026-08-14 16:35:41,568 - INFO - 	                     (11, 0.0009655753639049962),
2026-08-14 16:35:41,568 - INFO - 	                     (12, 0.0009655753639049962),
2026-08-14 16:35:41,568 - INFO - 	                     (13, 0.0009655753639049962),
2026-08-14 16:35:41,568 - INFO - 	                     (14, 0.0009655753639049962),
2026-08-14 16:35:41,568 - INFO - 	                     (15, 0.0009655753639049962),
2026-08-14 16:35:41,568 - INFO - 	                     (16, 0.0009655753639049962),
2026-08-14 16:35:41,569 - INFO - 	                     (17, 0.0009655753639049962),
2026-08-14 16:35:41,569 - INFO - 	                     (18, 0.0009655753639049962),
2026-08-14 16:35:41,569 - INFO - 	                     (19, 0.0009655753639049962),
2026-08-14 16:35:41,569 - INFO - 	                     (20, 0.0009655753639049962),
2026-08-14 16:35:41,569 - INFO - 	                     (21, 0.0009655753639049962),
2026-08-14 16:35:41,569 - INFO - 	                     (22, 0.0009655753639049962),
2026-08-14 16:35:41,569 - INFO - 	                     (23, 0.0009655753639049962),
2026-08-14 16:35:41,569 - INFO - 	                     (24, 0.0009655753639049962),
2026-08-14 16:35:41,569 - INFO - 	                     (25, 0.0009655753639049962),
2026-08-14 16:35:41,569 - INFO - 	                     (26, 0.0009655753639049962),
2026-08-14 16:35:41,569 - INFO - 	                     (27, 0.0009655753639049962),
2026-08-14 16:35:41,569 - INFO - 	                     (28, 0.0009655753639049962),
2026-08-14 16:35:41,569 - INFO - 	                     (29, 0.0009655753639049962),
2026-08-14 16:35:41,569 - INFO - 	                     (30, 0.0009655753639049962)],
2026-08-14 16:35:41,569 - INFO - 	 'micro_recall': [(1, 0.0016033619227825032),
2026-08-14 16:35:41,569 - INFO - 	                  (2, 0.0016033619227825032),
2026-08-14 16:35:41,569 - INFO - 	                  (3, 0.0015947164722103185),
2026-08-14 16:35:41,569 - INFO - 	                  (4, 0.001287410001871752),
2026-08-14 16:35:41,569 - INFO - 	                  (5, 0.0008289391381952887),
2026-08-14 16:35:41,570 - INFO - 	                  (6, 0.0013612416734248448),
2026-08-14 16:35:41,570 - INFO - 	                  (7, 0.0012515897328343804),
2026-08-14 16:35:41,570 - INFO - 	                  (8, 0.0010443132691161333),
2026-08-14 16:35:41,570 - INFO - 	                  (9, 0.0009716724309751871),
2026-08-14 16:35:41,570 - INFO - 	                  (10, 0.0009655753639049962),
2026-08-14 16:35:41,570 - INFO - 	                  (11, 0.0009655753639049962),
2026-08-14 16:35:41,570 - INFO - 	                  (12, 0.0009655753639049962),
2026-08-14 16:35:41,570 - INFO - 	                  (13, 0.0009655753639049962),
2026-08-14 16:35:41,570 - INFO - 	                  (14, 0.0009655753639049962),
2026-08-14 16:35:41,570 - INFO - 	                  (15, 0.0009655753639049962),
2026-08-14 16:35:41,570 - INFO - 	                  (16, 0.0009655753639049962),
2026-08-14 16:35:41,570 - INFO - 	                  (17, 0.0009655753639049962),
2026-08-14 16:35:41,570 - INFO - 	                  (18, 0.0009655753639049962),
2026-08-14 16:35:41,570 - INFO - 	                  (19, 0.0009655753639049962),
2026-08-14 16:35:41,570 - INFO - 	                  (20, 0.0009655753639049962),
2026-08-14 16:35:41,570 - INFO - 	                  (21, 0.0009655753639049962),
2026-08-14 16:35:41,570 - INFO - 	                  (22, 0.0009655753639049962),
2026-08-14 16:35:41,570 - INFO - 	                  (23, 0.0009655753639049962),
2026-08-14 16:35:41,570 - INFO - 	                  (24, 0.0009655753639049962),
2026-08-14 16:35:41,570 - INFO - 	                  (25, 0.0009655753639049962),
2026-08-14 16:35:41,570 - INFO - 	                  (26, 0.0009655753639049962),
2026-08-14 16:35:41,570 - INFO - 	                  (27, 0.0009655753639049962),
2026-08-14 16:35:41,571 - INFO - 	                  (28, 0.0009655753639049962),
2026-08-14 16:35:41,571 - INFO - 	                  (29, 0.0009655753639049962),
2026-08-14 16:35:41,571 - INFO - 	                  (30, 0.0009655753639049962)],
2026-08-14 16:35:41,571 - INFO - 	 'weighted_f1': [(1, 5.133308359695775e-06),
2026-08-14 16:35:41,571 - INFO - 	                 (2, 5.133308359695775e-06),
2026-08-14 16:35:41,571 - INFO - 	                 (3, 5.2530622583764255e-06),
2026-08-14 16:35:41,571 - INFO - 	                 (4, 4.714638690844486e-06),
2026-08-14 16:35:41,571 - INFO - 	                 (5, 3.6112139083537467e-06),
2026-08-14 16:35:41,571 - INFO - 	                 (6, 6.7953286877307975e-06),
2026-08-14 16:35:41,571 - INFO - 	                 (7, 5.962764160451338e-06),
2026-08-14 16:35:41,571 - INFO - 	                 (8, 8.570881952679725e-06),
2026-08-14 16:35:41,571 - INFO - 	                 (9, 1.0510926848674076e-05),
2026-08-14 16:35:41,571 - INFO - 	                 (10, 1.862872822656886e-06),
2026-08-14 16:35:41,571 - INFO - 	                 (11, 1.862872822656886e-06),
2026-08-14 16:35:41,571 - INFO - 	                 (12, 1.862872822656886e-06),
2026-08-14 16:35:41,571 - INFO - 	                 (13, 1.862872822656886e-06),
2026-08-14 16:35:41,571 - INFO - 	                 (14, 1.862872822656886e-06),
2026-08-14 16:35:41,571 - INFO - 	                 (15, 1.862872822656886e-06),
2026-08-14 16:35:41,571 - INFO - 	                 (16, 1.862872822656886e-06),
2026-08-14 16:35:41,571 - INFO - 	                 (17, 1.862872822656886e-06),
2026-08-14 16:35:41,571 - INFO - 	                 (18, 1.862872822656886e-06),
2026-08-14 16:35:41,571 - INFO - 	                 (19, 1.862872822656886e-06),
2026-08-14 16:35:41,571 - INFO - 	                 (20, 1.862872822656886e-06),
2026-08-14 16:35:41,571 - INFO - 	                 (21, 1.862872822656886e-06),
2026-08-14 16:35:41,571 - INFO - 	                 (22, 1.862872822656886e-06),
2026-08-14 16:35:41,572 - INFO - 	                 (23, 1.862872822656886e-06),
2026-08-14 16:35:41,572 - INFO - 	                 (24, 1.862872822656886e-06),
2026-08-14 16:35:41,572 - INFO - 	                 (25, 1.862872822656886e-06),
2026-08-14 16:35:41,572 - INFO - 	                 (26, 1.862872822656886e-06),
2026-08-14 16:35:41,572 - INFO - 	                 (27, 1.862872822656886e-06),
2026-08-14 16:35:41,572 - INFO - 	                 (28, 1.862872822656886e-06),
2026-08-14 16:35:41,572 - INFO - 	                 (29, 1.862872822656886e-06),
2026-08-14 16:35:41,572 - INFO - 	                 (30, 1.862872822656886e-06)],
2026-08-14 16:35:41,572 - INFO - 	 'weighted_precision': [(1, 2.570769455428806e-06),
2026-08-14 16:35:41,572 - INFO - 	                        (2, 2.570769455428806e-06),
2026-08-14 16:35:41,572 - INFO - 	                        (3, 2.6308642171593046e-06),
2026-08-14 16:35:41,572 - INFO - 	                        (4, 2.3616436463414687e-06),
2026-08-14 16:35:41,572 - INFO - 	                        (5, 1.8095499540923826e-06),
2026-08-14 16:35:41,572 - INFO - 	                        (6, 3.40623226999163e-06),
2026-08-14 16:35:41,572 - INFO - 	                        (7, 2.993367316243525e-06),
2026-08-14 16:35:41,572 - INFO - 	                        (8, 4.4324543218676295e-06),
2026-08-14 16:35:41,572 - INFO - 	                        (9, 1.5795019555989295e-05),
2026-08-14 16:35:41,572 - INFO - 	                        (10, 9.323357833802659e-07),
2026-08-14 16:35:41,572 - INFO - 	                        (11, 9.323357833802659e-07),
2026-08-14 16:35:41,572 - INFO - 	                        (12, 9.323357833802659e-07),
2026-08-14 16:35:41,572 - INFO - 	                        (13, 9.323357833802659e-07),
2026-08-14 16:35:41,572 - INFO - 	                        (14, 9.323357833802659e-07),
2026-08-14 16:35:41,572 - INFO - 	                        (15, 9.323357833802659e-07),
2026-08-14 16:35:41,572 - INFO - 	                        (16, 9.323357833802659e-07),
2026-08-14 16:35:41,572 - INFO - 	                        (17, 9.323357833802659e-07),
2026-08-14 16:35:41,572 - INFO - 	                        (18, 9.323357833802659e-07),
2026-08-14 16:35:41,572 - INFO - 	                        (19, 9.323357833802659e-07),
2026-08-14 16:35:41,572 - INFO - 	                        (20, 9.323357833802659e-07),
2026-08-14 16:35:41,572 - INFO - 	                        (21, 9.323357833802659e-07),
2026-08-14 16:35:41,573 - INFO - 	                        (22, 9.323357833802659e-07),
2026-08-14 16:35:41,573 - INFO - 	                        (23, 9.323357833802659e-07),
2026-08-14 16:35:41,573 - INFO - 	                        (24, 9.323357833802659e-07),
2026-08-14 16:35:41,573 - INFO - 	                        (25, 9.323357833802659e-07),
2026-08-14 16:35:41,573 - INFO - 	                        (26, 9.323357833802659e-07),
2026-08-14 16:35:41,573 - INFO - 	                        (27, 9.323357833802659e-07),
2026-08-14 16:35:41,573 - INFO - 	                        (28, 9.323357833802659e-07),
2026-08-14 16:35:41,573 - INFO - 	                        (29, 9.323357833802659e-07),
2026-08-14 16:35:41,573 - INFO - 	                        (30, 9.323357833802659e-07)],
2026-08-14 16:35:41,573 - INFO - 	 'weighted_recall': [(1, 0.0016033619227825032),
2026-08-14 16:35:41,573 - INFO - 	                     (2, 0.0016033619227825032),
2026-08-14 16:35:41,573 - INFO - 	                     (3, 0.0015947164722103185),
2026-08-14 16:35:41,573 - INFO - 	                     (4, 0.001287410001871752),
2026-08-14 16:35:41,573 - INFO - 	                     (5, 0.0008289391381952887),
2026-08-14 16:35:41,573 - INFO - 	                     (6, 0.0013612416734248448),
2026-08-14 16:35:41,573 - INFO - 	                     (7, 0.0012515897328343804),
2026-08-14 16:35:41,573 - INFO - 	                     (8, 0.0010443132691161333),
2026-08-14 16:35:41,573 - INFO - 	                     (9, 0.0009716724309751871),
2026-08-14 16:35:41,573 - INFO - 	                     (10, 0.0009655753639049962),
2026-08-14 16:35:41,573 - INFO - 	                     (11, 0.0009655753639049962),
2026-08-14 16:35:41,573 - INFO - 	                     (12, 0.0009655753639049962),
2026-08-14 16:35:41,573 - INFO - 	                     (13, 0.0009655753639049962),
2026-08-14 16:35:41,573 - INFO - 	                     (14, 0.0009655753639049962),
2026-08-14 16:35:41,573 - INFO - 	                     (15, 0.0009655753639049962),
2026-08-14 16:35:41,573 - INFO - 	                     (16, 0.0009655753639049962),
2026-08-14 16:35:41,573 - INFO - 	                     (17, 0.0009655753639049962),
2026-08-14 16:35:41,573 - INFO - 	                     (18, 0.0009655753639049962),
2026-08-14 16:35:41,573 - INFO - 	                     (19, 0.0009655753639049962),
2026-08-14 16:35:41,574 - INFO - 	                     (20, 0.0009655753639049962),
2026-08-14 16:35:41,574 - INFO - 	                     (21, 0.0009655753639049962),
2026-08-14 16:35:41,574 - INFO - 	                     (22, 0.0009655753639049962),
2026-08-14 16:35:41,574 - INFO - 	                     (23, 0.0009655753639049962),
2026-08-14 16:35:41,574 - INFO - 	                     (24, 0.0009655753639049962),
2026-08-14 16:35:41,574 - INFO - 	                     (25, 0.0009655753639049962),
2026-08-14 16:35:41,574 - INFO - 	                     (26, 0.0009655753639049962),
2026-08-14 16:35:41,574 - INFO - 	                     (27, 0.0009655753639049962),
2026-08-14 16:35:41,574 - INFO - 	                     (28, 0.0009655753639049962),
2026-08-14 16:35:41,574 - INFO - 	                     (29, 0.0009655753639049962),
2026-08-14 16:35:41,574 - INFO - 	                     (30, 0.0009655753639049962)]}
2026-08-14 16:35:41,574 - INFO - 
2026-08-14 16:35:41,578 - INFO - Nap global test: /kaggle/input/datasets/tongxuanvu/100clientiov/global_test_data.pt
2026-08-14 16:35:43,464 - INFO - Global test goc: n=42048683
2026-08-14 16:35:45,248 - INFO - Task 3: loc ve lop 0-10 -> n=41995397
2026-08-14 16:35:45,248 - INFO - Danh gia moi round tren n=41995397 mau (dtype=float16)
2026-08-14 16:35:45,258 - INFO - ===== Task 3: 80 client, 30 round =====
2026-08-14 16:35:45,259 - WARNING - DEPRECATED FEATURE: flwr.simulation.start_simulation() is deprecated.
	Instead, use the `flwr run` CLI command to start a local simulation in your Flower app, as shown for example below:

		$ flwr new  # Create a new Flower app from a template

		$ flwr run  # Run the Flower app in Simulation Mode

	Using `start_simulation()` is deprecated.

            This is a deprecated feature. It will be removed
            entirely in future versions of Flower.
        
2026-08-14 16:35:45,259 - INFO - Starting Flower simulation, config: num_rounds=30, no round_timeout
2026-08-14 16:35:55,254 - INFO - Flower VCE: Ray initialized with resources: {'node:172.19.2.2': 1.0, 'GPU': 2.0, 'object_store_memory': 8288230195.0, 'accelerator_type:T4': 1.0, 'node:__internal_head__': 1.0, 'CPU': 4.0, 'memory': 19339203789.0}
2026-08-14 16:35:55,254 - INFO - Optimize your simulation with Flower VCE: https://flower.ai/docs/framework/how-to-run-simulations.html
2026-08-14 16:35:55,254 - INFO - Flower VCE: Resources for each Virtual Client: {'num_cpus': 1.0, 'num_gpus': 0.5}
2026-08-14 16:35:55,274 - INFO - Flower VCE: Creating VirtualClientEngineActorPool with 4 actors
2026-08-14 16:35:55,276 - INFO - [INIT]
2026-08-14 16:35:55,276 - INFO - Using initial global parameters provided by strategy
2026-08-14 16:35:55,276 - INFO - Starting evaluation of initial global parameters
2026-08-14 16:35:55,280 - INFO - Evaluation returned no results (`None`)
2026-08-14 16:35:55,280 - INFO - 
2026-08-14 16:35:55,280 - INFO - [ROUND 1]
2026-08-14 16:35:55,281 - INFO - configure_fit: strategy sampled 80 clients (out of 80)
2026-08-14 16:36:12,353 - INFO - aggregate_fit: received 80 results and 0 failures
2026-08-14 16:36:12,490 - INFO - [Round 1] tong hop 80 controller (paper) | trong so 0.0007..0.1063 entropy=3.686 train_loss=5.3394
2026-08-14 16:36:12,494 - INFO - [Round 91] luu checkpoint -> out_1percent/checkpoints_cnn/round_091.pth
2026-08-14 16:43:42,673 - INFO - [Round 91] loss=1.9111 acc=0.0010 | micro P/R/F1=0.0010/0.0010/0.0010 | macro P/R/F1=0.0001/0.0909/0.0002 | weighted P/R/F1=0.0000/0.0010/0.0000
2026-08-14 16:43:42,674 - INFO - fit progress: (1, 1.9111189634802515, {'accuracy': 0.0009653915165988311, 'micro_precision': 0.0009653915165988311, 'micro_recall': 0.0009653915165988311, 'micro_f1': 0.0009653915165988311, 'macro_precision': 8.776286514534828e-05, 'macro_recall': 0.09090909090909091, 'macro_f1': 0.00017535644266856336, 'weighted_precision': 9.319807803209912e-07, 'weighted_recall': 0.0009653915165988311, 'weighted_f1': 1.8621638434649842e-06}, 467.39398598299886)
2026-08-14 16:43:42,675 - INFO - configure_evaluate: no clients selected, skipping evaluation
2026-08-14 16:43:42,675 - INFO - 
2026-08-14 16:43:42,675 - INFO - [ROUND 2]
2026-08-14 16:43:42,675 - INFO - configure_fit: strategy sampled 80 clients (out of 80)
2026-08-14 16:43:43,948 - INFO - aggregate_fit: received 80 results and 0 failures
2026-08-14 16:43:44,078 - INFO - [Round 2] tong hop 80 controller (paper) | trong so 0.0007..0.1063 entropy=3.686 train_loss=5.1296
2026-08-14 16:43:44,083 - INFO - [Round 92] luu checkpoint -> out_1percent/checkpoints_cnn/round_092.pth
2026-08-14 16:51:15,345 - INFO - [Round 92] loss=1.9540 acc=0.0010 | micro P/R/F1=0.0010/0.0010/0.0010 | macro P/R/F1=0.0001/0.0909/0.0002 | weighted P/R/F1=0.0000/0.0010/0.0000
2026-08-14 16:51:15,347 - INFO - fit progress: (2, 1.954032571120668, {'accuracy': 0.0009653915165988311, 'micro_precision': 0.0009653915165988311, 'micro_recall': 0.0009653915165988311, 'micro_f1': 0.0009653915165988311, 'macro_precision': 8.776286514534828e-05, 'macro_recall': 0.09090909090909091, 'macro_f1': 0.00017535644266856336, 'weighted_precision': 9.319807803209912e-07, 'weighted_recall': 0.0009653915165988311, 'weighted_f1': 1.8621638434649842e-06}, 920.0661258500004)
2026-08-14 16:51:15,347 - INFO - configure_evaluate: no clients selected, skipping evaluation
2026-08-14 16:51:15,347 - INFO - 
2026-08-14 16:51:15,347 - INFO - [ROUND 3]
2026-08-14 16:51:15,347 - INFO - configure_fit: strategy sampled 80 clients (out of 80)
2026-08-14 16:51:16,518 - INFO - aggregate_fit: received 80 results and 0 failures
2026-08-14 16:51:16,630 - INFO - [Round 3] tong hop 80 controller (paper) | trong so 0.0007..0.1063 entropy=3.686 train_loss=4.9150
2026-08-14 16:51:16,634 - INFO - [Round 93] luu checkpoint -> out_1percent/checkpoints_cnn/round_093.pth
2026-08-14 16:58:46,689 - INFO - [Round 93] loss=1.9962 acc=0.0010 | micro P/R/F1=0.0010/0.0010/0.0010 | macro P/R/F1=0.0001/0.0909/0.0002 | weighted P/R/F1=0.0000/0.0010/0.0000
2026-08-14 16:58:46,690 - INFO - fit progress: (3, 1.9961857936283, {'accuracy': 0.0009653915165988311, 'micro_precision': 0.0009653915165988311, 'micro_recall': 0.0009653915165988311, 'micro_f1': 0.0009653915165988311, 'macro_precision': 8.776286514534828e-05, 'macro_recall': 0.09090909090909091, 'macro_f1': 0.00017535644266856336, 'weighted_precision': 9.319807803209912e-07, 'weighted_recall': 0.0009653915165988311, 'weighted_f1': 1.8621638434649842e-06}, 1371.4096363460012)
2026-08-14 16:58:46,690 - INFO - configure_evaluate: no clients selected, skipping evaluation
2026-08-14 16:58:46,690 - INFO - 
2026-08-14 16:58:46,690 - INFO - [ROUND 4]
2026-08-14 16:58:46,691 - INFO - configure_fit: strategy sampled 80 clients (out of 80)
2026-08-14 16:58:47,838 - INFO - aggregate_fit: received 80 results and 0 failures
2026-08-14 16:58:47,954 - INFO - [Round 4] tong hop 80 controller (paper) | trong so 0.0007..0.1063 entropy=3.686 train_loss=4.7335
2026-08-14 16:58:47,959 - INFO - [Round 94] luu checkpoint -> out_1percent/checkpoints_cnn/round_094.pth
2026-08-14 17:06:18,146 - INFO - [Round 94] loss=2.0506 acc=0.0010 | micro P/R/F1=0.0010/0.0010/0.0010 | macro P/R/F1=0.0001/0.0909/0.0002 | weighted P/R/F1=0.0000/0.0010/0.0000
2026-08-14 17:06:18,147 - INFO - fit progress: (4, 2.0506474300092643, {'accuracy': 0.0009653915165988311, 'micro_precision': 0.0009653915165988311, 'micro_recall': 0.0009653915165988311, 'micro_f1': 0.0009653915165988311, 'macro_precision': 8.776286514534828e-05, 'macro_recall': 0.09090909090909091, 'macro_f1': 0.00017535644266856336, 'weighted_precision': 9.319807803209912e-07, 'weighted_recall': 0.0009653915165988311, 'weighted_f1': 1.8621638434649842e-06}, 1822.8667535669993)
2026-08-14 17:06:18,147 - INFO - configure_evaluate: no clients selected, skipping evaluation
2026-08-14 17:06:18,148 - INFO - 
2026-08-14 17:06:18,148 - INFO - [ROUND 5]
2026-08-14 17:06:18,148 - INFO - configure_fit: strategy sampled 80 clients (out of 80)
2026-08-14 17:06:19,292 - INFO - aggregate_fit: received 80 results and 0 failures
2026-08-14 17:06:19,408 - INFO - [Round 5] tong hop 80 controller (paper) | trong so 0.0007..0.1063 entropy=3.686 train_loss=4.5629
2026-08-14 17:06:19,412 - INFO - [Round 95] luu checkpoint -> out_1percent/checkpoints_cnn/round_095.pth
2026-08-14 17:13:50,474 - INFO - [Round 95] loss=2.0873 acc=0.0010 | micro P/R/F1=0.0010/0.0010/0.0010 | macro P/R/F1=0.0001/0.0909/0.0002 | weighted P/R/F1=0.0000/0.0010/0.0000
2026-08-14 17:13:53,259 - INFO - Luu out_1percent/confusion_matrix_cnn_task3.csv
2026-08-14 17:13:53,259 - INFO - Luu out_1percent/confusion_matrix_cnn_task3_normalized.csv
2026-08-14 17:14:00,658 - INFO - Luu out_1percent/classification_report_cnn_task3.txt
                 precision    recall  f1-score   support

         Benign     0.0000    0.0000    0.0000  41700592
            DoS     0.0000    0.0000    0.0000    145129
         double     0.0000    0.0000    0.0000     12413
  force-neutral     0.0000    0.0000    0.0000      5744
        fuzzing     0.0000    0.0000    0.0000     67321
       interval     0.0010    1.0000    0.0019     40542
            rpm     0.0000    0.0000    0.0000      5043
  rpm-accessory     0.0000    0.0000    0.0000      3146
          speed     0.0000    0.0000    0.0000      7471
speed-accessory     0.0000    0.0000    0.0000      2257
     standstill     0.0000    0.0000    0.0000      5739

       accuracy                         0.0010  41995397
      macro avg     0.0001    0.0909    0.0002  41995397
   weighted avg     0.0000    0.0010    0.0000  41995397

2026-08-14 17:14:01,085 - INFO - Luu out_1percent/confusion_matrix_cnn_task3.png
2026-08-14 17:14:01,086 - INFO - fit progress: (5, 2.087285328548524, {'accuracy': 0.0009653915165988311, 'micro_precision': 0.0009653915165988311, 'micro_recall': 0.0009653915165988311, 'micro_f1': 0.0009653915165988311, 'macro_precision': 8.776286514534828e-05, 'macro_recall': 0.09090909090909091, 'macro_f1': 0.00017535644266856336, 'weighted_precision': 9.319807803209912e-07, 'weighted_recall': 0.0009653915165988311, 'weighted_f1': 1.8621638434649842e-06}, 2285.8059689799993)
2026-08-14 17:14:01,087 - INFO - configure_evaluate: no clients selected, skipping evaluation
2026-08-14 17:14:01,087 - INFO - 
2026-08-14 17:14:01,087 - INFO - [ROUND 6]
2026-08-14 17:14:01,087 - INFO - configure_fit: strategy sampled 80 clients (out of 80)
2026-08-14 17:14:02,217 - INFO - aggregate_fit: received 80 results and 0 failures
2026-08-14 17:14:02,329 - INFO - [Round 6] tong hop 80 controller (paper) | trong so 0.0007..0.1063 entropy=3.686 train_loss=4.4149
2026-08-14 17:14:02,333 - INFO - [Round 96] luu checkpoint -> out_1percent/checkpoints_cnn/round_096.pth
2026-08-14 17:21:31,866 - INFO - [Round 96] loss=2.1565 acc=0.0010 | micro P/R/F1=0.0010/0.0010/0.0010 | macro P/R/F1=0.0001/0.0909/0.0002 | weighted P/R/F1=0.0000/0.0010/0.0000
2026-08-14 17:21:31,867 - INFO - fit progress: (6, 2.1565360223841203, {'accuracy': 0.0009653915165988311, 'micro_precision': 0.0009653915165988311, 'micro_recall': 0.0009653915165988311, 'micro_f1': 0.0009653915165988311, 'macro_precision': 8.776286514534828e-05, 'macro_recall': 0.09090909090909091, 'macro_f1': 0.00017535644266856336, 'weighted_precision': 9.319807803209912e-07, 'weighted_recall': 0.0009653915165988311, 'weighted_f1': 1.8621638434649842e-06}, 2736.5869368370004)
2026-08-14 17:21:31,868 - INFO - configure_evaluate: no clients selected, skipping evaluation
2026-08-14 17:21:31,868 - INFO - 
2026-08-14 17:21:31,868 - INFO - [ROUND 7]
2026-08-14 17:21:31,868 - INFO - configure_fit: strategy sampled 80 clients (out of 80)
2026-08-14 17:21:33,019 - INFO - aggregate_fit: received 80 results and 0 failures
2026-08-14 17:21:33,135 - INFO - [Round 7] tong hop 80 controller (paper) | trong so 0.0007..0.1063 entropy=3.686 train_loss=4.2893
2026-08-14 17:21:33,140 - INFO - [Round 97] luu checkpoint -> out_1percent/checkpoints_cnn/round_097.pth
2026-08-14 17:29:03,760 - INFO - [Round 97] loss=2.1777 acc=0.0010 | micro P/R/F1=0.0010/0.0010/0.0010 | macro P/R/F1=0.0001/0.0909/0.0002 | weighted P/R/F1=0.0000/0.0010/0.0000
2026-08-14 17:29:03,761 - INFO - fit progress: (7, 2.1776523402431796, {'accuracy': 0.0009653915165988311, 'micro_precision': 0.0009653915165988311, 'micro_recall': 0.0009653915165988311, 'micro_f1': 0.0009653915165988311, 'macro_precision': 8.776286514534828e-05, 'macro_recall': 0.09090909090909091, 'macro_f1': 0.00017535644266856336, 'weighted_precision': 9.319807803209912e-07, 'weighted_recall': 0.0009653915165988311, 'weighted_f1': 1.8621638434649842e-06}, 3188.480800516001)
2026-08-14 17:29:03,761 - INFO - configure_evaluate: no clients selected, skipping evaluation
2026-08-14 17:29:03,762 - INFO - 
2026-08-14 17:29:03,762 - INFO - [ROUND 8]
2026-08-14 17:29:03,762 - INFO - configure_fit: strategy sampled 80 clients (out of 80)
2026-08-14 17:29:04,938 - INFO - aggregate_fit: received 80 results and 0 failures
2026-08-14 17:29:05,051 - INFO - [Round 8] tong hop 80 controller (paper) | trong so 0.0007..0.1063 entropy=3.686 train_loss=4.1795
2026-08-14 17:29:05,056 - INFO - [Round 98] luu checkpoint -> out_1percent/checkpoints_cnn/round_098.pth
2026-08-14 17:36:34,050 - INFO - [Round 98] loss=2.2613 acc=0.0010 | micro P/R/F1=0.0010/0.0010/0.0010 | macro P/R/F1=0.0001/0.0909/0.0002 | weighted P/R/F1=0.0000/0.0010/0.0000
2026-08-14 17:36:34,051 - INFO - fit progress: (8, 2.261261013976588, {'accuracy': 0.0009653915165988311, 'micro_precision': 0.0009653915165988311, 'micro_recall': 0.0009653915165988311, 'micro_f1': 0.0009653915165988311, 'macro_precision': 8.776286514534828e-05, 'macro_recall': 0.09090909090909091, 'macro_f1': 0.00017535644266856336, 'weighted_precision': 9.319807803209912e-07, 'weighted_recall': 0.0009653915165988311, 'weighted_f1': 1.8621638434649842e-06}, 3638.77091639)
2026-08-14 17:36:34,052 - INFO - configure_evaluate: no clients selected, skipping evaluation
2026-08-14 17:36:34,052 - INFO - 
2026-08-14 17:36:34,052 - INFO - [ROUND 9]
2026-08-14 17:36:34,052 - INFO - configure_fit: strategy sampled 80 clients (out of 80)
2026-08-14 17:36:35,227 - INFO - aggregate_fit: received 80 results and 0 failures
2026-08-14 17:36:35,343 - INFO - [Round 9] tong hop 80 controller (paper) | trong so 0.0007..0.1063 entropy=3.686 train_loss=4.0668
2026-08-14 17:36:35,347 - INFO - [Round 99] luu checkpoint -> out_1percent/checkpoints_cnn/round_099.pth
2026-08-14 17:44:05,587 - INFO - [Round 99] loss=2.2764 acc=0.0010 | micro P/R/F1=0.0010/0.0010/0.0010 | macro P/R/F1=0.0001/0.0909/0.0002 | weighted P/R/F1=0.0000/0.0010/0.0000
2026-08-14 17:44:05,588 - INFO - fit progress: (9, 2.27643669857277, {'accuracy': 0.0009653915165988311, 'micro_precision': 0.0009653915165988311, 'micro_recall': 0.0009653915165988311, 'micro_f1': 0.0009653915165988311, 'macro_precision': 8.776286514534828e-05, 'macro_recall': 0.09090909090909091, 'macro_f1': 0.00017535644266856336, 'weighted_precision': 9.319807803209912e-07, 'weighted_recall': 0.0009653915165988311, 'weighted_f1': 1.8621638434649842e-06}, 4090.307870782999)
2026-08-14 17:44:05,589 - INFO - configure_evaluate: no clients selected, skipping evaluation
2026-08-14 17:44:05,589 - INFO - 
2026-08-14 17:44:05,589 - INFO - [ROUND 10]
2026-08-14 17:44:05,589 - INFO - configure_fit: strategy sampled 80 clients (out of 80)
2026-08-14 17:44:06,709 - INFO - aggregate_fit: received 80 results and 0 failures
2026-08-14 17:44:06,827 - INFO - [Round 10] tong hop 80 controller (paper) | trong so 0.0007..0.1063 entropy=3.686 train_loss=3.9475
2026-08-14 17:44:06,831 - INFO - [Round 100] luu checkpoint -> out_1percent/checkpoints_cnn/round_100.pth
2026-08-14 17:51:35,966 - INFO - [Round 100] loss=2.3630 acc=0.0010 | micro P/R/F1=0.0010/0.0010/0.0010 | macro P/R/F1=0.0001/0.0909/0.0002 | weighted P/R/F1=0.0000/0.0010/0.0000
2026-08-14 17:51:38,680 - INFO - Luu out_1percent/confusion_matrix_cnn_task3.csv
2026-08-14 17:51:38,680 - INFO - Luu out_1percent/confusion_matrix_cnn_task3_normalized.csv
2026-08-14 17:51:46,116 - INFO - Luu out_1percent/classification_report_cnn_task3.txt
                 precision    recall  f1-score   support

         Benign     0.0000    0.0000    0.0000  41700592
            DoS     0.0000    0.0000    0.0000    145129
         double     0.0000    0.0000    0.0000     12413
  force-neutral     0.0000    0.0000    0.0000      5744
        fuzzing     0.0000    0.0000    0.0000     67321
       interval     0.0010    1.0000    0.0019     40542
            rpm     0.0000    0.0000    0.0000      5043
  rpm-accessory     0.0000    0.0000    0.0000      3146
          speed     0.0000    0.0000    0.0000      7471
speed-accessory     0.0000    0.0000    0.0000      2257
     standstill     0.0000    0.0000    0.0000      5739

       accuracy                         0.0010  41995397
      macro avg     0.0001    0.0909    0.0002  41995397
   weighted avg     0.0000    0.0010    0.0000  41995397

2026-08-14 17:51:46,561 - INFO - Luu out_1percent/confusion_matrix_cnn_task3.png
2026-08-14 17:51:46,562 - INFO - fit progress: (10, 2.3630421662532934, {'accuracy': 0.0009653915165988311, 'micro_precision': 0.0009653915165988311, 'micro_recall': 0.0009653915165988311, 'micro_f1': 0.0009653915165988311, 'macro_precision': 8.776286514534828e-05, 'macro_recall': 0.09090909090909091, 'macro_f1': 0.00017535644266856336, 'weighted_precision': 9.319807803209912e-07, 'weighted_recall': 0.0009653915165988311, 'weighted_f1': 1.8621638434649842e-06}, 4551.281720718998)
2026-08-14 17:51:46,562 - INFO - configure_evaluate: no clients selected, skipping evaluation
2026-08-14 17:51:46,563 - INFO - 
2026-08-14 17:51:46,563 - INFO - [ROUND 11]
2026-08-14 17:51:46,563 - INFO - configure_fit: strategy sampled 80 clients (out of 80)
2026-08-14 17:51:47,661 - INFO - aggregate_fit: received 80 results and 0 failures
2026-08-14 17:51:47,780 - INFO - [Round 11] tong hop 80 controller (paper) | trong so 0.0007..0.1063 entropy=3.686 train_loss=3.8563
2026-08-14 17:51:47,784 - INFO - [Round 101] luu checkpoint -> out_1percent/checkpoints_cnn/round_101.pth
2026-08-14 17:59:16,842 - INFO - [Round 101] loss=2.3629 acc=0.0010 | micro P/R/F1=0.0010/0.0010/0.0010 | macro P/R/F1=0.0001/0.0909/0.0002 | weighted P/R/F1=0.0000/0.0010/0.0000
2026-08-14 17:59:16,843 - INFO - fit progress: (11, 2.3628724691729004, {'accuracy': 0.0009653915165988311, 'micro_precision': 0.0009653915165988311, 'micro_recall': 0.0009653915165988311, 'micro_f1': 0.0009653915165988311, 'macro_precision': 8.776286514534828e-05, 'macro_recall': 0.09090909090909091, 'macro_f1': 0.00017535644266856336, 'weighted_precision': 9.319807803209912e-07, 'weighted_recall': 0.0009653915165988311, 'weighted_f1': 1.8621638434649842e-06}, 5001.562699293001)
2026-08-14 17:59:16,843 - INFO - configure_evaluate: no clients selected, skipping evaluation
2026-08-14 17:59:16,844 - INFO - 
2026-08-14 17:59:16,844 - INFO - [ROUND 12]
2026-08-14 17:59:16,844 - INFO - configure_fit: strategy sampled 80 clients (out of 80)
2026-08-14 17:59:17,980 - INFO - aggregate_fit: received 80 results and 0 failures
2026-08-14 17:59:18,115 - INFO - [Round 12] tong hop 80 controller (paper) | trong so 0.0007..0.1063 entropy=3.686 train_loss=3.7585
2026-08-14 17:59:18,119 - INFO - [Round 102] luu checkpoint -> out_1percent/checkpoints_cnn/round_102.pth
2026-08-14 18:06:50,240 - INFO - [Round 102] loss=2.4696 acc=0.0010 | micro P/R/F1=0.0010/0.0010/0.0010 | macro P/R/F1=0.0001/0.0909/0.0002 | weighted P/R/F1=0.0000/0.0010/0.0000
2026-08-14 18:06:50,242 - INFO - fit progress: (12, 2.4696359330708137, {'accuracy': 0.0009653915165988311, 'micro_precision': 0.0009653915165988311, 'micro_recall': 0.0009653915165988311, 'micro_f1': 0.0009653915165988311, 'macro_precision': 8.776286514534828e-05, 'macro_recall': 0.09090909090909091, 'macro_f1': 0.00017535644266856336, 'weighted_precision': 9.319807803209912e-07, 'weighted_recall': 0.0009653915165988311, 'weighted_f1': 1.8621638434649842e-06}, 5454.961148194001)
2026-08-14 18:06:50,242 - INFO - configure_evaluate: no clients selected, skipping evaluation
2026-08-14 18:06:50,242 - INFO - 
2026-08-14 18:06:50,242 - INFO - [ROUND 13]
2026-08-14 18:06:50,242 - INFO - configure_fit: strategy sampled 80 clients (out of 80)
2026-08-14 18:06:51,376 - INFO - aggregate_fit: received 80 results and 0 failures
2026-08-14 18:06:51,490 - INFO - [Round 13] tong hop 80 controller (paper) | trong so 0.0007..0.1063 entropy=3.686 train_loss=3.6668
2026-08-14 18:06:51,495 - INFO - [Round 103] luu checkpoint -> out_1percent/checkpoints_cnn/round_103.pth
2026-08-14 18:14:22,250 - INFO - [Round 103] loss=2.4695 acc=0.0010 | micro P/R/F1=0.0010/0.0010/0.0010 | macro P/R/F1=0.0001/0.0909/0.0002 | weighted P/R/F1=0.0000/0.0010/0.0000
2026-08-14 18:14:22,252 - INFO - fit progress: (13, 2.469454644517667, {'accuracy': 0.0009653915165988311, 'micro_precision': 0.0009653915165988311, 'micro_recall': 0.0009653915165988311, 'micro_f1': 0.0009653915165988311, 'macro_precision': 8.776286514534828e-05, 'macro_recall': 0.09090909090909091, 'macro_f1': 0.00017535644266856336, 'weighted_precision': 9.319807803209912e-07, 'weighted_recall': 0.0009653915165988311, 'weighted_f1': 1.8621638434649842e-06}, 5906.971304193001)
2026-08-14 18:14:22,252 - INFO - configure_evaluate: no clients selected, skipping evaluation
2026-08-14 18:14:22,252 - INFO - 
2026-08-14 18:14:22,252 - INFO - [ROUND 14]
2026-08-14 18:14:22,253 - INFO - configure_fit: strategy sampled 80 clients (out of 80)
2026-08-14 18:14:23,366 - INFO - aggregate_fit: received 80 results and 0 failures
2026-08-14 18:14:23,482 - INFO - [Round 14] tong hop 80 controller (paper) | trong so 0.0007..0.1063 entropy=3.686 train_loss=3.5794
2026-08-14 18:14:23,486 - INFO - [Round 104] luu checkpoint -> out_1percent/checkpoints_cnn/round_104.pth
2026-08-14 18:21:52,636 - INFO - [Round 104] loss=2.5474 acc=0.0010 | micro P/R/F1=0.0010/0.0010/0.0010 | macro P/R/F1=0.0001/0.0909/0.0002 | weighted P/R/F1=0.0000/0.0010/0.0000
2026-08-14 18:21:52,638 - INFO - fit progress: (14, 2.5474111550635365, {'accuracy': 0.0009653915165988311, 'micro_precision': 0.0009653915165988311, 'micro_recall': 0.0009653915165988311, 'micro_f1': 0.0009653915165988311, 'macro_precision': 8.776286514534828e-05, 'macro_recall': 0.09090909090909091, 'macro_f1': 0.00017535644266856336, 'weighted_precision': 9.319807803209912e-07, 'weighted_recall': 0.0009653915165988311, 'weighted_f1': 1.8621638434649842e-06}, 6357.357347088997)
2026-08-14 18:21:52,638 - INFO - configure_evaluate: no clients selected, skipping evaluation
2026-08-14 18:21:52,638 - INFO - 
2026-08-14 18:21:52,638 - INFO - [ROUND 15]
2026-08-14 18:21:52,638 - INFO - configure_fit: strategy sampled 80 clients (out of 80)
2026-08-14 18:21:53,745 - INFO - aggregate_fit: received 80 results and 0 failures
2026-08-14 18:21:53,860 - INFO - [Round 15] tong hop 80 controller (paper) | trong so 0.0007..0.1063 entropy=3.686 train_loss=3.5025
2026-08-14 18:21:53,864 - INFO - [Round 105] luu checkpoint -> out_1percent/checkpoints_cnn/round_105.pth
2026-08-14 18:29:23,630 - INFO - [Round 105] loss=2.5569 acc=0.0010 | micro P/R/F1=0.0010/0.0010/0.0010 | macro P/R/F1=0.0001/0.0909/0.0002 | weighted P/R/F1=0.0000/0.0010/0.0000
2026-08-14 18:29:26,391 - INFO - Luu out_1percent/confusion_matrix_cnn_task3.csv
2026-08-14 18:29:26,391 - INFO - Luu out_1percent/confusion_matrix_cnn_task3_normalized.csv
2026-08-14 18:29:33,777 - INFO - Luu out_1percent/classification_report_cnn_task3.txt
                 precision    recall  f1-score   support

         Benign     0.0000    0.0000    0.0000  41700592
            DoS     0.0000    0.0000    0.0000    145129
         double     0.0000    0.0000    0.0000     12413
  force-neutral     0.0000    0.0000    0.0000      5744
        fuzzing     0.0000    0.0000    0.0000     67321
       interval     0.0010    1.0000    0.0019     40542
            rpm     0.0000    0.0000    0.0000      5043
  rpm-accessory     0.0000    0.0000    0.0000      3146
          speed     0.0000    0.0000    0.0000      7471
speed-accessory     0.0000    0.0000    0.0000      2257
     standstill     0.0000    0.0000    0.0000      5739

       accuracy                         0.0010  41995397
      macro avg     0.0001    0.0909    0.0002  41995397
   weighted avg     0.0000    0.0010    0.0000  41995397

2026-08-14 18:29:34,253 - INFO - Luu out_1percent/confusion_matrix_cnn_task3.png
2026-08-14 18:29:34,255 - INFO - fit progress: (15, 2.5569028350465834, {'accuracy': 0.0009653915165988311, 'micro_precision': 0.0009653915165988311, 'micro_recall': 0.0009653915165988311, 'micro_f1': 0.0009653915165988311, 'macro_precision': 8.776286514534828e-05, 'macro_recall': 0.09090909090909091, 'macro_f1': 0.00017535644266856336, 'weighted_precision': 9.319807803209912e-07, 'weighted_recall': 0.0009653915165988311, 'weighted_f1': 1.8621638434649842e-06}, 6818.974148344998)
2026-08-14 18:29:34,255 - INFO - configure_evaluate: no clients selected, skipping evaluation
2026-08-14 18:29:34,255 - INFO - 
2026-08-14 18:29:34,255 - INFO - [ROUND 16]
2026-08-14 18:29:34,255 - INFO - configure_fit: strategy sampled 80 clients (out of 80)
2026-08-14 18:29:35,381 - INFO - aggregate_fit: received 80 results and 0 failures
2026-08-14 18:29:35,498 - INFO - [Round 16] tong hop 80 controller (paper) | trong so 0.0007..0.1063 entropy=3.686 train_loss=3.4215
2026-08-14 18:29:35,503 - INFO - [Round 106] luu checkpoint -> out_1percent/checkpoints_cnn/round_106.pth
2026-08-14 18:37:04,924 - INFO - [Round 106] loss=2.6531 acc=0.0010 | micro P/R/F1=0.0010/0.0010/0.0010 | macro P/R/F1=0.0001/0.0909/0.0002 | weighted P/R/F1=0.0000/0.0010/0.0000
2026-08-14 18:37:04,925 - INFO - fit progress: (16, 2.6530647399215526, {'accuracy': 0.0009653915165988311, 'micro_precision': 0.0009653915165988311, 'micro_recall': 0.0009653915165988311, 'micro_f1': 0.0009653915165988311, 'macro_precision': 8.776286514534828e-05, 'macro_recall': 0.09090909090909091, 'macro_f1': 0.00017535644266856336, 'weighted_precision': 9.319807803209912e-07, 'weighted_recall': 0.0009653915165988311, 'weighted_f1': 1.8621638434649842e-06}, 7269.644725206999)
2026-08-14 18:37:04,926 - INFO - configure_evaluate: no clients selected, skipping evaluation
2026-08-14 18:37:04,926 - INFO - 
2026-08-14 18:37:04,926 - INFO - [ROUND 17]
2026-08-14 18:37:04,926 - INFO - configure_fit: strategy sampled 80 clients (out of 80)
2026-08-14 18:37:06,059 - INFO - aggregate_fit: received 80 results and 0 failures
2026-08-14 18:37:06,175 - INFO - [Round 17] tong hop 80 controller (paper) | trong so 0.0007..0.1063 entropy=3.686 train_loss=3.3418
2026-08-14 18:37:06,179 - INFO - [Round 107] luu checkpoint -> out_1percent/checkpoints_cnn/round_107.pth
2026-08-14 18:44:35,196 - INFO - [Round 107] loss=2.6743 acc=0.0010 | micro P/R/F1=0.0010/0.0010/0.0010 | macro P/R/F1=0.0001/0.0909/0.0002 | weighted P/R/F1=0.0000/0.0010/0.0000
2026-08-14 18:44:35,197 - INFO - fit progress: (17, 2.6743053603751314, {'accuracy': 0.0009653915165988311, 'micro_precision': 0.0009653915165988311, 'micro_recall': 0.0009653915165988311, 'micro_f1': 0.0009653915165988311, 'macro_precision': 8.776286514534828e-05, 'macro_recall': 0.09090909090909091, 'macro_f1': 0.00017535644266856336, 'weighted_precision': 9.319807803209912e-07, 'weighted_recall': 0.0009653915165988311, 'weighted_f1': 1.8621638434649842e-06}, 7719.916764192996)
2026-08-14 18:44:35,197 - INFO - configure_evaluate: no clients selected, skipping evaluation
2026-08-14 18:44:35,198 - INFO - 
2026-08-14 18:44:35,198 - INFO - [ROUND 18]
2026-08-14 18:44:35,198 - INFO - configure_fit: strategy sampled 80 clients (out of 80)
2026-08-14 18:44:36,303 - INFO - aggregate_fit: received 80 results and 0 failures
2026-08-14 18:44:36,420 - INFO - [Round 18] tong hop 80 controller (paper) | trong so 0.0007..0.1063 entropy=3.686 train_loss=3.2725
2026-08-14 18:44:36,424 - INFO - [Round 108] luu checkpoint -> out_1percent/checkpoints_cnn/round_108.pth
2026-08-14 18:52:06,521 - INFO - [Round 108] loss=2.7356 acc=0.0010 | micro P/R/F1=0.0010/0.0010/0.0010 | macro P/R/F1=0.0001/0.0909/0.0002 | weighted P/R/F1=0.0000/0.0010/0.0000
2026-08-14 18:52:06,522 - INFO - fit progress: (18, 2.7356462887667523, {'accuracy': 0.0009653915165988311, 'micro_precision': 0.0009653915165988311, 'micro_recall': 0.0009653915165988311, 'micro_f1': 0.0009653915165988311, 'macro_precision': 8.776286514534828e-05, 'macro_recall': 0.09090909090909091, 'macro_f1': 0.00017535644266856336, 'weighted_precision': 9.319807803209912e-07, 'weighted_recall': 0.0009653915165988311, 'weighted_f1': 1.8621638434649842e-06}, 8171.241592199003)
2026-08-14 18:52:06,522 - INFO - configure_evaluate: no clients selected, skipping evaluation
2026-08-14 18:52:06,522 - INFO - 
2026-08-14 18:52:06,522 - INFO - [ROUND 19]
2026-08-14 18:52:06,523 - INFO - configure_fit: strategy sampled 80 clients (out of 80)
2026-08-14 18:52:07,643 - INFO - aggregate_fit: received 80 results and 0 failures
2026-08-14 18:52:07,760 - INFO - [Round 19] tong hop 80 controller (paper) | trong so 0.0007..0.1063 entropy=3.686 train_loss=3.2039
2026-08-14 18:52:07,764 - INFO - [Round 109] luu checkpoint -> out_1percent/checkpoints_cnn/round_109.pth
2026-08-14 18:59:37,549 - INFO - [Round 109] loss=2.7786 acc=0.0010 | micro P/R/F1=0.0010/0.0010/0.0010 | macro P/R/F1=0.0001/0.0909/0.0002 | weighted P/R/F1=0.0000/0.0010/0.0000
2026-08-14 18:59:37,551 - INFO - fit progress: (19, 2.778565258860274, {'accuracy': 0.0009653915165988311, 'micro_precision': 0.0009653915165988311, 'micro_recall': 0.0009653915165988311, 'micro_f1': 0.0009653915165988311, 'macro_precision': 8.776286514534828e-05, 'macro_recall': 0.09090909090909091, 'macro_f1': 0.00017535644266856336, 'weighted_precision': 9.319807803209912e-07, 'weighted_recall': 0.0009653915165988311, 'weighted_f1': 1.8621638434649842e-06}, 8622.270407286)
2026-08-14 18:59:37,551 - INFO - configure_evaluate: no clients selected, skipping evaluation
2026-08-14 18:59:37,551 - INFO - 
2026-08-14 18:59:37,551 - INFO - [ROUND 20]
2026-08-14 18:59:37,551 - INFO - configure_fit: strategy sampled 80 clients (out of 80)
2026-08-14 18:59:38,661 - INFO - aggregate_fit: received 80 results and 0 failures
2026-08-14 18:59:38,776 - INFO - [Round 20] tong hop 80 controller (paper) | trong so 0.0007..0.1063 entropy=3.686 train_loss=3.1394
2026-08-14 18:59:38,781 - INFO - [Round 110] luu checkpoint -> out_1percent/checkpoints_cnn/round_110.pth
2026-08-14 19:07:08,159 - INFO - [Round 110] loss=2.8420 acc=0.0010 | micro P/R/F1=0.0010/0.0010/0.0010 | macro P/R/F1=0.0001/0.0909/0.0002 | weighted P/R/F1=0.0000/0.0010/0.0000
2026-08-14 19:07:10,877 - INFO - Luu out_1percent/confusion_matrix_cnn_task3.csv
2026-08-14 19:07:10,877 - INFO - Luu out_1percent/confusion_matrix_cnn_task3_normalized.csv
2026-08-14 19:07:18,341 - INFO - Luu out_1percent/classification_report_cnn_task3.txt
                 precision    recall  f1-score   support

         Benign     0.0000    0.0000    0.0000  41700592
            DoS     0.0000    0.0000    0.0000    145129
         double     0.0000    0.0000    0.0000     12413
  force-neutral     0.0000    0.0000    0.0000      5744
        fuzzing     0.0000    0.0000    0.0000     67321
       interval     0.0010    1.0000    0.0019     40542
            rpm     0.0000    0.0000    0.0000      5043
  rpm-accessory     0.0000    0.0000    0.0000      3146
          speed     0.0000    0.0000    0.0000      7471
speed-accessory     0.0000    0.0000    0.0000      2257
     standstill     0.0000    0.0000    0.0000      5739

       accuracy                         0.0010  41995397
      macro avg     0.0001    0.0909    0.0002  41995397
   weighted avg     0.0000    0.0010    0.0000  41995397

2026-08-14 19:07:18,777 - INFO - Luu out_1percent/confusion_matrix_cnn_task3.png
2026-08-14 19:07:18,779 - INFO - fit progress: (20, 2.8419842074048307, {'accuracy': 0.0009653915165988311, 'micro_precision': 0.0009653915165988311, 'micro_recall': 0.0009653915165988311, 'micro_f1': 0.0009653915165988311, 'macro_precision': 8.776286514534828e-05, 'macro_recall': 0.09090909090909091, 'macro_f1': 0.00017535644266856336, 'weighted_precision': 9.319807803209912e-07, 'weighted_recall': 0.0009653915165988311, 'weighted_f1': 1.8621638434649842e-06}, 9083.498248217998)
2026-08-14 19:07:18,779 - INFO - configure_evaluate: no clients selected, skipping evaluation
2026-08-14 19:07:18,779 - INFO - 
2026-08-14 19:07:18,779 - INFO - [ROUND 21]
2026-08-14 19:07:18,780 - INFO - configure_fit: strategy sampled 80 clients (out of 80)
2026-08-14 19:07:19,931 - INFO - aggregate_fit: received 80 results and 0 failures
2026-08-14 19:07:20,044 - INFO - [Round 21] tong hop 80 controller (paper) | trong so 0.0007..0.1063 entropy=3.686 train_loss=3.0842
2026-08-14 19:07:20,048 - INFO - [Round 111] luu checkpoint -> out_1percent/checkpoints_cnn/round_111.pth
2026-08-14 19:14:48,869 - INFO - [Round 111] loss=2.8607 acc=0.0010 | micro P/R/F1=0.0010/0.0010/0.0010 | macro P/R/F1=0.0001/0.0909/0.0002 | weighted P/R/F1=0.0000/0.0010/0.0000
2026-08-14 19:14:48,870 - INFO - fit progress: (21, 2.8606796559735903, {'accuracy': 0.0009653915165988311, 'micro_precision': 0.0009653915165988311, 'micro_recall': 0.0009653915165988311, 'micro_f1': 0.0009653915165988311, 'macro_precision': 8.776286514534828e-05, 'macro_recall': 0.09090909090909091, 'macro_f1': 0.00017535644266856336, 'weighted_precision': 9.319807803209912e-07, 'weighted_recall': 0.0009653915165988311, 'weighted_f1': 1.8621638434649842e-06}, 9533.589673887996)
2026-08-14 19:14:48,870 - INFO - configure_evaluate: no clients selected, skipping evaluation
2026-08-14 19:14:48,870 - INFO - 
2026-08-14 19:14:48,870 - INFO - [ROUND 22]
2026-08-14 19:14:48,871 - INFO - configure_fit: strategy sampled 80 clients (out of 80)
2026-08-14 19:14:49,992 - INFO - aggregate_fit: received 80 results and 0 failures
2026-08-14 19:14:50,107 - INFO - [Round 22] tong hop 80 controller (paper) | trong so 0.0007..0.1063 entropy=3.686 train_loss=3.0242
2026-08-14 19:14:50,112 - INFO - [Round 112] luu checkpoint -> out_1percent/checkpoints_cnn/round_112.pth
2026-08-14 19:22:19,825 - INFO - [Round 112] loss=2.9320 acc=0.0010 | micro P/R/F1=0.0010/0.0010/0.0010 | macro P/R/F1=0.0001/0.0909/0.0002 | weighted P/R/F1=0.0000/0.0010/0.0000
2026-08-14 19:22:19,827 - INFO - fit progress: (22, 2.9320484176212713, {'accuracy': 0.0009653915165988311, 'micro_precision': 0.0009653915165988311, 'micro_recall': 0.0009653915165988311, 'micro_f1': 0.0009653915165988311, 'macro_precision': 8.776286514534828e-05, 'macro_recall': 0.09090909090909091, 'macro_f1': 0.00017535644266856336, 'weighted_precision': 9.319807803209912e-07, 'weighted_recall': 0.0009653915165988311, 'weighted_f1': 1.8621638434649842e-06}, 9984.546333988998)
2026-08-14 19:22:19,827 - INFO - configure_evaluate: no clients selected, skipping evaluation
2026-08-14 19:22:19,827 - INFO - 
2026-08-14 19:22:19,827 - INFO - [ROUND 23]
2026-08-14 19:22:19,827 - INFO - configure_fit: strategy sampled 80 clients (out of 80)
2026-08-14 19:22:20,960 - INFO - aggregate_fit: received 80 results and 0 failures
2026-08-14 19:22:21,077 - INFO - [Round 23] tong hop 80 controller (paper) | trong so 0.0007..0.1063 entropy=3.686 train_loss=2.9773
2026-08-14 19:22:21,082 - INFO - [Round 113] luu checkpoint -> out_1percent/checkpoints_cnn/round_113.pth
2026-08-14 19:29:50,826 - INFO - [Round 113] loss=2.9341 acc=0.0010 | micro P/R/F1=0.0010/0.0010/0.0010 | macro P/R/F1=0.0001/0.0909/0.0002 | weighted P/R/F1=0.0000/0.0010/0.0000
2026-08-14 19:29:50,827 - INFO - fit progress: (23, 2.9340987492919166, {'accuracy': 0.0009653915165988311, 'micro_precision': 0.0009653915165988311, 'micro_recall': 0.0009653915165988311, 'micro_f1': 0.0009653915165988311, 'macro_precision': 8.776286514534828e-05, 'macro_recall': 0.09090909090909091, 'macro_f1': 0.00017535644266856336, 'weighted_precision': 9.319807803209912e-07, 'weighted_recall': 0.0009653915165988311, 'weighted_f1': 1.8621638434649842e-06}, 10435.547100169999)
2026-08-14 19:29:50,828 - INFO - configure_evaluate: no clients selected, skipping evaluation
2026-08-14 19:29:50,828 - INFO - 
2026-08-14 19:29:50,828 - INFO - [ROUND 24]
2026-08-14 19:29:50,828 - INFO - configure_fit: strategy sampled 80 clients (out of 80)
2026-08-14 19:29:51,964 - INFO - aggregate_fit: received 80 results and 0 failures
2026-08-14 19:29:52,081 - INFO - [Round 24] tong hop 80 controller (paper) | trong so 0.0007..0.1063 entropy=3.686 train_loss=2.9279
2026-08-14 19:29:52,085 - INFO - [Round 114] luu checkpoint -> out_1percent/checkpoints_cnn/round_114.pth
2026-08-14 19:37:22,267 - INFO - [Round 114] loss=3.0257 acc=0.0010 | micro P/R/F1=0.0010/0.0010/0.0010 | macro P/R/F1=0.0001/0.0909/0.0002 | weighted P/R/F1=0.0000/0.0010/0.0000
2026-08-14 19:37:22,269 - INFO - fit progress: (24, 3.025715186051086, {'accuracy': 0.0009653915165988311, 'micro_precision': 0.0009653915165988311, 'micro_recall': 0.0009653915165988311, 'micro_f1': 0.0009653915165988311, 'macro_precision': 8.776286514534828e-05, 'macro_recall': 0.09090909090909091, 'macro_f1': 0.00017535644266856336, 'weighted_precision': 9.319807803209912e-07, 'weighted_recall': 0.0009653915165988311, 'weighted_f1': 1.8621638434649842e-06}, 10886.988619703)
2026-08-14 19:37:22,269 - INFO - configure_evaluate: no clients selected, skipping evaluation
2026-08-14 19:37:22,269 - INFO - 
2026-08-14 19:37:22,270 - INFO - [ROUND 25]
2026-08-14 19:37:22,270 - INFO - configure_fit: strategy sampled 80 clients (out of 80)
2026-08-14 19:37:23,422 - INFO - aggregate_fit: received 80 results and 0 failures
2026-08-14 19:37:23,553 - INFO - [Round 25] tong hop 80 controller (paper) | trong so 0.0007..0.1063 entropy=3.686 train_loss=2.8800
2026-08-14 19:37:23,558 - INFO - [Round 115] luu checkpoint -> out_1percent/checkpoints_cnn/round_115.pth
2026-08-14 19:44:53,922 - INFO - [Round 115] loss=3.0013 acc=0.0010 | micro P/R/F1=0.0010/0.0010/0.0010 | macro P/R/F1=0.0001/0.0909/0.0002 | weighted P/R/F1=0.0000/0.0010/0.0000
2026-08-14 19:44:56,669 - INFO - Luu out_1percent/confusion_matrix_cnn_task3.csv
2026-08-14 19:44:56,669 - INFO - Luu out_1percent/confusion_matrix_cnn_task3_normalized.csv
2026-08-14 19:45:04,249 - INFO - Luu out_1percent/classification_report_cnn_task3.txt
                 precision    recall  f1-score   support

         Benign     0.0000    0.0000    0.0000  41700592
            DoS     0.0000    0.0000    0.0000    145129
         double     0.0000    0.0000    0.0000     12413
  force-neutral     0.0000    0.0000    0.0000      5744
        fuzzing     0.0000    0.0000    0.0000     67321
       interval     0.0010    1.0000    0.0019     40542
            rpm     0.0000    0.0000    0.0000      5043
  rpm-accessory     0.0000    0.0000    0.0000      3146
          speed     0.0000    0.0000    0.0000      7471
speed-accessory     0.0000    0.0000    0.0000      2257
     standstill     0.0000    0.0000    0.0000      5739

       accuracy                         0.0010  41995397
      macro avg     0.0001    0.0909    0.0002  41995397
   weighted avg     0.0000    0.0010    0.0000  41995397

2026-08-14 19:45:04,710 - INFO - Luu out_1percent/confusion_matrix_cnn_task3.png
2026-08-14 19:45:04,711 - INFO - fit progress: (25, 3.0012638873732125, {'accuracy': 0.0009653915165988311, 'micro_precision': 0.0009653915165988311, 'micro_recall': 0.0009653915165988311, 'micro_f1': 0.0009653915165988311, 'macro_precision': 8.776286514534828e-05, 'macro_recall': 0.09090909090909091, 'macro_f1': 0.00017535644266856336, 'weighted_precision': 9.319807803209912e-07, 'weighted_recall': 0.0009653915165988311, 'weighted_f1': 1.8621638434649842e-06}, 11349.431050505998)
2026-08-14 19:45:04,712 - INFO - configure_evaluate: no clients selected, skipping evaluation
2026-08-14 19:45:04,712 - INFO - 
2026-08-14 19:45:04,712 - INFO - [ROUND 26]
2026-08-14 19:45:04,712 - INFO - configure_fit: strategy sampled 80 clients (out of 80)
2026-08-14 19:45:05,834 - INFO - aggregate_fit: received 80 results and 0 failures
2026-08-14 19:45:05,954 - INFO - [Round 26] tong hop 80 controller (paper) | trong so 0.0007..0.1063 entropy=3.686 train_loss=2.8315
2026-08-14 19:45:05,958 - INFO - [Round 116] luu checkpoint -> out_1percent/checkpoints_cnn/round_116.pth
2026-08-14 19:52:36,837 - INFO - [Round 116] loss=3.0869 acc=0.0010 | micro P/R/F1=0.0010/0.0010/0.0010 | macro P/R/F1=0.0001/0.0909/0.0002 | weighted P/R/F1=0.0000/0.0010/0.0000
2026-08-14 19:52:36,839 - INFO - fit progress: (26, 3.0869299710860756, {'accuracy': 0.0009653915165988311, 'micro_precision': 0.0009653915165988311, 'micro_recall': 0.0009653915165988311, 'micro_f1': 0.0009653915165988311, 'macro_precision': 8.776286514534828e-05, 'macro_recall': 0.09090909090909091, 'macro_f1': 0.00017535644266856336, 'weighted_precision': 9.319807803209912e-07, 'weighted_recall': 0.0009653915165988311, 'weighted_f1': 1.8621638434649842e-06}, 11801.558816224002)
2026-08-14 19:52:36,840 - INFO - configure_evaluate: no clients selected, skipping evaluation
2026-08-14 19:52:36,840 - INFO - 
2026-08-14 19:52:36,840 - INFO - [ROUND 27]
2026-08-14 19:52:36,840 - INFO - configure_fit: strategy sampled 80 clients (out of 80)
2026-08-14 19:52:37,966 - INFO - aggregate_fit: received 80 results and 0 failures
2026-08-14 19:52:38,083 - INFO - [Round 27] tong hop 80 controller (paper) | trong so 0.0007..0.1063 entropy=3.686 train_loss=2.7865
2026-08-14 19:52:38,087 - INFO - [Round 117] luu checkpoint -> out_1percent/checkpoints_cnn/round_117.pth
2026-08-14 20:00:07,812 - INFO - [Round 117] loss=3.0659 acc=0.0010 | micro P/R/F1=0.0010/0.0010/0.0010 | macro P/R/F1=0.0001/0.0909/0.0002 | weighted P/R/F1=0.0000/0.0010/0.0000
2026-08-14 20:00:07,813 - INFO - fit progress: (27, 3.06590453048084, {'accuracy': 0.0009653915165988311, 'micro_precision': 0.0009653915165988311, 'micro_recall': 0.0009653915165988311, 'micro_f1': 0.0009653915165988311, 'macro_precision': 8.776286514534828e-05, 'macro_recall': 0.09090909090909091, 'macro_f1': 0.00017535644266856336, 'weighted_precision': 9.319807803209912e-07, 'weighted_recall': 0.0009653915165988311, 'weighted_f1': 1.8621638434649842e-06}, 12252.533101893001)
2026-08-14 20:00:07,814 - INFO - configure_evaluate: no clients selected, skipping evaluation
2026-08-14 20:00:07,814 - INFO - 
2026-08-14 20:00:07,814 - INFO - [ROUND 28]
2026-08-14 20:00:07,814 - INFO - configure_fit: strategy sampled 80 clients (out of 80)
2026-08-14 20:00:08,923 - INFO - aggregate_fit: received 80 results and 0 failures
2026-08-14 20:00:09,036 - INFO - [Round 28] tong hop 80 controller (paper) | trong so 0.0007..0.1063 entropy=3.686 train_loss=2.7409
2026-08-14 20:00:09,040 - INFO - [Round 118] luu checkpoint -> out_1percent/checkpoints_cnn/round_118.pth
2026-08-14 20:07:39,069 - INFO - [Round 118] loss=3.0617 acc=0.0010 | micro P/R/F1=0.0010/0.0010/0.0010 | macro P/R/F1=0.0001/0.0909/0.0002 | weighted P/R/F1=0.0000/0.0010/0.0000
2026-08-14 20:07:39,071 - INFO - fit progress: (28, 3.061697616817125, {'accuracy': 0.0009653915165988311, 'micro_precision': 0.0009653915165988311, 'micro_recall': 0.0009653915165988311, 'micro_f1': 0.0009653915165988311, 'macro_precision': 8.776286514534828e-05, 'macro_recall': 0.09090909090909091, 'macro_f1': 0.00017535644266856336, 'weighted_precision': 9.319807803209912e-07, 'weighted_recall': 0.0009653915165988311, 'weighted_f1': 1.8621638434649842e-06}, 12703.790628319999)
2026-08-14 20:07:39,071 - INFO - configure_evaluate: no clients selected, skipping evaluation
2026-08-14 20:07:39,071 - INFO - 
2026-08-14 20:07:39,071 - INFO - [ROUND 29]
2026-08-14 20:07:39,072 - INFO - configure_fit: strategy sampled 80 clients (out of 80)
2026-08-14 20:07:40,181 - INFO - aggregate_fit: received 80 results and 0 failures
2026-08-14 20:07:40,297 - INFO - [Round 29] tong hop 80 controller (paper) | trong so 0.0007..0.1063 entropy=3.686 train_loss=2.7058
2026-08-14 20:07:40,301 - INFO - [Round 119] luu checkpoint -> out_1percent/checkpoints_cnn/round_119.pth
2026-08-14 20:15:10,765 - INFO - [Round 119] loss=3.0604 acc=0.0010 | micro P/R/F1=0.0010/0.0010/0.0010 | macro P/R/F1=0.0001/0.0909/0.0002 | weighted P/R/F1=0.0000/0.0010/0.0000
2026-08-14 20:15:10,766 - INFO - fit progress: (29, 3.0603714969162126, {'accuracy': 0.0009653915165988311, 'micro_precision': 0.0009653915165988311, 'micro_recall': 0.0009653915165988311, 'micro_f1': 0.0009653915165988311, 'macro_precision': 8.776286514534828e-05, 'macro_recall': 0.09090909090909091, 'macro_f1': 0.00017535644266856336, 'weighted_precision': 9.319807803209912e-07, 'weighted_recall': 0.0009653915165988311, 'weighted_f1': 1.8621638434649842e-06}, 13155.485679614998)
2026-08-14 20:15:10,766 - INFO - configure_evaluate: no clients selected, skipping evaluation
2026-08-14 20:15:10,767 - INFO - 
2026-08-14 20:15:10,767 - INFO - [ROUND 30]
2026-08-14 20:15:10,767 - INFO - configure_fit: strategy sampled 80 clients (out of 80)
2026-08-14 20:15:11,873 - INFO - aggregate_fit: received 80 results and 0 failures
2026-08-14 20:15:11,989 - INFO - [Round 30] tong hop 80 controller (paper) | trong so 0.0007..0.1063 entropy=3.686 train_loss=2.6657
2026-08-14 20:15:11,994 - INFO - [Round 120] luu checkpoint -> out_1percent/checkpoints_cnn/round_120.pth
2026-08-14 20:22:42,492 - INFO - [Round 120] loss=3.0424 acc=0.0010 | micro P/R/F1=0.0010/0.0010/0.0010 | macro P/R/F1=0.0001/0.0909/0.0002 | weighted P/R/F1=0.0000/0.0010/0.0000
2026-08-14 20:22:45,265 - INFO - Luu out_1percent/confusion_matrix_cnn_task3.csv
2026-08-14 20:22:45,266 - INFO - Luu out_1percent/confusion_matrix_cnn_task3_normalized.csv
2026-08-14 20:22:52,638 - INFO - Luu out_1percent/classification_report_cnn_task3.txt
                 precision    recall  f1-score   support

         Benign     0.0000    0.0000    0.0000  41700592
            DoS     0.0000    0.0000    0.0000    145129
         double     0.0000    0.0000    0.0000     12413
  force-neutral     0.0000    0.0000    0.0000      5744
        fuzzing     0.0000    0.0000    0.0000     67321
       interval     0.0010    1.0000    0.0019     40542
            rpm     0.0000    0.0000    0.0000      5043
  rpm-accessory     0.0000    0.0000    0.0000      3146
          speed     0.0000    0.0000    0.0000      7471
speed-accessory     0.0000    0.0000    0.0000      2257
     standstill     0.0000    0.0000    0.0000      5739

       accuracy                         0.0010  41995397
      macro avg     0.0001    0.0909    0.0002  41995397
   weighted avg     0.0000    0.0010    0.0000  41995397

2026-08-14 20:22:53,480 - INFO - Luu out_1percent/confusion_matrix_cnn_task3.png
2026-08-14 20:22:53,481 - INFO - fit progress: (30, 3.04239851340403, {'accuracy': 0.0009653915165988311, 'micro_precision': 0.0009653915165988311, 'micro_recall': 0.0009653915165988311, 'micro_f1': 0.0009653915165988311, 'macro_precision': 8.776286514534828e-05, 'macro_recall': 0.09090909090909091, 'macro_f1': 0.00017535644266856336, 'weighted_precision': 9.319807803209912e-07, 'weighted_recall': 0.0009653915165988311, 'weighted_f1': 1.8621638434649842e-06}, 13618.200700485002)
2026-08-14 20:22:53,481 - INFO - configure_evaluate: no clients selected, skipping evaluation
2026-08-14 20:22:53,482 - INFO - 
2026-08-14 20:22:53,482 - INFO - [SUMMARY]
2026-08-14 20:22:53,483 - INFO - Run finished 30 round(s) in 13618.20s
2026-08-14 20:22:53,488 - INFO - 	History (loss, centralized):
2026-08-14 20:22:53,488 - INFO - 		round 1: 1.9111189634802515
2026-08-14 20:22:53,488 - INFO - 		round 2: 1.954032571120668
2026-08-14 20:22:53,488 - INFO - 		round 3: 1.9961857936283
2026-08-14 20:22:53,488 - INFO - 		round 4: 2.0506474300092643
2026-08-14 20:22:53,488 - INFO - 		round 5: 2.087285328548524
2026-08-14 20:22:53,488 - INFO - 		round 6: 2.1565360223841203
2026-08-14 20:22:53,488 - INFO - 		round 7: 2.1776523402431796
2026-08-14 20:22:53,488 - INFO - 		round 8: 2.261261013976588
2026-08-14 20:22:53,488 - INFO - 		round 9: 2.27643669857277
2026-08-14 20:22:53,489 - INFO - 		round 10: 2.3630421662532934
2026-08-14 20:22:53,489 - INFO - 		round 11: 2.3628724691729004
2026-08-14 20:22:53,489 - INFO - 		round 12: 2.4696359330708137
2026-08-14 20:22:53,489 - INFO - 		round 13: 2.469454644517667
2026-08-14 20:22:53,489 - INFO - 		round 14: 2.5474111550635365
2026-08-14 20:22:53,489 - INFO - 		round 15: 2.5569028350465834
2026-08-14 20:22:53,489 - INFO - 		round 16: 2.6530647399215526
2026-08-14 20:22:53,489 - INFO - 		round 17: 2.6743053603751314
2026-08-14 20:22:53,489 - INFO - 		round 18: 2.7356462887667523
2026-08-14 20:22:53,489 - INFO - 		round 19: 2.778565258860274
2026-08-14 20:22:53,490 - INFO - 		round 20: 2.8419842074048307
2026-08-14 20:22:53,490 - INFO - 		round 21: 2.8606796559735903
2026-08-14 20:22:53,490 - INFO - 		round 22: 2.9320484176212713
2026-08-14 20:22:53,490 - INFO - 		round 23: 2.9340987492919166
2026-08-14 20:22:53,490 - INFO - 		round 24: 3.025715186051086
2026-08-14 20:22:53,490 - INFO - 		round 25: 3.0012638873732125
2026-08-14 20:22:53,490 - INFO - 		round 26: 3.0869299710860756
2026-08-14 20:22:53,490 - INFO - 		round 27: 3.06590453048084
2026-08-14 20:22:53,490 - INFO - 		round 28: 3.061697616817125
2026-08-14 20:22:53,490 - INFO - 		round 29: 3.0603714969162126
2026-08-14 20:22:53,490 - INFO - 		round 30: 3.04239851340403
2026-08-14 20:22:53,490 - INFO - 	History (metrics, distributed, fit):
2026-08-14 20:22:53,490 - INFO - 	{'num_clients': [(1, 80),
2026-08-14 20:22:53,490 - INFO - 	                 (2, 80),
2026-08-14 20:22:53,490 - INFO - 	                 (3, 80),
2026-08-14 20:22:53,491 - INFO - 	                 (4, 80),
2026-08-14 20:22:53,491 - INFO - 	                 (5, 80),
2026-08-14 20:22:53,491 - INFO - 	                 (6, 80),
2026-08-14 20:22:53,491 - INFO - 	                 (7, 80),
2026-08-14 20:22:53,491 - INFO - 	                 (8, 80),
2026-08-14 20:22:53,491 - INFO - 	                 (9, 80),
2026-08-14 20:22:53,491 - INFO - 	                 (10, 80),
2026-08-14 20:22:53,491 - INFO - 	                 (11, 80),
2026-08-14 20:22:53,491 - INFO - 	                 (12, 80),
2026-08-14 20:22:53,491 - INFO - 	                 (13, 80),
2026-08-14 20:22:53,491 - INFO - 	                 (14, 80),
2026-08-14 20:22:53,491 - INFO - 	                 (15, 80),
2026-08-14 20:22:53,491 - INFO - 	                 (16, 80),
2026-08-14 20:22:53,491 - INFO - 	                 (17, 80),
2026-08-14 20:22:53,491 - INFO - 	                 (18, 80),
2026-08-14 20:22:53,492 - INFO - 	                 (19, 80),
2026-08-14 20:22:53,492 - INFO - 	                 (20, 80),
2026-08-14 20:22:53,492 - INFO - 	                 (21, 80),
2026-08-14 20:22:53,492 - INFO - 	                 (22, 80),
2026-08-14 20:22:53,492 - INFO - 	                 (23, 80),
2026-08-14 20:22:53,492 - INFO - 	                 (24, 80),
2026-08-14 20:22:53,492 - INFO - 	                 (25, 80),
2026-08-14 20:22:53,492 - INFO - 	                 (26, 80),
2026-08-14 20:22:53,492 - INFO - 	                 (27, 80),
2026-08-14 20:22:53,492 - INFO - 	                 (28, 80),
2026-08-14 20:22:53,492 - INFO - 	                 (29, 80),
2026-08-14 20:22:53,492 - INFO - 	                 (30, 80)],
2026-08-14 20:22:53,492 - INFO - 	 'train_loss': [(1, 5.339438493183564),
2026-08-14 20:22:53,492 - INFO - 	                (2, 5.129604576983142),
2026-08-14 20:22:53,493 - INFO - 	                (3, 4.91499241205488),
2026-08-14 20:22:53,493 - INFO - 	                (4, 4.7334746049523595),
2026-08-14 20:22:53,493 - INFO - 	                (5, 4.562863166532354),
2026-08-14 20:22:53,493 - INFO - 	                (6, 4.414922749016085),
2026-08-14 20:22:53,493 - INFO - 	                (7, 4.289253670145223),
2026-08-14 20:22:53,493 - INFO - 	                (8, 4.17950141997899),
2026-08-14 20:22:53,493 - INFO - 	                (9, 4.06680857904574),
2026-08-14 20:22:53,493 - INFO - 	                (10, 3.9475064396998776),
2026-08-14 20:22:53,493 - INFO - 	                (11, 3.856313550027573),
2026-08-14 20:22:53,493 - INFO - 	                (12, 3.758458538247862),
2026-08-14 20:22:53,493 - INFO - 	                (13, 3.666818739612944),
2026-08-14 20:22:53,493 - INFO - 	                (14, 3.5793720642423206),
2026-08-14 20:22:53,493 - INFO - 	                (15, 3.5025412406501233),
2026-08-14 20:22:53,494 - INFO - 	                (16, 3.4215390844441695),
2026-08-14 20:22:53,494 - INFO - 	                (17, 3.3418388444008276),
2026-08-14 20:22:53,494 - INFO - 	                (18, 3.272487064089751),
2026-08-14 20:22:53,494 - INFO - 	                (19, 3.203927375263615),
2026-08-14 20:22:53,494 - INFO - 	                (20, 3.1394231503435828),
2026-08-14 20:22:53,494 - INFO - 	                (21, 3.084187212634641),
2026-08-14 20:22:53,494 - INFO - 	                (22, 3.024163001570649),
2026-08-14 20:22:53,494 - INFO - 	                (23, 2.9773084434848056),
2026-08-14 20:22:53,494 - INFO - 	                (24, 2.9278965220086914),
2026-08-14 20:22:53,494 - INFO - 	                (25, 2.8800225224841483),
2026-08-14 20:22:53,494 - INFO - 	                (26, 2.8314719883329116),
2026-08-14 20:22:53,494 - INFO - 	                (27, 2.7865074864472974),
2026-08-14 20:22:53,494 - INFO - 	                (28, 2.7409431923750653),
2026-08-14 20:22:53,495 - INFO - 	                (29, 2.7058090616593806),
2026-08-14 20:22:53,495 - INFO - 	                (30, 2.6656660624659065)],
2026-08-14 20:22:53,495 - INFO - 	 'weight_entropy': [(1, 3.6859164073579227),
2026-08-14 20:22:53,495 - INFO - 	                    (2, 3.685916407357923),
2026-08-14 20:22:53,495 - INFO - 	                    (3, 3.685916407357923),
2026-08-14 20:22:53,495 - INFO - 	                    (4, 3.685916407357923),
2026-08-14 20:22:53,495 - INFO - 	                    (5, 3.685916407357923),
2026-08-14 20:22:53,495 - INFO - 	                    (6, 3.685916407357923),
2026-08-14 20:22:53,495 - INFO - 	                    (7, 3.685916407357923),
2026-08-14 20:22:53,495 - INFO - 	                    (8, 3.685916407357923),
2026-08-14 20:22:53,495 - INFO - 	                    (9, 3.685916407357923),
2026-08-14 20:22:53,495 - INFO - 	                    (10, 3.685916407357923),
2026-08-14 20:22:53,495 - INFO - 	                    (11, 3.6859164073579236),
2026-08-14 20:22:53,495 - INFO - 	                    (12, 3.685916407357923),
2026-08-14 20:22:53,496 - INFO - 	                    (13, 3.685916407357923),
2026-08-14 20:22:53,496 - INFO - 	                    (14, 3.685916407357923),
2026-08-14 20:22:53,496 - INFO - 	                    (15, 3.6859164073579227),
2026-08-14 20:22:53,496 - INFO - 	                    (16, 3.685916407357923),
2026-08-14 20:22:53,496 - INFO - 	                    (17, 3.685916407357923),
2026-08-14 20:22:53,496 - INFO - 	                    (18, 3.6859164073579236),
2026-08-14 20:22:53,496 - INFO - 	                    (19, 3.6859164073579227),
2026-08-14 20:22:53,496 - INFO - 	                    (20, 3.685916407357923),
2026-08-14 20:22:53,496 - INFO - 	                    (21, 3.685916407357923),
2026-08-14 20:22:53,496 - INFO - 	                    (22, 3.685916407357923),
2026-08-14 20:22:53,496 - INFO - 	                    (23, 3.685916407357923),
2026-08-14 20:22:53,496 - INFO - 	                    (24, 3.685916407357923),
2026-08-14 20:22:53,496 - INFO - 	                    (25, 3.6859164073579245),
2026-08-14 20:22:53,497 - INFO - 	                    (26, 3.685916407357923),
2026-08-14 20:22:53,497 - INFO - 	                    (27, 3.685916407357924),
2026-08-14 20:22:53,497 - INFO - 	                    (28, 3.685916407357923),
2026-08-14 20:22:53,497 - INFO - 	                    (29, 3.685916407357923),
2026-08-14 20:22:53,497 - INFO - 	                    (30, 3.685916407357923)],
2026-08-14 20:22:53,497 - INFO - 	 'weight_max': [(1, 0.10626216623292657),
2026-08-14 20:22:53,497 - INFO - 	                (2, 0.10626216623292657),
2026-08-14 20:22:53,497 - INFO - 	                (3, 0.10626216623292657),
2026-08-14 20:22:53,497 - INFO - 	                (4, 0.10626216623292657),
2026-08-14 20:22:53,497 - INFO - 	                (5, 0.10626216623292657),
2026-08-14 20:22:53,497 - INFO - 	                (6, 0.10626216623292657),
2026-08-14 20:22:53,497 - INFO - 	                (7, 0.10626216623292657),
2026-08-14 20:22:53,497 - INFO - 	                (8, 0.10626216623292657),
2026-08-14 20:22:53,498 - INFO - 	                (9, 0.10626216623292657),
2026-08-14 20:22:53,498 - INFO - 	                (10, 0.10626216623292657),
2026-08-14 20:22:53,498 - INFO - 	                (11, 0.10626216623292657),
2026-08-14 20:22:53,498 - INFO - 	                (12, 0.10626216623292657),
2026-08-14 20:22:53,498 - INFO - 	                (13, 0.10626216623292657),
2026-08-14 20:22:53,498 - INFO - 	                (14, 0.10626216623292657),
2026-08-14 20:22:53,498 - INFO - 	                (15, 0.10626216623292657),
2026-08-14 20:22:53,498 - INFO - 	                (16, 0.10626216623292657),
2026-08-14 20:22:53,498 - INFO - 	                (17, 0.10626216623292657),
2026-08-14 20:22:53,498 - INFO - 	                (18, 0.10626216623292657),
2026-08-14 20:22:53,498 - INFO - 	                (19, 0.10626216623292657),
2026-08-14 20:22:53,498 - INFO - 	                (20, 0.10626216623292657),
2026-08-14 20:22:53,498 - INFO - 	                (21, 0.10626216623292657),
2026-08-14 20:22:53,498 - INFO - 	                (22, 0.10626216623292657),
2026-08-14 20:22:53,499 - INFO - 	                (23, 0.10626216623292657),
2026-08-14 20:22:53,499 - INFO - 	                (24, 0.10626216623292657),
2026-08-14 20:22:53,499 - INFO - 	                (25, 0.10626216623292661),
2026-08-14 20:22:53,499 - INFO - 	                (26, 0.10626216623292657),
2026-08-14 20:22:53,499 - INFO - 	                (27, 0.10626216623292661),
2026-08-14 20:22:53,499 - INFO - 	                (28, 0.10626216623292657),
2026-08-14 20:22:53,499 - INFO - 	                (29, 0.10626216623292657),
2026-08-14 20:22:53,499 - INFO - 	                (30, 0.10626216623292657)],
2026-08-14 20:22:53,499 - INFO - 	 'weight_min': [(1, 0.0007477804793746833),
2026-08-14 20:22:53,499 - INFO - 	                (2, 0.0007477804793746833),
2026-08-14 20:22:53,499 - INFO - 	                (3, 0.0007477804793746833),
2026-08-14 20:22:53,499 - INFO - 	                (4, 0.0007477804793746833),
2026-08-14 20:22:53,499 - INFO - 	                (5, 0.0007477804793746833),
2026-08-14 20:22:53,499 - INFO - 	                (6, 0.0007477804793746833),
2026-08-14 20:22:53,500 - INFO - 	                (7, 0.0007477804793746833),
2026-08-14 20:22:53,500 - INFO - 	                (8, 0.0007477804793746833),
2026-08-14 20:22:53,500 - INFO - 	                (9, 0.0007477804793746833),
2026-08-14 20:22:53,500 - INFO - 	                (10, 0.0007477804793746833),
2026-08-14 20:22:53,500 - INFO - 	                (11, 0.0007477804793746833),
2026-08-14 20:22:53,500 - INFO - 	                (12, 0.0007477804793746833),
2026-08-14 20:22:53,500 - INFO - 	                (13, 0.0007477804793746833),
2026-08-14 20:22:53,500 - INFO - 	                (14, 0.0007477804793746833),
2026-08-14 20:22:53,500 - INFO - 	                (15, 0.0007477804793746833),
2026-08-14 20:22:53,500 - INFO - 	                (16, 0.0007477804793746833),
2026-08-14 20:22:53,500 - INFO - 	                (17, 0.0007477804793746833),
2026-08-14 20:22:53,500 - INFO - 	                (18, 0.0007477804793746833),
2026-08-14 20:22:53,500 - INFO - 	                (19, 0.0007477804793746833),
2026-08-14 20:22:53,500 - INFO - 	                (20, 0.0007477804793746833),
2026-08-14 20:22:53,501 - INFO - 	                (21, 0.0007477804793746833),
2026-08-14 20:22:53,501 - INFO - 	                (22, 0.0007477804793746833),
2026-08-14 20:22:53,501 - INFO - 	                (23, 0.0007477804793746833),
2026-08-14 20:22:53,501 - INFO - 	                (24, 0.0007477804793746833),
2026-08-14 20:22:53,501 - INFO - 	                (25, 0.0007477804793746835),
2026-08-14 20:22:53,501 - INFO - 	                (26, 0.0007477804793746833),
2026-08-14 20:22:53,501 - INFO - 	                (27, 0.0007477804793746835),
2026-08-14 20:22:53,501 - INFO - 	                (28, 0.0007477804793746833),
2026-08-14 20:22:53,501 - INFO - 	                (29, 0.0007477804793746833),
2026-08-14 20:22:53,501 - INFO - 	                (30, 0.0007477804793746833)]}
2026-08-14 20:22:53,501 - INFO - 	History (metrics, centralized):
2026-08-14 20:22:53,501 - INFO - 	{'accuracy': [(1, 0.0009653915165988311),
2026-08-14 20:22:53,501 - INFO - 	              (2, 0.0009653915165988311),
2026-08-14 20:22:53,501 - INFO - 	              (3, 0.0009653915165988311),
2026-08-14 20:22:53,501 - INFO - 	              (4, 0.0009653915165988311),
2026-08-14 20:22:53,502 - INFO - 	              (5, 0.0009653915165988311),
2026-08-14 20:22:53,502 - INFO - 	              (6, 0.0009653915165988311),
2026-08-14 20:22:53,502 - INFO - 	              (7, 0.0009653915165988311),
2026-08-14 20:22:53,502 - INFO - 	              (8, 0.0009653915165988311),
2026-08-14 20:22:53,502 - INFO - 	              (9, 0.0009653915165988311),
2026-08-14 20:22:53,502 - INFO - 	              (10, 0.0009653915165988311),
2026-08-14 20:22:53,502 - INFO - 	              (11, 0.0009653915165988311),
2026-08-14 20:22:53,502 - INFO - 	              (12, 0.0009653915165988311),
2026-08-14 20:22:53,502 - INFO - 	              (13, 0.0009653915165988311),
2026-08-14 20:22:53,502 - INFO - 	              (14, 0.0009653915165988311),
2026-08-14 20:22:53,502 - INFO - 	              (15, 0.0009653915165988311),
2026-08-14 20:22:53,502 - INFO - 	              (16, 0.0009653915165988311),
2026-08-14 20:22:53,502 - INFO - 	              (17, 0.0009653915165988311),
2026-08-14 20:22:53,502 - INFO - 	              (18, 0.0009653915165988311),
2026-08-14 20:22:53,503 - INFO - 	              (19, 0.0009653915165988311),
2026-08-14 20:22:53,503 - INFO - 	              (20, 0.0009653915165988311),
2026-08-14 20:22:53,503 - INFO - 	              (21, 0.0009653915165988311),
2026-08-14 20:22:53,503 - INFO - 	              (22, 0.0009653915165988311),
2026-08-14 20:22:53,503 - INFO - 	              (23, 0.0009653915165988311),
2026-08-14 20:22:53,503 - INFO - 	              (24, 0.0009653915165988311),
2026-08-14 20:22:53,503 - INFO - 	              (25, 0.0009653915165988311),
2026-08-14 20:22:53,503 - INFO - 	              (26, 0.0009653915165988311),
2026-08-14 20:22:53,503 - INFO - 	              (27, 0.0009653915165988311),
2026-08-14 20:22:53,503 - INFO - 	              (28, 0.0009653915165988311),
2026-08-14 20:22:53,503 - INFO - 	              (29, 0.0009653915165988311),
2026-08-14 20:22:53,503 - INFO - 	              (30, 0.0009653915165988311)],
2026-08-14 20:22:53,503 - INFO - 	 'macro_f1': [(1, 0.00017535644266856336),
2026-08-14 20:22:53,503 - INFO - 	              (2, 0.00017535644266856336),
2026-08-14 20:22:53,504 - INFO - 	              (3, 0.00017535644266856336),
2026-08-14 20:22:53,504 - INFO - 	              (4, 0.00017535644266856336),
2026-08-14 20:22:53,504 - INFO - 	              (5, 0.00017535644266856336),
2026-08-14 20:22:53,504 - INFO - 	              (6, 0.00017535644266856336),
2026-08-14 20:22:53,504 - INFO - 	              (7, 0.00017535644266856336),
2026-08-14 20:22:53,504 - INFO - 	              (8, 0.00017535644266856336),
2026-08-14 20:22:53,504 - INFO - 	              (9, 0.00017535644266856336),
2026-08-14 20:22:53,504 - INFO - 	              (10, 0.00017535644266856336),
2026-08-14 20:22:53,504 - INFO - 	              (11, 0.00017535644266856336),
2026-08-14 20:22:53,504 - INFO - 	              (12, 0.00017535644266856336),
2026-08-14 20:22:53,504 - INFO - 	              (13, 0.00017535644266856336),
2026-08-14 20:22:53,504 - INFO - 	              (14, 0.00017535644266856336),
2026-08-14 20:22:53,504 - INFO - 	              (15, 0.00017535644266856336),
2026-08-14 20:22:53,504 - INFO - 	              (16, 0.00017535644266856336),
2026-08-14 20:22:53,505 - INFO - 	              (17, 0.00017535644266856336),
2026-08-14 20:22:53,505 - INFO - 	              (18, 0.00017535644266856336),
2026-08-14 20:22:53,505 - INFO - 	              (19, 0.00017535644266856336),
2026-08-14 20:22:53,505 - INFO - 	              (20, 0.00017535644266856336),
2026-08-14 20:22:53,505 - INFO - 	              (21, 0.00017535644266856336),
2026-08-14 20:22:53,505 - INFO - 	              (22, 0.00017535644266856336),
2026-08-14 20:22:53,505 - INFO - 	              (23, 0.00017535644266856336),
2026-08-14 20:22:53,505 - INFO - 	              (24, 0.00017535644266856336),
2026-08-14 20:22:53,505 - INFO - 	              (25, 0.00017535644266856336),
2026-08-14 20:22:53,505 - INFO - 	              (26, 0.00017535644266856336),
2026-08-14 20:22:53,505 - INFO - 	              (27, 0.00017535644266856336),
2026-08-14 20:22:53,505 - INFO - 	              (28, 0.00017535644266856336),
2026-08-14 20:22:53,505 - INFO - 	              (29, 0.00017535644266856336),
2026-08-14 20:22:53,505 - INFO - 	              (30, 0.00017535644266856336)],
2026-08-14 20:22:53,505 - INFO - 	 'macro_precision': [(1, 8.776286514534828e-05),
2026-08-14 20:22:53,505 - INFO - 	                     (2, 8.776286514534828e-05),
2026-08-14 20:22:53,506 - INFO - 	                     (3, 8.776286514534828e-05),
2026-08-14 20:22:53,506 - INFO - 	                     (4, 8.776286514534828e-05),
2026-08-14 20:22:53,506 - INFO - 	                     (5, 8.776286514534828e-05),
2026-08-14 20:22:53,506 - INFO - 	                     (6, 8.776286514534828e-05),
2026-08-14 20:22:53,506 - INFO - 	                     (7, 8.776286514534828e-05),
2026-08-14 20:22:53,506 - INFO - 	                     (8, 8.776286514534828e-05),
2026-08-14 20:22:53,506 - INFO - 	                     (9, 8.776286514534828e-05),
2026-08-14 20:22:53,506 - INFO - 	                     (10, 8.776286514534828e-05),
2026-08-14 20:22:53,506 - INFO - 	                     (11, 8.776286514534828e-05),
2026-08-14 20:22:53,506 - INFO - 	                     (12, 8.776286514534828e-05),
2026-08-14 20:22:53,506 - INFO - 	                     (13, 8.776286514534828e-05),
2026-08-14 20:22:53,506 - INFO - 	                     (14, 8.776286514534828e-05),
2026-08-14 20:22:53,506 - INFO - 	                     (15, 8.776286514534828e-05),
2026-08-14 20:22:53,506 - INFO - 	                     (16, 8.776286514534828e-05),
2026-08-14 20:22:53,506 - INFO - 	                     (17, 8.776286514534828e-05),
2026-08-14 20:22:53,506 - INFO - 	                     (18, 8.776286514534828e-05),
2026-08-14 20:22:53,507 - INFO - 	                     (19, 8.776286514534828e-05),
2026-08-14 20:22:53,507 - INFO - 	                     (20, 8.776286514534828e-05),
2026-08-14 20:22:53,507 - INFO - 	                     (21, 8.776286514534828e-05),
2026-08-14 20:22:53,507 - INFO - 	                     (22, 8.776286514534828e-05),
2026-08-14 20:22:53,507 - INFO - 	                     (23, 8.776286514534828e-05),
2026-08-14 20:22:53,507 - INFO - 	                     (24, 8.776286514534828e-05),
2026-08-14 20:22:53,507 - INFO - 	                     (25, 8.776286514534828e-05),
2026-08-14 20:22:53,507 - INFO - 	                     (26, 8.776286514534828e-05),
2026-08-14 20:22:53,507 - INFO - 	                     (27, 8.776286514534828e-05),
2026-08-14 20:22:53,507 - INFO - 	                     (28, 8.776286514534828e-05),
2026-08-14 20:22:53,507 - INFO - 	                     (29, 8.776286514534828e-05),
2026-08-14 20:22:53,507 - INFO - 	                     (30, 8.776286514534828e-05)],
2026-08-14 20:22:53,507 - INFO - 	 'macro_recall': [(1, 0.09090909090909091),
2026-08-14 20:22:53,508 - INFO - 	                  (2, 0.09090909090909091),
2026-08-14 20:22:53,508 - INFO - 	                  (3, 0.09090909090909091),
2026-08-14 20:22:53,508 - INFO - 	                  (4, 0.09090909090909091),
2026-08-14 20:22:53,508 - INFO - 	                  (5, 0.09090909090909091),
2026-08-14 20:22:53,508 - INFO - 	                  (6, 0.09090909090909091),
2026-08-14 20:22:53,508 - INFO - 	                  (7, 0.09090909090909091),
2026-08-14 20:22:53,508 - INFO - 	                  (8, 0.09090909090909091),
2026-08-14 20:22:53,508 - INFO - 	                  (9, 0.09090909090909091),
2026-08-14 20:22:53,508 - INFO - 	                  (10, 0.09090909090909091),
2026-08-14 20:22:53,508 - INFO - 	                  (11, 0.09090909090909091),
2026-08-14 20:22:53,508 - INFO - 	                  (12, 0.09090909090909091),
2026-08-14 20:22:53,508 - INFO - 	                  (13, 0.09090909090909091),
2026-08-14 20:22:53,508 - INFO - 	                  (14, 0.09090909090909091),
2026-08-14 20:22:53,508 - INFO - 	                  (15, 0.09090909090909091),
2026-08-14 20:22:53,509 - INFO - 	                  (16, 0.09090909090909091),
2026-08-14 20:22:53,509 - INFO - 	                  (17, 0.09090909090909091),
2026-08-14 20:22:53,509 - INFO - 	                  (18, 0.09090909090909091),
2026-08-14 20:22:53,509 - INFO - 	                  (19, 0.09090909090909091),
2026-08-14 20:22:53,509 - INFO - 	                  (20, 0.09090909090909091),
2026-08-14 20:22:53,509 - INFO - 	                  (21, 0.09090909090909091),
2026-08-14 20:22:53,509 - INFO - 	                  (22, 0.09090909090909091),
2026-08-14 20:22:53,509 - INFO - 	                  (23, 0.09090909090909091),
2026-08-14 20:22:53,509 - INFO - 	                  (24, 0.09090909090909091),
2026-08-14 20:22:53,509 - INFO - 	                  (25, 0.09090909090909091),
2026-08-14 20:22:53,509 - INFO - 	                  (26, 0.09090909090909091),
2026-08-14 20:22:53,509 - INFO - 	                  (27, 0.09090909090909091),
2026-08-14 20:22:53,509 - INFO - 	                  (28, 0.09090909090909091),
2026-08-14 20:22:53,509 - INFO - 	                  (29, 0.09090909090909091),
2026-08-14 20:22:53,510 - INFO - 	                  (30, 0.09090909090909091)],
2026-08-14 20:22:53,510 - INFO - 	 'micro_f1': [(1, 0.0009653915165988311),
2026-08-14 20:22:53,510 - INFO - 	              (2, 0.0009653915165988311),
2026-08-14 20:22:53,510 - INFO - 	              (3, 0.0009653915165988311),
2026-08-14 20:22:53,510 - INFO - 	              (4, 0.0009653915165988311),
2026-08-14 20:22:53,510 - INFO - 	              (5, 0.0009653915165988311),
2026-08-14 20:22:53,510 - INFO - 	              (6, 0.0009653915165988311),
2026-08-14 20:22:53,510 - INFO - 	              (7, 0.0009653915165988311),
2026-08-14 20:22:53,510 - INFO - 	              (8, 0.0009653915165988311),
2026-08-14 20:22:53,510 - INFO - 	              (9, 0.0009653915165988311),
2026-08-14 20:22:53,510 - INFO - 	              (10, 0.0009653915165988311),
2026-08-14 20:22:53,510 - INFO - 	              (11, 0.0009653915165988311),
2026-08-14 20:22:53,510 - INFO - 	              (12, 0.0009653915165988311),
2026-08-14 20:22:53,511 - INFO - 	              (13, 0.0009653915165988311),
2026-08-14 20:22:53,511 - INFO - 	              (14, 0.0009653915165988311),
2026-08-14 20:22:53,511 - INFO - 	              (15, 0.0009653915165988311),
2026-08-14 20:22:53,511 - INFO - 	              (16, 0.0009653915165988311),
2026-08-14 20:22:53,511 - INFO - 	              (17, 0.0009653915165988311),
2026-08-14 20:22:53,511 - INFO - 	              (18, 0.0009653915165988311),
2026-08-14 20:22:53,511 - INFO - 	              (19, 0.0009653915165988311),
2026-08-14 20:22:53,511 - INFO - 	              (20, 0.0009653915165988311),
2026-08-14 20:22:53,511 - INFO - 	              (21, 0.0009653915165988311),
2026-08-14 20:22:53,511 - INFO - 	              (22, 0.0009653915165988311),
2026-08-14 20:22:53,511 - INFO - 	              (23, 0.0009653915165988311),
2026-08-14 20:22:53,511 - INFO - 	              (24, 0.0009653915165988311),
2026-08-14 20:22:53,511 - INFO - 	              (25, 0.0009653915165988311),
2026-08-14 20:22:53,511 - INFO - 	              (26, 0.0009653915165988311),
2026-08-14 20:22:53,512 - INFO - 	              (27, 0.0009653915165988311),
2026-08-14 20:22:53,512 - INFO - 	              (28, 0.0009653915165988311),
2026-08-14 20:22:53,512 - INFO - 	              (29, 0.0009653915165988311),
2026-08-14 20:22:53,512 - INFO - 	              (30, 0.0009653915165988311)],
2026-08-14 20:22:53,512 - INFO - 	 'micro_precision': [(1, 0.0009653915165988311),
2026-08-14 20:22:53,512 - INFO - 	                     (2, 0.0009653915165988311),
2026-08-14 20:22:53,512 - INFO - 	                     (3, 0.0009653915165988311),
2026-08-14 20:22:53,512 - INFO - 	                     (4, 0.0009653915165988311),
2026-08-14 20:22:53,512 - INFO - 	                     (5, 0.0009653915165988311),
2026-08-14 20:22:53,512 - INFO - 	                     (6, 0.0009653915165988311),
2026-08-14 20:22:53,512 - INFO - 	                     (7, 0.0009653915165988311),
2026-08-14 20:22:53,512 - INFO - 	                     (8, 0.0009653915165988311),
2026-08-14 20:22:53,512 - INFO - 	                     (9, 0.0009653915165988311),
2026-08-14 20:22:53,512 - INFO - 	                     (10, 0.0009653915165988311),
2026-08-14 20:22:53,513 - INFO - 	                     (11, 0.0009653915165988311),
2026-08-14 20:22:53,513 - INFO - 	                     (12, 0.0009653915165988311),
2026-08-14 20:22:53,513 - INFO - 	                     (13, 0.0009653915165988311),
2026-08-14 20:22:53,513 - INFO - 	                     (14, 0.0009653915165988311),
2026-08-14 20:22:53,513 - INFO - 	                     (15, 0.0009653915165988311),
2026-08-14 20:22:53,513 - INFO - 	                     (16, 0.0009653915165988311),
2026-08-14 20:22:53,513 - INFO - 	                     (17, 0.0009653915165988311),
2026-08-14 20:22:53,513 - INFO - 	                     (18, 0.0009653915165988311),
2026-08-14 20:22:53,513 - INFO - 	                     (19, 0.0009653915165988311),
2026-08-14 20:22:53,513 - INFO - 	                     (20, 0.0009653915165988311),
2026-08-14 20:22:53,513 - INFO - 	                     (21, 0.0009653915165988311),
2026-08-14 20:22:53,513 - INFO - 	                     (22, 0.0009653915165988311),
2026-08-14 20:22:53,513 - INFO - 	                     (23, 0.0009653915165988311),
2026-08-14 20:22:53,513 - INFO - 	                     (24, 0.0009653915165988311),
2026-08-14 20:22:53,514 - INFO - 	                     (25, 0.0009653915165988311),
2026-08-14 20:22:53,514 - INFO - 	                     (26, 0.0009653915165988311),
2026-08-14 20:22:53,514 - INFO - 	                     (27, 0.0009653915165988311),
2026-08-14 20:22:53,514 - INFO - 	                     (28, 0.0009653915165988311),
2026-08-14 20:22:53,514 - INFO - 	                     (29, 0.0009653915165988311),
2026-08-14 20:22:53,514 - INFO - 	                     (30, 0.0009653915165988311)],
2026-08-14 20:22:53,514 - INFO - 	 'micro_recall': [(1, 0.0009653915165988311),
2026-08-14 20:22:53,514 - INFO - 	                  (2, 0.0009653915165988311),
2026-08-14 20:22:53,514 - INFO - 	                  (3, 0.0009653915165988311),
2026-08-14 20:22:53,514 - INFO - 	                  (4, 0.0009653915165988311),
2026-08-14 20:22:53,514 - INFO - 	                  (5, 0.0009653915165988311),
2026-08-14 20:22:53,514 - INFO - 	                  (6, 0.0009653915165988311),
2026-08-14 20:22:53,514 - INFO - 	                  (7, 0.0009653915165988311),
2026-08-14 20:22:53,514 - INFO - 	                  (8, 0.0009653915165988311),
2026-08-14 20:22:53,514 - INFO - 	                  (9, 0.0009653915165988311),
2026-08-14 20:22:53,515 - INFO - 	                  (10, 0.0009653915165988311),
2026-08-14 20:22:53,515 - INFO - 	                  (11, 0.0009653915165988311),
2026-08-14 20:22:53,515 - INFO - 	                  (12, 0.0009653915165988311),
2026-08-14 20:22:53,515 - INFO - 	                  (13, 0.0009653915165988311),
2026-08-14 20:22:53,515 - INFO - 	                  (14, 0.0009653915165988311),
2026-08-14 20:22:53,515 - INFO - 	                  (15, 0.0009653915165988311),
2026-08-14 20:22:53,515 - INFO - 	                  (16, 0.0009653915165988311),
2026-08-14 20:22:53,515 - INFO - 	                  (17, 0.0009653915165988311),
2026-08-14 20:22:53,515 - INFO - 	                  (18, 0.0009653915165988311),
2026-08-14 20:22:53,515 - INFO - 	                  (19, 0.0009653915165988311),
2026-08-14 20:22:53,515 - INFO - 	                  (20, 0.0009653915165988311),
2026-08-14 20:22:53,515 - INFO - 	                  (21, 0.0009653915165988311),
2026-08-14 20:22:53,515 - INFO - 	                  (22, 0.0009653915165988311),
2026-08-14 20:22:53,515 - INFO - 	                  (23, 0.0009653915165988311),
2026-08-14 20:22:53,516 - INFO - 	                  (24, 0.0009653915165988311),
2026-08-14 20:22:53,516 - INFO - 	                  (25, 0.0009653915165988311),
2026-08-14 20:22:53,516 - INFO - 	                  (26, 0.0009653915165988311),
2026-08-14 20:22:53,516 - INFO - 	                  (27, 0.0009653915165988311),
2026-08-14 20:22:53,516 - INFO - 	                  (28, 0.0009653915165988311),
2026-08-14 20:22:53,516 - INFO - 	                  (29, 0.0009653915165988311),
2026-08-14 20:22:53,516 - INFO - 	                  (30, 0.0009653915165988311)],
2026-08-14 20:22:53,516 - INFO - 	 'weighted_f1': [(1, 1.8621638434649842e-06),
2026-08-14 20:22:53,516 - INFO - 	                 (2, 1.8621638434649842e-06),
2026-08-14 20:22:53,516 - INFO - 	                 (3, 1.8621638434649842e-06),
2026-08-14 20:22:53,516 - INFO - 	                 (4, 1.8621638434649842e-06),
2026-08-14 20:22:53,516 - INFO - 	                 (5, 1.8621638434649842e-06),
2026-08-14 20:22:53,516 - INFO - 	                 (6, 1.8621638434649842e-06),
2026-08-14 20:22:53,516 - INFO - 	                 (7, 1.8621638434649842e-06),
2026-08-14 20:22:53,516 - INFO - 	                 (8, 1.8621638434649842e-06),
2026-08-14 20:22:53,516 - INFO - 	                 (9, 1.8621638434649842e-06),
2026-08-14 20:22:53,517 - INFO - 	                 (10, 1.8621638434649842e-06),
2026-08-14 20:22:53,517 - INFO - 	                 (11, 1.8621638434649842e-06),
2026-08-14 20:22:53,517 - INFO - 	                 (12, 1.8621638434649842e-06),
2026-08-14 20:22:53,517 - INFO - 	                 (13, 1.8621638434649842e-06),
2026-08-14 20:22:53,517 - INFO - 	                 (14, 1.8621638434649842e-06),
2026-08-14 20:22:53,517 - INFO - 	                 (15, 1.8621638434649842e-06),
2026-08-14 20:22:53,517 - INFO - 	                 (16, 1.8621638434649842e-06),
2026-08-14 20:22:53,517 - INFO - 	                 (17, 1.8621638434649842e-06),
2026-08-14 20:22:53,517 - INFO - 	                 (18, 1.8621638434649842e-06),
2026-08-14 20:22:53,517 - INFO - 	                 (19, 1.8621638434649842e-06),
2026-08-14 20:22:53,517 - INFO - 	                 (20, 1.8621638434649842e-06),
2026-08-14 20:22:53,517 - INFO - 	                 (21, 1.8621638434649842e-06),
2026-08-14 20:22:53,517 - INFO - 	                 (22, 1.8621638434649842e-06),
2026-08-14 20:22:53,517 - INFO - 	                 (23, 1.8621638434649842e-06),
2026-08-14 20:22:53,517 - INFO - 	                 (24, 1.8621638434649842e-06),
2026-08-14 20:22:53,517 - INFO - 	                 (25, 1.8621638434649842e-06),
2026-08-14 20:22:53,517 - INFO - 	                 (26, 1.8621638434649842e-06),
2026-08-14 20:22:53,517 - INFO - 	                 (27, 1.8621638434649842e-06),
2026-08-14 20:22:53,517 - INFO - 	                 (28, 1.8621638434649842e-06),
2026-08-14 20:22:53,517 - INFO - 	                 (29, 1.8621638434649842e-06),
2026-08-14 20:22:53,517 - INFO - 	                 (30, 1.8621638434649842e-06)],
2026-08-14 20:22:53,517 - INFO - 	 'weighted_precision': [(1, 9.319807803209912e-07),
2026-08-14 20:22:53,517 - INFO - 	                        (2, 9.319807803209912e-07),
2026-08-14 20:22:53,518 - INFO - 	                        (3, 9.319807803209912e-07),
2026-08-14 20:22:53,518 - INFO - 	                        (4, 9.319807803209912e-07),
2026-08-14 20:22:53,518 - INFO - 	                        (5, 9.319807803209912e-07),
2026-08-14 20:22:53,518 - INFO - 	                        (6, 9.319807803209912e-07),
2026-08-14 20:22:53,518 - INFO - 	                        (7, 9.319807803209912e-07),
2026-08-14 20:22:53,518 - INFO - 	                        (8, 9.319807803209912e-07),
2026-08-14 20:22:53,518 - INFO - 	                        (9, 9.319807803209912e-07),
2026-08-14 20:22:53,518 - INFO - 	                        (10, 9.319807803209912e-07),
2026-08-14 20:22:53,518 - INFO - 	                        (11, 9.319807803209912e-07),
2026-08-14 20:22:53,518 - INFO - 	                        (12, 9.319807803209912e-07),
2026-08-14 20:22:53,518 - INFO - 	                        (13, 9.319807803209912e-07),
2026-08-14 20:22:53,518 - INFO - 	                        (14, 9.319807803209912e-07),
2026-08-14 20:22:53,518 - INFO - 	                        (15, 9.319807803209912e-07),
2026-08-14 20:22:53,518 - INFO - 	                        (16, 9.319807803209912e-07),
2026-08-14 20:22:53,518 - INFO - 	                        (17, 9.319807803209912e-07),
2026-08-14 20:22:53,518 - INFO - 	                        (18, 9.319807803209912e-07),
2026-08-14 20:22:53,518 - INFO - 	                        (19, 9.319807803209912e-07),
2026-08-14 20:22:53,518 - INFO - 	                        (20, 9.319807803209912e-07),
2026-08-14 20:22:53,518 - INFO - 	                        (21, 9.319807803209912e-07),
2026-08-14 20:22:53,518 - INFO - 	                        (22, 9.319807803209912e-07),
2026-08-14 20:22:53,518 - INFO - 	                        (23, 9.319807803209912e-07),
2026-08-14 20:22:53,518 - INFO - 	                        (24, 9.319807803209912e-07),
2026-08-14 20:22:53,518 - INFO - 	                        (25, 9.319807803209912e-07),
2026-08-14 20:22:53,519 - INFO - 	                        (26, 9.319807803209912e-07),
2026-08-14 20:22:53,519 - INFO - 	                        (27, 9.319807803209912e-07),
2026-08-14 20:22:53,519 - INFO - 	                        (28, 9.319807803209912e-07),
2026-08-14 20:22:53,519 - INFO - 	                        (29, 9.319807803209912e-07),
2026-08-14 20:22:53,519 - INFO - 	                        (30, 9.319807803209912e-07)],
2026-08-14 20:22:53,519 - INFO - 	 'weighted_recall': [(1, 0.0009653915165988311),
2026-08-14 20:22:53,519 - INFO - 	                     (2, 0.0009653915165988311),
2026-08-14 20:22:53,519 - INFO - 	                     (3, 0.0009653915165988311),
2026-08-14 20:22:53,519 - INFO - 	                     (4, 0.0009653915165988311),
2026-08-14 20:22:53,519 - INFO - 	                     (5, 0.0009653915165988311),
2026-08-14 20:22:53,519 - INFO - 	                     (6, 0.0009653915165988311),
2026-08-14 20:22:53,519 - INFO - 	                     (7, 0.0009653915165988311),
2026-08-14 20:22:53,519 - INFO - 	                     (8, 0.0009653915165988311),
2026-08-14 20:22:53,519 - INFO - 	                     (9, 0.0009653915165988311),
2026-08-14 20:22:53,519 - INFO - 	                     (10, 0.0009653915165988311),
2026-08-14 20:22:53,520 - INFO - 	                     (11, 0.0009653915165988311),
2026-08-14 20:22:53,520 - INFO - 	                     (12, 0.0009653915165988311),
2026-08-14 20:22:53,520 - INFO - 	                     (13, 0.0009653915165988311),
2026-08-14 20:22:53,520 - INFO - 	                     (14, 0.0009653915165988311),
2026-08-14 20:22:53,520 - INFO - 	                     (15, 0.0009653915165988311),
2026-08-14 20:22:53,520 - INFO - 	                     (16, 0.0009653915165988311),
2026-08-14 20:22:53,520 - INFO - 	                     (17, 0.0009653915165988311),
2026-08-14 20:22:53,520 - INFO - 	                     (18, 0.0009653915165988311),
2026-08-14 20:22:53,520 - INFO - 	                     (19, 0.0009653915165988311),
2026-08-14 20:22:53,520 - INFO - 	                     (20, 0.0009653915165988311),
2026-08-14 20:22:53,520 - INFO - 	                     (21, 0.0009653915165988311),
2026-08-14 20:22:53,520 - INFO - 	                     (22, 0.0009653915165988311),
2026-08-14 20:22:53,520 - INFO - 	                     (23, 0.0009653915165988311),
2026-08-14 20:22:53,520 - INFO - 	                     (24, 0.0009653915165988311),
2026-08-14 20:22:53,521 - INFO - 	                     (25, 0.0009653915165988311),
2026-08-14 20:22:53,521 - INFO - 	                     (26, 0.0009653915165988311),
2026-08-14 20:22:53,521 - INFO - 	                     (27, 0.0009653915165988311),
2026-08-14 20:22:53,521 - INFO - 	                     (28, 0.0009653915165988311),
2026-08-14 20:22:53,521 - INFO - 	                     (29, 0.0009653915165988311),
2026-08-14 20:22:53,521 - INFO - 	                     (30, 0.0009653915165988311)]}
2026-08-14 20:22:53,521 - INFO - 
2026-08-14 20:22:53,526 - INFO - Nap global test: /kaggle/input/datasets/tongxuanvu/100clientiov/global_test_data.pt
2026-08-14 20:22:55,425 - INFO - Global test goc: n=42048683
2026-08-14 20:22:57,160 - INFO - Task 4: loc ve lop 0-12 -> n=42048683
2026-08-14 20:22:57,160 - INFO - Danh gia moi round tren n=42048683 mau (dtype=float16)
2026-08-14 20:22:57,171 - INFO - ===== Task 4: 100 client, 30 round =====
2026-08-14 20:22:57,171 - WARNING - DEPRECATED FEATURE: flwr.simulation.start_simulation() is deprecated.
	Instead, use the `flwr run` CLI command to start a local simulation in your Flower app, as shown for example below:

		$ flwr new  # Create a new Flower app from a template

		$ flwr run  # Run the Flower app in Simulation Mode

	Using `start_simulation()` is deprecated.

            This is a deprecated feature. It will be removed
            entirely in future versions of Flower.
        
2026-08-14 20:22:57,172 - INFO - Starting Flower simulation, config: num_rounds=30, no round_timeout
2026-08-14 20:23:07,330 - INFO - Flower VCE: Ray initialized with resources: {'node:172.19.2.2': 1.0, 'GPU': 2.0, 'object_store_memory': 8279334912.0, 'accelerator_type:T4': 1.0, 'node:__internal_head__': 1.0, 'CPU': 4.0, 'memory': 19318448128.0}
2026-08-14 20:23:07,331 - INFO - Optimize your simulation with Flower VCE: https://flower.ai/docs/framework/how-to-run-simulations.html
2026-08-14 20:23:07,331 - INFO - Flower VCE: Resources for each Virtual Client: {'num_cpus': 1.0, 'num_gpus': 0.5}
2026-08-14 20:23:07,349 - INFO - Flower VCE: Creating VirtualClientEngineActorPool with 4 actors
2026-08-14 20:23:07,351 - INFO - [INIT]
2026-08-14 20:23:07,351 - INFO - Using initial global parameters provided by strategy
2026-08-14 20:23:07,351 - INFO - Starting evaluation of initial global parameters
2026-08-14 20:23:07,355 - INFO - Evaluation returned no results (`None`)
2026-08-14 20:23:07,355 - INFO - 
2026-08-14 20:23:07,355 - INFO - [ROUND 1]
2026-08-14 20:23:07,355 - INFO - configure_fit: strategy sampled 100 clients (out of 100)
2026-08-14 20:23:25,920 - INFO - aggregate_fit: received 100 results and 0 failures
2026-08-14 20:23:26,101 - INFO - [Round 1] tong hop 100 controller (paper) | trong so 0.0005..0.0889 entropy=3.961 train_loss=2.7369
2026-08-14 20:23:26,106 - INFO - [Round 121] luu checkpoint -> out_1percent/checkpoints_cnn/round_121.pth
2026-08-14 20:30:57,829 - INFO - [Round 121] loss=2.9988 acc=0.0010 | micro P/R/F1=0.0010/0.0010/0.0010 | macro P/R/F1=0.0001/0.0769/0.0001 | weighted P/R/F1=0.0000/0.0010/0.0000
2026-08-14 20:30:57,830 - INFO - fit progress: (1, 2.9988468147824436, {'accuracy': 0.0009641681286426974, 'micro_precision': 0.0009641681286426974, 'micro_recall': 0.0009641681286426974, 'micro_f1': 0.0009641681286426974, 'macro_precision': 7.416677912636134e-05, 'macro_recall': 0.07692307692307693, 'macro_f1': 0.0001481906775244916, 'weighted_precision': 9.296201802903609e-07, 'weighted_recall': 0.0009641681286426974, 'weighted_f1': 1.8574494670040723e-06}, 470.47537934999855)
2026-08-14 20:30:57,831 - INFO - configure_evaluate: no clients selected, skipping evaluation
2026-08-14 20:30:57,831 - INFO - 
2026-08-14 20:30:57,831 - INFO - [ROUND 2]
2026-08-14 20:30:57,831 - INFO - configure_fit: strategy sampled 100 clients (out of 100)
2026-08-14 20:31:00,091 - INFO - aggregate_fit: received 100 results and 0 failures
2026-08-14 20:31:00,234 - INFO - [Round 2] tong hop 100 controller (paper) | trong so 0.0005..0.0889 entropy=3.961 train_loss=2.5368
2026-08-14 20:31:00,238 - INFO - [Round 122] luu checkpoint -> out_1percent/checkpoints_cnn/round_122.pth
2026-08-14 20:38:32,324 - INFO - [Round 122] loss=2.9697 acc=0.0010 | micro P/R/F1=0.0010/0.0010/0.0010 | macro P/R/F1=0.0001/0.0769/0.0001 | weighted P/R/F1=0.0000/0.0010/0.0000
2026-08-14 20:38:32,325 - INFO - fit progress: (2, 2.969689377330094, {'accuracy': 0.0009641681286426974, 'micro_precision': 0.0009641681286426974, 'micro_recall': 0.0009641681286426974, 'micro_f1': 0.0009641681286426974, 'macro_precision': 7.416677912636134e-05, 'macro_recall': 0.07692307692307693, 'macro_f1': 0.0001481906775244916, 'weighted_precision': 9.296201802903609e-07, 'weighted_recall': 0.0009641681286426974, 'weighted_f1': 1.8574494670040723e-06}, 924.9699165280035)
2026-08-14 20:38:32,325 - INFO - configure_evaluate: no clients selected, skipping evaluation
2026-08-14 20:38:32,325 - INFO - 
2026-08-14 20:38:32,325 - INFO - [ROUND 3]
2026-08-14 20:38:32,326 - INFO - configure_fit: strategy sampled 100 clients (out of 100)
2026-08-14 20:38:34,590 - INFO - aggregate_fit: received 100 results and 0 failures
2026-08-14 20:38:34,737 - INFO - [Round 3] tong hop 100 controller (paper) | trong so 0.0005..0.0889 entropy=3.961 train_loss=2.3769
2026-08-14 20:38:34,742 - INFO - [Round 123] luu checkpoint -> out_1percent/checkpoints_cnn/round_123.pth
2026-08-14 20:46:06,257 - INFO - [Round 123] loss=2.9372 acc=0.0010 | micro P/R/F1=0.0010/0.0010/0.0010 | macro P/R/F1=0.0001/0.0769/0.0001 | weighted P/R/F1=0.0000/0.0010/0.0000
2026-08-14 20:46:06,259 - INFO - fit progress: (3, 2.9372249178874337, {'accuracy': 0.0009641681286426974, 'micro_precision': 0.0009641681286426974, 'micro_recall': 0.0009641681286426974, 'micro_f1': 0.0009641681286426974, 'macro_precision': 7.416677912636134e-05, 'macro_recall': 0.07692307692307693, 'macro_f1': 0.0001481906775244916, 'weighted_precision': 9.296201802903609e-07, 'weighted_recall': 0.0009641681286426974, 'weighted_f1': 1.8574494670040723e-06}, 1378.9038678319994)
2026-08-14 20:46:06,259 - INFO - configure_evaluate: no clients selected, skipping evaluation
2026-08-14 20:46:06,259 - INFO - 
2026-08-14 20:46:06,259 - INFO - [ROUND 4]
2026-08-14 20:46:06,260 - INFO - configure_fit: strategy sampled 100 clients (out of 100)
2026-08-14 20:46:08,454 - INFO - aggregate_fit: received 100 results and 0 failures
2026-08-14 20:46:08,598 - INFO - [Round 4] tong hop 100 controller (paper) | trong so 0.0005..0.0889 entropy=3.961 train_loss=2.2529
2026-08-14 20:46:08,603 - INFO - [Round 124] luu checkpoint -> out_1percent/checkpoints_cnn/round_124.pth
2026-08-14 20:53:40,879 - INFO - [Round 124] loss=2.9013 acc=0.0010 | micro P/R/F1=0.0010/0.0010/0.0010 | macro P/R/F1=0.0003/0.0772/0.0004 | weighted P/R/F1=0.0000/0.0010/0.0000
2026-08-14 20:53:40,881 - INFO - fit progress: (4, 2.9013289731077903, {'accuracy': 0.0009705892572188289, 'micro_precision': 0.0009705892572188289, 'micro_recall': 0.0009705892572188289, 'micro_f1': 0.0009705892572188289, 'macro_precision': 0.00029695299140698386, 'macro_recall': 0.07723158735472871, 'macro_f1': 0.0004071411922123048, 'weighted_precision': 5.565177122318357e-06, 'weighted_recall': 0.0009705892572188289, 'weighted_f1': 7.2443457317015536e-06}, 1833.5259919329983)
2026-08-14 20:53:40,881 - INFO - configure_evaluate: no clients selected, skipping evaluation
2026-08-14 20:53:40,881 - INFO - 
2026-08-14 20:53:40,882 - INFO - [ROUND 5]
2026-08-14 20:53:40,882 - INFO - configure_fit: strategy sampled 100 clients (out of 100)
2026-08-14 20:53:43,273 - INFO - aggregate_fit: received 100 results and 0 failures
2026-08-14 20:53:43,433 - INFO - [Round 5] tong hop 100 controller (paper) | trong so 0.0005..0.0889 entropy=3.961 train_loss=2.1483
2026-08-14 20:53:43,437 - INFO - [Round 125] luu checkpoint -> out_1percent/checkpoints_cnn/round_125.pth
2026-08-14 21:01:16,394 - INFO - [Round 125] loss=2.8775 acc=0.0010 | micro P/R/F1=0.0010/0.0010/0.0010 | macro P/R/F1=0.0001/0.0775/0.0003 | weighted P/R/F1=0.0000/0.0010/0.0000
2026-08-14 21:01:19,259 - INFO - Luu out_1percent/confusion_matrix_cnn_task4.csv
2026-08-14 21:01:19,259 - INFO - Luu out_1percent/confusion_matrix_cnn_task4_normalized.csv
2026-08-14 21:01:27,721 - INFO - Luu out_1percent/classification_report_cnn_task4.txt
                 precision    recall  f1-score   support

         Benign     0.0000    0.0000    0.0000  41700592
            DoS     0.0000    0.0000    0.0000    145129
         double     0.0000    0.0000    0.0000     12413
  force-neutral     0.0000    0.0000    0.0000      5744
        fuzzing     0.0009    0.0916    0.0018     67321
       interval     0.0011    0.9164    0.0021     40542
            rpm     0.0000    0.0000    0.0000      5043
  rpm-accessory     0.0000    0.0000    0.0000      3146
          speed     0.0000    0.0000    0.0000      7471
speed-accessory     0.0000    0.0000    0.0000      2257
     standstill     0.0000    0.0000    0.0000      5739
     systematic     0.0000    0.0000    0.0000     19791
         triple     0.0000    0.0000    0.0000     33495

       accuracy                         0.0010  42048683
      macro avg     0.0001    0.0775    0.0003  42048683
   weighted avg     0.0000    0.0010    0.0000  42048683

2026-08-14 21:01:28,309 - INFO - Luu out_1percent/confusion_matrix_cnn_task4.png
2026-08-14 21:01:28,310 - INFO - fit progress: (5, 2.8775488634265565, {'accuracy': 0.0010301630612307168, 'micro_precision': 0.0010301630612307168, 'micro_recall': 0.0010301630612307168, 'micro_f1': 0.0010301630612307168, 'macro_precision': 0.00014991728437151978, 'macro_recall': 0.0775345675718624, 'macro_f1': 0.00029832506930505996, 'weighted_precision': 2.4468185964016344e-06, 'weighted_recall': 0.0010301630612307168, 'weighted_f1': 4.863772031353126e-06}, 2300.9547525700036)
2026-08-14 21:01:28,310 - INFO - configure_evaluate: no clients selected, skipping evaluation
2026-08-14 21:01:28,310 - INFO - 
2026-08-14 21:01:28,310 - INFO - [ROUND 6]
2026-08-14 21:01:28,310 - INFO - configure_fit: strategy sampled 100 clients (out of 100)
2026-08-14 21:01:30,810 - INFO - aggregate_fit: received 100 results and 0 failures
2026-08-14 21:01:30,953 - INFO - [Round 6] tong hop 100 controller (paper) | trong so 0.0005..0.0889 entropy=3.961 train_loss=2.0523
2026-08-14 21:01:30,957 - INFO - [Round 126] luu checkpoint -> out_1percent/checkpoints_cnn/round_126.pth
