round,client,n_samples,throughput_mbps,latency_ms,node_trust,quality,behaviour,weight
92,15,95,71.575,72.905,1.0,0.0587,1.0,0.00729
92,27,39,62.234,81.394,1.0,0.0457,1.0,0.005677
92,8,191,80.868,125.882,1.0,0.0384,1.0,0.00477
92,33,54,29.196,27.204,1.0,0.0642,1.0,0.007969
92,63,97,67.438,148.762,1.0,0.0271,1.0,0.003366
92,77,58,96.062,111.156,1.0,0.0517,1.0,0.006417
92,34,177,82.57,147.901,1.0,0.0334,1.0,0.004145
92,7,155,42.657,91.017,1.0,0.028,1.0,0.00348
92,32,44,90.494,80.505,1.0,0.0672,1.0,0.008347
92,47,265,61.82,116.641,1.0,0.0317,1.0,0.003935
92,43,74,13.989,73.407,1.0,0.0114,1.0,0.001415
92,78,146,86.837,13.275,1.0,0.3912,1.0,0.048571
92,48,135,43.51,103.875,1.0,0.0251,1.0,0.00311
92,68,320,93.744,79.303,1.0,0.0707,1.0,0.008777
92,31,88,54.337,48.988,1.0,0.0663,1.0,0.008236
92,17,357,62.897,124.78,1.0,0.0301,1.0,0.003743
92,2,138,21.031,42.426,1.0,0.0296,1.0,0.003681
92,35,101,80.734,84.92,1.0,0.0569,1.0,0.007059
92,57,109,55.543,86.938,1.0,0.0382,1.0,0.004744
92,67,43,58.937,127.004,1.0,0.0278,1.0,0.003446
92,11,187,11.001,109.242,1.0,0.006,1.0,0.000748
92,74,36,25.513,132.154,1.0,0.0115,1.0,0.001434
92,3,202,61.582,81.631,1.0,0.0451,1.0,0.005602
92,20,163,64.839,113.427,1.0,0.0342,1.0,0.004245
92,52,34,31.57,119.36,1.0,0.0158,1.0,0.001964
92,66,324,87.039,96.68,1.0,0.0538,1.0,0.006685
92,25,85,47.29,23.406,1.0,0.1208,1.0,0.015002
92,69,549,23.83,29.549,1.0,0.0482,1.0,0.005988
92,75,361,88.751,27.893,1.0,0.1903,1.0,0.023626
92,36,152,47.698,137.695,1.0,0.0207,1.0,0.002572
92,37,308,92.764,15.385,1.0,0.3606,1.0,0.04477
92,22,153,94.914,80.884,1.0,0.0702,1.0,0.008713
92,79,134,66.953,48.196,1.0,0.0831,1.0,0.010315
92,65,829,68.368,74.265,1.0,0.0551,1.0,0.006836
92,12,141,30.021,80.194,1.0,0.0224,1.0,0.00278
92,41,469,38.477,11.468,1.0,0.2007,1.0,0.024914
92,10,307,65.419,88.263,1.0,0.0443,1.0,0.005503
92,51,104,98.694,83.761,1.0,0.0705,1.0,0.008749
92,4,86,91.504,16.198,1.0,0.3379,1.0,0.041947
92,60,406,24.399,89.962,1.0,0.0162,1.0,0.002014
92,71,283,16.352,26.876,1.0,0.0364,1.0,0.004518
92,6,50,44.893,91.387,1.0,0.0294,1.0,0.003648
92,5,147,76.762,114.282,1.0,0.0402,1.0,0.004988
92,29,803,32.807,81.493,1.0,0.0241,1.0,0.002989
92,44,118,65.392,30.426,1.0,0.1285,1.0,0.015958
92,73,52,73.21,92.538,1.0,0.0473,1.0,0.005874
92,14,52,75.351,7.451,1.0,0.6048,1.0,0.075093
92,23,1320,14.265,80.142,1.0,0.0106,1.0,0.001322
92,42,350,75.889,135.53,1.0,0.0335,1.0,0.004158
92,50,208,64.078,15.999,1.0,0.2395,1.0,0.02974
92,45,62,61.368,118.613,1.0,0.0309,1.0,0.003842
92,49,602,35.477,136.986,1.0,0.0155,1.0,0.001923
92,64,74,98.417,10.858,1.0,0.5421,1.0,0.067303
92,39,446,49.07,35.686,1.0,0.0822,1.0,0.01021
92,58,461,85.148,91.5,1.0,0.0557,1.0,0.00691
92,19,309,43.694,116.931,1.0,0.0223,1.0,0.002775
92,21,179,60.407,148.878,1.0,0.0243,1.0,0.003013
92,53,829,58.731,137.43,1.0,0.0256,1.0,0.003173
92,30,122,85.405,5.968,1.0,0.8559,1.0,0.106262
92,61,346,38.141,37.526,1.0,0.0608,1.0,0.007547
92,40,109,99.787,128.944,1.0,0.0463,1.0,0.005746
92,24,51,93.136,105.459,1.0,0.0528,1.0,0.006558
92,55,189,70.685,67.685,1.0,0.0625,1.0,0.007754
92,70,51,20.481,127.402,1.0,0.0096,1.0,0.001194
92,9,337,94.82,49.535,1.0,0.1145,1.0,0.014213
92,46,295,28.562,106.962,1.0,0.016,1.0,0.001983
92,18,138,39.186,8.936,1.0,0.2623,1.0,0.03256
92,26,547,53.593,128.007,1.0,0.025,1.0,0.003109
92,16,155,37.811,132.576,1.0,0.0171,1.0,0.002118
92,28,159,44.266,109.952,1.0,0.0241,1.0,0.002989
92,13,526,84.903,131.244,1.0,0.0387,1.0,0.004804
92,59,155,94.918,57.116,1.0,0.0994,1.0,0.01234
92,72,121,75.51,25.613,1.0,0.1763,1.0,0.021891
92,1,176,68.707,11.347,1.0,0.3621,1.0,0.044959
92,56,208,94.929,128.443,1.0,0.0442,1.0,0.005488
92,76,152,93.762,140.946,1.0,0.0398,1.0,0.00494
92,54,424,75.625,111.414,1.0,0.0406,1.0,0.00504
92,62,41,85.471,105.361,1.0,0.0485,1.0,0.006024
92,38,94,76.284,7.671,1.0,0.5948,1.0,0.073844
92,0,201,79.656,68.637,1.0,0.0694,1.0,0.008617
93,19,309,43.694,116.931,1.0,0.0223,1.0,0.002775
93,57,109,55.543,86.938,1.0,0.0382,1.0,0.004744
93,51,104,98.694,83.761,1.0,0.0705,1.0,0.008749
93,40,109,99.787,128.944,1.0,0.0463,1.0,0.005746
93,37,308,92.764,15.385,1.0,0.3606,1.0,0.04477
93,26,547,53.593,128.007,1.0,0.025,1.0,0.003109
93,33,54,29.196,27.204,1.0,0.0642,1.0,0.007969
93,20,163,64.839,113.427,1.0,0.0342,1.0,0.004245
93,8,191,80.868,125.882,1.0,0.0384,1.0,0.00477
93,50,208,64.078,15.999,1.0,0.2395,1.0,0.02974
93,34,177,82.57,147.901,1.0,0.0334,1.0,0.004145
93,9,337,94.82,49.535,1.0,0.1145,1.0,0.014213
93,61,346,38.141,37.526,1.0,0.0608,1.0,0.007547
93,48,135,43.51,103.875,1.0,0.0251,1.0,0.00311
93,5,147,76.762,114.282,1.0,0.0402,1.0,0.004988
93,14,52,75.351,7.451,1.0,0.6048,1.0,0.075093
93,65,829,68.368,74.265,1.0,0.0551,1.0,0.006836
93,69,549,23.83,29.549,1.0,0.0482,1.0,0.005988
93,42,350,75.889,135.53,1.0,0.0335,1.0,0.004158
93,25,85,47.29,23.406,1.0,0.1208,1.0,0.015002
93,55,189,70.685,67.685,1.0,0.0625,1.0,0.007754
93,13,526,84.903,131.244,1.0,0.0387,1.0,0.004804
93,78,146,86.837,13.275,1.0,0.3912,1.0,0.048571
93,64,74,98.417,10.858,1.0,0.5421,1.0,0.067303
93,4,86,91.504,16.198,1.0,0.3379,1.0,0.041947
93,70,51,20.481,127.402,1.0,0.0096,1.0,0.001194
93,41,469,38.477,11.468,1.0,0.2007,1.0,0.024914
93,31,88,54.337,48.988,1.0,0.0663,1.0,0.008236
93,24,51,93.136,105.459,1.0,0.0528,1.0,0.006558
93,74,36,25.513,132.154,1.0,0.0115,1.0,0.001434
93,46,295,28.562,106.962,1.0,0.016,1.0,0.001983
93,0,201,79.656,68.637,1.0,0.0694,1.0,0.008617
93,3,202,61.582,81.631,1.0,0.0451,1.0,0.005602
93,28,159,44.266,109.952,1.0,0.0241,1.0,0.002989
93,21,179,60.407,148.878,1.0,0.0243,1.0,0.003013
93,75,361,88.751,27.893,1.0,0.1903,1.0,0.023626
93,52,34,31.57,119.36,1.0,0.0158,1.0,0.001964
93,79,134,66.953,48.196,1.0,0.0831,1.0,0.010315
93,62,41,85.471,105.361,1.0,0.0485,1.0,0.006024
93,12,141,30.021,80.194,1.0,0.0224,1.0,0.00278
93,36,152,47.698,137.695,1.0,0.0207,1.0,0.002572
93,66,324,87.039,96.68,1.0,0.0538,1.0,0.006685
93,53,829,58.731,137.43,1.0,0.0256,1.0,0.003173
93,7,155,42.657,91.017,1.0,0.028,1.0,0.00348
93,39,446,49.07,35.686,1.0,0.0822,1.0,0.01021
93,43,74,13.989,73.407,1.0,0.0114,1.0,0.001415
93,16,155,37.811,132.576,1.0,0.0171,1.0,0.002118
93,77,58,96.062,111.156,1.0,0.0517,1.0,0.006417
93,11,187,11.001,109.242,1.0,0.006,1.0,0.000748
93,27,39,62.234,81.394,1.0,0.0457,1.0,0.005677
93,17,357,62.897,124.78,1.0,0.0301,1.0,0.003743
93,6,50,44.893,91.387,1.0,0.0294,1.0,0.003648
93,15,95,71.575,72.905,1.0,0.0587,1.0,0.00729
93,1,176,68.707,11.347,1.0,0.3621,1.0,0.044959
93,10,307,65.419,88.263,1.0,0.0443,1.0,0.005503
93,56,208,94.929,128.443,1.0,0.0442,1.0,0.005488
93,22,153,94.914,80.884,1.0,0.0702,1.0,0.008713
93,23,1320,14.265,80.142,1.0,0.0106,1.0,0.001322
93,32,44,90.494,80.505,1.0,0.0672,1.0,0.008347
93,54,424,75.625,111.414,1.0,0.0406,1.0,0.00504
93,35,101,80.734,84.92,1.0,0.0569,1.0,0.007059
93,71,283,16.352,26.876,1.0,0.0364,1.0,0.004518
93,29,803,32.807,81.493,1.0,0.0241,1.0,0.002989
93,45,62,61.368,118.613,1.0,0.0309,1.0,0.003842
93,49,602,35.477,136.986,1.0,0.0155,1.0,0.001923
93,58,461,85.148,91.5,1.0,0.0557,1.0,0.00691
93,18,138,39.186,8.936,1.0,0.2623,1.0,0.03256
93,76,152,93.762,140.946,1.0,0.0398,1.0,0.00494
93,38,94,76.284,7.671,1.0,0.5948,1.0,0.073844
93,68,320,93.744,79.303,1.0,0.0707,1.0,0.008777
93,60,406,24.399,89.962,1.0,0.0162,1.0,0.002014
93,63,97,67.438,148.762,1.0,0.0271,1.0,0.003366
93,30,122,85.405,5.968,1.0,0.8559,1.0,0.106262
93,67,43,58.937,127.004,1.0,0.0278,1.0,0.003446
93,72,121,75.51,25.613,1.0,0.1763,1.0,0.021891
93,59,155,94.918,57.116,1.0,0.0994,1.0,0.01234
93,44,118,65.392,30.426,1.0,0.1285,1.0,0.015958
93,2,138,21.031,42.426,1.0,0.0296,1.0,0.003681
93,73,52,73.21,92.538,1.0,0.0473,1.0,0.005874
93,47,265,61.82,116.641,1.0,0.0317,1.0,0.003935
94,49,602,35.477,136.986,1.0,0.0155,1.0,0.001923
94,73,52,73.21,92.538,1.0,0.0473,1.0,0.005874
94,7,155,42.657,91.017,1.0,0.028,1.0,0.00348
94,4,86,91.504,16.198,1.0,0.3379,1.0,0.041947
94,63,97,67.438,148.762,1.0,0.0271,1.0,0.003366
94,22,153,94.914,80.884,1.0,0.0702,1.0,0.008713
94,48,135,43.51,103.875,1.0,0.0251,1.0,0.00311
94,47,265,61.82,116.641,1.0,0.0317,1.0,0.003935
94,57,109,55.543,86.938,1.0,0.0382,1.0,0.004744
94,61,346,38.141,37.526,1.0,0.0608,1.0,0.007547
94,62,41,85.471,105.361,1.0,0.0485,1.0,0.006024
94,39,446,49.07,35.686,1.0,0.0822,1.0,0.01021
94,10,307,65.419,88.263,1.0,0.0443,1.0,0.005503
94,11,187,11.001,109.242,1.0,0.006,1.0,0.000748
94,25,85,47.29,23.406,1.0,0.1208,1.0,0.015002
94,0,201,79.656,68.637,1.0,0.0694,1.0,0.008617
94,68,320,93.744,79.303,1.0,0.0707,1.0,0.008777
94,55,189,70.685,67.685,1.0,0.0625,1.0,0.007754
94,69,549,23.83,29.549,1.0,0.0482,1.0,0.005988
94,23,1320,14.265,80.142,1.0,0.0106,1.0,0.001322
94,28,159,44.266,109.952,1.0,0.0241,1.0,0.002989
94,53,829,58.731,137.43,1.0,0.0256,1.0,0.003173
94,78,146,86.837,13.275,1.0,0.3912,1.0,0.048571
94,79,134,66.953,48.196,1.0,0.0831,1.0,0.010315
94,36,152,47.698,137.695,1.0,0.0207,1.0,0.002572
94,8,191,80.868,125.882,1.0,0.0384,1.0,0.00477
94,5,147,76.762,114.282,1.0,0.0402,1.0,0.004988
94,19,309,43.694,116.931,1.0,0.0223,1.0,0.002775
94,45,62,61.368,118.613,1.0,0.0309,1.0,0.003842
94,9,337,94.82,49.535,1.0,0.1145,1.0,0.014213
94,56,208,94.929,128.443,1.0,0.0442,1.0,0.005488
94,1,176,68.707,11.347,1.0,0.3621,1.0,0.044959
94,18,138,39.186,8.936,1.0,0.2623,1.0,0.03256
94,12,141,30.021,80.194,1.0,0.0224,1.0,0.00278
94,72,121,75.51,25.613,1.0,0.1763,1.0,0.021891
94,64,74,98.417,10.858,1.0,0.5421,1.0,0.067303
94,29,803,32.807,81.493,1.0,0.0241,1.0,0.002989
94,67,43,58.937,127.004,1.0,0.0278,1.0,0.003446
94,46,295,28.562,106.962,1.0,0.016,1.0,0.001983
94,37,308,92.764,15.385,1.0,0.3606,1.0,0.04477
94,60,406,24.399,89.962,1.0,0.0162,1.0,0.002014
94,43,74,13.989,73.407,1.0,0.0114,1.0,0.001415
94,50,208,64.078,15.999,1.0,0.2395,1.0,0.02974
94,42,350,75.889,135.53,1.0,0.0335,1.0,0.004158
94,16,155,37.811,132.576,1.0,0.0171,1.0,0.002118
94,14,52,75.351,7.451,1.0,0.6048,1.0,0.075093
94,26,547,53.593,128.007,1.0,0.025,1.0,0.003109
94,33,54,29.196,27.204,1.0,0.0642,1.0,0.007969
94,51,104,98.694,83.761,1.0,0.0705,1.0,0.008749
94,54,424,75.625,111.414,1.0,0.0406,1.0,0.00504
94,40,109,99.787,128.944,1.0,0.0463,1.0,0.005746
94,30,122,85.405,5.968,1.0,0.8559,1.0,0.106262
94,3,202,61.582,81.631,1.0,0.0451,1.0,0.005602
94,6,50,44.893,91.387,1.0,0.0294,1.0,0.003648
94,77,58,96.062,111.156,1.0,0.0517,1.0,0.006417
94,32,44,90.494,80.505,1.0,0.0672,1.0,0.008347
94,52,34,31.57,119.36,1.0,0.0158,1.0,0.001964
94,20,163,64.839,113.427,1.0,0.0342,1.0,0.004245
94,13,526,84.903,131.244,1.0,0.0387,1.0,0.004804
94,34,177,82.57,147.901,1.0,0.0334,1.0,0.004145
94,24,51,93.136,105.459,1.0,0.0528,1.0,0.006558
94,38,94,76.284,7.671,1.0,0.5948,1.0,0.073844
94,41,469,38.477,11.468,1.0,0.2007,1.0,0.024914
94,27,39,62.234,81.394,1.0,0.0457,1.0,0.005677
94,70,51,20.481,127.402,1.0,0.0096,1.0,0.001194
94,17,357,62.897,124.78,1.0,0.0301,1.0,0.003743
94,76,152,93.762,140.946,1.0,0.0398,1.0,0.00494
94,35,101,80.734,84.92,1.0,0.0569,1.0,0.007059
94,21,179,60.407,148.878,1.0,0.0243,1.0,0.003013
94,59,155,94.918,57.116,1.0,0.0994,1.0,0.01234
94,31,88,54.337,48.988,1.0,0.0663,1.0,0.008236
94,44,118,65.392,30.426,1.0,0.1285,1.0,0.015958
94,66,324,87.039,96.68,1.0,0.0538,1.0,0.006685
94,58,461,85.148,91.5,1.0,0.0557,1.0,0.00691
94,15,95,71.575,72.905,1.0,0.0587,1.0,0.00729
94,71,283,16.352,26.876,1.0,0.0364,1.0,0.004518
94,2,138,21.031,42.426,1.0,0.0296,1.0,0.003681
94,75,361,88.751,27.893,1.0,0.1903,1.0,0.023626
94,74,36,25.513,132.154,1.0,0.0115,1.0,0.001434
94,65,829,68.368,74.265,1.0,0.0551,1.0,0.006836
95,75,361,88.751,27.893,1.0,0.1903,1.0,0.023626
95,17,357,62.897,124.78,1.0,0.0301,1.0,0.003743
95,15,95,71.575,72.905,1.0,0.0587,1.0,0.00729
95,26,547,53.593,128.007,1.0,0.025,1.0,0.003109
95,77,58,96.062,111.156,1.0,0.0517,1.0,0.006417
95,74,36,25.513,132.154,1.0,0.0115,1.0,0.001434
95,11,187,11.001,109.242,1.0,0.006,1.0,0.000748
95,47,265,61.82,116.641,1.0,0.0317,1.0,0.003935
95,22,153,94.914,80.884,1.0,0.0702,1.0,0.008713
95,0,201,79.656,68.637,1.0,0.0694,1.0,0.008617
95,9,337,94.82,49.535,1.0,0.1145,1.0,0.014213
95,45,62,61.368,118.613,1.0,0.0309,1.0,0.003842
95,72,121,75.51,25.613,1.0,0.1763,1.0,0.021891
95,34,177,82.57,147.901,1.0,0.0334,1.0,0.004145
95,58,461,85.148,91.5,1.0,0.0557,1.0,0.00691
95,76,152,93.762,140.946,1.0,0.0398,1.0,0.00494
95,79,134,66.953,48.196,1.0,0.0831,1.0,0.010315
95,49,602,35.477,136.986,1.0,0.0155,1.0,0.001923
95,46,295,28.562,106.962,1.0,0.016,1.0,0.001983
95,2,138,21.031,42.426,1.0,0.0296,1.0,0.003681
95,37,308,92.764,15.385,1.0,0.3606,1.0,0.04477
95,53,829,58.731,137.43,1.0,0.0256,1.0,0.003173
95,33,54,29.196,27.204,1.0,0.0642,1.0,0.007969
95,28,159,44.266,109.952,1.0,0.0241,1.0,0.002989
95,31,88,54.337,48.988,1.0,0.0663,1.0,0.008236
95,68,320,93.744,79.303,1.0,0.0707,1.0,0.008777
95,69,549,23.83,29.549,1.0,0.0482,1.0,0.005988
95,63,97,67.438,148.762,1.0,0.0271,1.0,0.003366
95,13,526,84.903,131.244,1.0,0.0387,1.0,0.004804
95,42,350,75.889,135.53,1.0,0.0335,1.0,0.004158
95,71,283,16.352,26.876,1.0,0.0364,1.0,0.004518
95,57,109,55.543,86.938,1.0,0.0382,1.0,0.004744
95,78,146,86.837,13.275,1.0,0.3912,1.0,0.048571
95,7,155,42.657,91.017,1.0,0.028,1.0,0.00348
95,51,104,98.694,83.761,1.0,0.0705,1.0,0.008749
95,25,85,47.29,23.406,1.0,0.1208,1.0,0.015002
95,19,309,43.694,116.931,1.0,0.0223,1.0,0.002775
95,56,208,94.929,128.443,1.0,0.0442,1.0,0.005488
95,3,202,61.582,81.631,1.0,0.0451,1.0,0.005602
95,43,74,13.989,73.407,1.0,0.0114,1.0,0.001415
95,52,34,31.57,119.36,1.0,0.0158,1.0,0.001964
95,70,51,20.481,127.402,1.0,0.0096,1.0,0.001194
95,60,406,24.399,89.962,1.0,0.0162,1.0,0.002014
95,67,43,58.937,127.004,1.0,0.0278,1.0,0.003446
95,39,446,49.07,35.686,1.0,0.0822,1.0,0.01021
95,27,39,62.234,81.394,1.0,0.0457,1.0,0.005677
95,6,50,44.893,91.387,1.0,0.0294,1.0,0.003648
95,23,1320,14.265,80.142,1.0,0.0106,1.0,0.001322
95,73,52,73.21,92.538,1.0,0.0473,1.0,0.005874
95,61,346,38.141,37.526,1.0,0.0608,1.0,0.007547
95,62,41,85.471,105.361,1.0,0.0485,1.0,0.006024
95,4,86,91.504,16.198,1.0,0.3379,1.0,0.041947
95,8,191,80.868,125.882,1.0,0.0384,1.0,0.00477
95,48,135,43.51,103.875,1.0,0.0251,1.0,0.00311
95,66,324,87.039,96.68,1.0,0.0538,1.0,0.006685
95,16,155,37.811,132.576,1.0,0.0171,1.0,0.002118
95,36,152,47.698,137.695,1.0,0.0207,1.0,0.002572
95,59,155,94.918,57.116,1.0,0.0994,1.0,0.01234
95,64,74,98.417,10.858,1.0,0.5421,1.0,0.067303
95,38,94,76.284,7.671,1.0,0.5948,1.0,0.073844
95,24,51,93.136,105.459,1.0,0.0528,1.0,0.006558
95,32,44,90.494,80.505,1.0,0.0672,1.0,0.008347
95,55,189,70.685,67.685,1.0,0.0625,1.0,0.007754
95,18,138,39.186,8.936,1.0,0.2623,1.0,0.03256
95,10,307,65.419,88.263,1.0,0.0443,1.0,0.005503
95,21,179,60.407,148.878,1.0,0.0243,1.0,0.003013
95,65,829,68.368,74.265,1.0,0.0551,1.0,0.006836
95,40,109,99.787,128.944,1.0,0.0463,1.0,0.005746
95,50,208,64.078,15.999,1.0,0.2395,1.0,0.02974
95,5,147,76.762,114.282,1.0,0.0402,1.0,0.004988
95,14,52,75.351,7.451,1.0,0.6048,1.0,0.075093
95,20,163,64.839,113.427,1.0,0.0342,1.0,0.004245
95,41,469,38.477,11.468,1.0,0.2007,1.0,0.024914
95,54,424,75.625,111.414,1.0,0.0406,1.0,0.00504
95,30,122,85.405,5.968,1.0,0.8559,1.0,0.106262
95,35,101,80.734,84.92,1.0,0.0569,1.0,0.007059
95,44,118,65.392,30.426,1.0,0.1285,1.0,0.015958
95,29,803,32.807,81.493,1.0,0.0241,1.0,0.002989
95,12,141,30.021,80.194,1.0,0.0224,1.0,0.00278
95,1,176,68.707,11.347,1.0,0.3621,1.0,0.044959
96,40,109,99.787,128.944,1.0,0.0463,1.0,0.005746
96,44,118,65.392,30.426,1.0,0.1285,1.0,0.015958
96,55,189,70.685,67.685,1.0,0.0625,1.0,0.007754
96,46,295,28.562,106.962,1.0,0.016,1.0,0.001983
96,62,41,85.471,105.361,1.0,0.0485,1.0,0.006024
96,53,829,58.731,137.43,1.0,0.0256,1.0,0.003173
96,79,134,66.953,48.196,1.0,0.0831,1.0,0.010315
96,30,122,85.405,5.968,1.0,0.8559,1.0,0.106262
96,9,337,94.82,49.535,1.0,0.1145,1.0,0.014213
96,20,163,64.839,113.427,1.0,0.0342,1.0,0.004245
96,6,50,44.893,91.387,1.0,0.0294,1.0,0.003648
96,57,109,55.543,86.938,1.0,0.0382,1.0,0.004744
96,52,34,31.57,119.36,1.0,0.0158,1.0,0.001964
96,47,265,61.82,116.641,1.0,0.0317,1.0,0.003935
96,21,179,60.407,148.878,1.0,0.0243,1.0,0.003013
96,48,135,43.51,103.875,1.0,0.0251,1.0,0.00311
96,70,51,20.481,127.402,1.0,0.0096,1.0,0.001194
96,37,308,92.764,15.385,1.0,0.3606,1.0,0.04477
96,11,187,11.001,109.242,1.0,0.006,1.0,0.000748
96,2,138,21.031,42.426,1.0,0.0296,1.0,0.003681
96,39,446,49.07,35.686,1.0,0.0822,1.0,0.01021
96,67,43,58.937,127.004,1.0,0.0278,1.0,0.003446
96,68,320,93.744,79.303,1.0,0.0707,1.0,0.008777
96,66,324,87.039,96.68,1.0,0.0538,1.0,0.006685
96,23,1320,14.265,80.142,1.0,0.0106,1.0,0.001322
96,36,152,47.698,137.695,1.0,0.0207,1.0,0.002572
96,51,104,98.694,83.761,1.0,0.0705,1.0,0.008749
96,16,155,37.811,132.576,1.0,0.0171,1.0,0.002118
96,28,159,44.266,109.952,1.0,0.0241,1.0,0.002989
96,0,201,79.656,68.637,1.0,0.0694,1.0,0.008617
96,8,191,80.868,125.882,1.0,0.0384,1.0,0.00477
96,59,155,94.918,57.116,1.0,0.0994,1.0,0.01234
96,12,141,30.021,80.194,1.0,0.0224,1.0,0.00278
96,63,97,67.438,148.762,1.0,0.0271,1.0,0.003366
96,74,36,25.513,132.154,1.0,0.0115,1.0,0.001434
96,71,283,16.352,26.876,1.0,0.0364,1.0,0.004518
96,58,461,85.148,91.5,1.0,0.0557,1.0,0.00691
96,3,202,61.582,81.631,1.0,0.0451,1.0,0.005602
96,24,51,93.136,105.459,1.0,0.0528,1.0,0.006558
96,75,361,88.751,27.893,1.0,0.1903,1.0,0.023626
96,33,54,29.196,27.204,1.0,0.0642,1.0,0.007969
96,14,52,75.351,7.451,1.0,0.6048,1.0,0.075093
96,69,549,23.83,29.549,1.0,0.0482,1.0,0.005988
96,25,85,47.29,23.406,1.0,0.1208,1.0,0.015002
96,1,176,68.707,11.347,1.0,0.3621,1.0,0.044959
96,45,62,61.368,118.613,1.0,0.0309,1.0,0.003842
96,41,469,38.477,11.468,1.0,0.2007,1.0,0.024914
96,49,602,35.477,136.986,1.0,0.0155,1.0,0.001923
96,77,58,96.062,111.156,1.0,0.0517,1.0,0.006417
96,73,52,73.21,92.538,1.0,0.0473,1.0,0.005874
96,35,101,80.734,84.92,1.0,0.0569,1.0,0.007059
96,72,121,75.51,25.613,1.0,0.1763,1.0,0.021891
96,43,74,13.989,73.407,1.0,0.0114,1.0,0.001415
96,76,152,93.762,140.946,1.0,0.0398,1.0,0.00494
96,31,88,54.337,48.988,1.0,0.0663,1.0,0.008236
96,4,86,91.504,16.198,1.0,0.3379,1.0,0.041947
96,65,829,68.368,74.265,1.0,0.0551,1.0,0.006836
96,34,177,82.57,147.901,1.0,0.0334,1.0,0.004145
96,7,155,42.657,91.017,1.0,0.028,1.0,0.00348
96,38,94,76.284,7.671,1.0,0.5948,1.0,0.073844
96,27,39,62.234,81.394,1.0,0.0457,1.0,0.005677
96,15,95,71.575,72.905,1.0,0.0587,1.0,0.00729
96,18,138,39.186,8.936,1.0,0.2623,1.0,0.03256
96,5,147,76.762,114.282,1.0,0.0402,1.0,0.004988
96,60,406,24.399,89.962,1.0,0.0162,1.0,0.002014
96,42,350,75.889,135.53,1.0,0.0335,1.0,0.004158
96,19,309,43.694,116.931,1.0,0.0223,1.0,0.002775
96,10,307,65.419,88.263,1.0,0.0443,1.0,0.005503
96,29,803,32.807,81.493,1.0,0.0241,1.0,0.002989
96,50,208,64.078,15.999,1.0,0.2395,1.0,0.02974
96,54,424,75.625,111.414,1.0,0.0406,1.0,0.00504
96,26,547,53.593,128.007,1.0,0.025,1.0,0.003109
96,17,357,62.897,124.78,1.0,0.0301,1.0,0.003743
96,78,146,86.837,13.275,1.0,0.3912,1.0,0.048571
96,13,526,84.903,131.244,1.0,0.0387,1.0,0.004804
96,61,346,38.141,37.526,1.0,0.0608,1.0,0.007547
96,64,74,98.417,10.858,1.0,0.5421,1.0,0.067303
96,56,208,94.929,128.443,1.0,0.0442,1.0,0.005488
96,32,44,90.494,80.505,1.0,0.0672,1.0,0.008347
96,22,153,94.914,80.884,1.0,0.0702,1.0,0.008713
97,34,177,82.57,147.901,1.0,0.0334,1.0,0.004145
97,25,85,47.29,23.406,1.0,0.1208,1.0,0.015002
97,77,58,96.062,111.156,1.0,0.0517,1.0,0.006417
97,68,320,93.744,79.303,1.0,0.0707,1.0,0.008777
97,38,94,76.284,7.671,1.0,0.5948,1.0,0.073844
97,12,141,30.021,80.194,1.0,0.0224,1.0,0.00278
97,43,74,13.989,73.407,1.0,0.0114,1.0,0.001415
97,22,153,94.914,80.884,1.0,0.0702,1.0,0.008713
97,64,74,98.417,10.858,1.0,0.5421,1.0,0.067303
97,51,104,98.694,83.761,1.0,0.0705,1.0,0.008749
97,29,803,32.807,81.493,1.0,0.0241,1.0,0.002989
97,2,138,21.031,42.426,1.0,0.0296,1.0,0.003681
97,35,101,80.734,84.92,1.0,0.0569,1.0,0.007059
97,69,549,23.83,29.549,1.0,0.0482,1.0,0.005988
97,13,526,84.903,131.244,1.0,0.0387,1.0,0.004804
97,57,109,55.543,86.938,1.0,0.0382,1.0,0.004744
97,73,52,73.21,92.538,1.0,0.0473,1.0,0.005874
97,72,121,75.51,25.613,1.0,0.1763,1.0,0.021891
97,71,283,16.352,26.876,1.0,0.0364,1.0,0.004518
97,39,446,49.07,35.686,1.0,0.0822,1.0,0.01021
97,24,51,93.136,105.459,1.0,0.0528,1.0,0.006558
97,16,155,37.811,132.576,1.0,0.0171,1.0,0.002118
97,60,406,24.399,89.962,1.0,0.0162,1.0,0.002014
97,3,202,61.582,81.631,1.0,0.0451,1.0,0.005602
97,76,152,93.762,140.946,1.0,0.0398,1.0,0.00494
97,61,346,38.141,37.526,1.0,0.0608,1.0,0.007547
97,46,295,28.562,106.962,1.0,0.016,1.0,0.001983
97,74,36,25.513,132.154,1.0,0.0115,1.0,0.001434
97,50,208,64.078,15.999,1.0,0.2395,1.0,0.02974
97,41,469,38.477,11.468,1.0,0.2007,1.0,0.024914
97,18,138,39.186,8.936,1.0,0.2623,1.0,0.03256
97,36,152,47.698,137.695,1.0,0.0207,1.0,0.002572
97,53,829,58.731,137.43,1.0,0.0256,1.0,0.003173
97,14,52,75.351,7.451,1.0,0.6048,1.0,0.075093
97,17,357,62.897,124.78,1.0,0.0301,1.0,0.003743
97,44,118,65.392,30.426,1.0,0.1285,1.0,0.015958
97,8,191,80.868,125.882,1.0,0.0384,1.0,0.00477
97,27,39,62.234,81.394,1.0,0.0457,1.0,0.005677
97,9,337,94.82,49.535,1.0,0.1145,1.0,0.014213
97,19,309,43.694,116.931,1.0,0.0223,1.0,0.002775
97,75,361,88.751,27.893,1.0,0.1903,1.0,0.023626
97,11,187,11.001,109.242,1.0,0.006,1.0,0.000748
97,55,189,70.685,67.685,1.0,0.0625,1.0,0.007754
97,59,155,94.918,57.116,1.0,0.0994,1.0,0.01234
97,49,602,35.477,136.986,1.0,0.0155,1.0,0.001923
97,66,324,87.039,96.68,1.0,0.0538,1.0,0.006685
97,15,95,71.575,72.905,1.0,0.0587,1.0,0.00729
97,20,163,64.839,113.427,1.0,0.0342,1.0,0.004245
97,78,146,86.837,13.275,1.0,0.3912,1.0,0.048571
97,0,201,79.656,68.637,1.0,0.0694,1.0,0.008617
97,56,208,94.929,128.443,1.0,0.0442,1.0,0.005488
97,33,54,29.196,27.204,1.0,0.0642,1.0,0.007969
97,32,44,90.494,80.505,1.0,0.0672,1.0,0.008347
97,10,307,65.419,88.263,1.0,0.0443,1.0,0.005503
97,54,424,75.625,111.414,1.0,0.0406,1.0,0.00504
97,4,86,91.504,16.198,1.0,0.3379,1.0,0.041947
97,7,155,42.657,91.017,1.0,0.028,1.0,0.00348
97,30,122,85.405,5.968,1.0,0.8559,1.0,0.106262
97,37,308,92.764,15.385,1.0,0.3606,1.0,0.04477
97,42,350,75.889,135.53,1.0,0.0335,1.0,0.004158
97,23,1320,14.265,80.142,1.0,0.0106,1.0,0.001322
97,48,135,43.51,103.875,1.0,0.0251,1.0,0.00311
97,47,265,61.82,116.641,1.0,0.0317,1.0,0.003935
97,40,109,99.787,128.944,1.0,0.0463,1.0,0.005746
97,26,547,53.593,128.007,1.0,0.025,1.0,0.003109
97,79,134,66.953,48.196,1.0,0.0831,1.0,0.010315
97,45,62,61.368,118.613,1.0,0.0309,1.0,0.003842
97,6,50,44.893,91.387,1.0,0.0294,1.0,0.003648
97,52,34,31.57,119.36,1.0,0.0158,1.0,0.001964
97,58,461,85.148,91.5,1.0,0.0557,1.0,0.00691
97,62,41,85.471,105.361,1.0,0.0485,1.0,0.006024
97,63,97,67.438,148.762,1.0,0.0271,1.0,0.003366
97,31,88,54.337,48.988,1.0,0.0663,1.0,0.008236
97,21,179,60.407,148.878,1.0,0.0243,1.0,0.003013
97,67,43,58.937,127.004,1.0,0.0278,1.0,0.003446
97,70,51,20.481,127.402,1.0,0.0096,1.0,0.001194
97,65,829,68.368,74.265,1.0,0.0551,1.0,0.006836
97,1,176,68.707,11.347,1.0,0.3621,1.0,0.044959
97,5,147,76.762,114.282,1.0,0.0402,1.0,0.004988
97,28,159,44.266,109.952,1.0,0.0241,1.0,0.002989
98,15,95,71.575,72.905,1.0,0.0587,1.0,0.00729
98,24,51,93.136,105.459,1.0,0.0528,1.0,0.006558
98,33,54,29.196,27.204,1.0,0.0642,1.0,0.007969
98,19,309,43.694,116.931,1.0,0.0223,1.0,0.002775
98,21,179,60.407,148.878,1.0,0.0243,1.0,0.003013
98,18,138,39.186,8.936,1.0,0.2623,1.0,0.03256
98,79,134,66.953,48.196,1.0,0.0831,1.0,0.010315
98,27,39,62.234,81.394,1.0,0.0457,1.0,0.005677
98,78,146,86.837,13.275,1.0,0.3912,1.0,0.048571
98,62,41,85.471,105.361,1.0,0.0485,1.0,0.006024
98,16,155,37.811,132.576,1.0,0.0171,1.0,0.002118
98,46,295,28.562,106.962,1.0,0.016,1.0,0.001983
98,41,469,38.477,11.468,1.0,0.2007,1.0,0.024914
98,77,58,96.062,111.156,1.0,0.0517,1.0,0.006417
98,23,1320,14.265,80.142,1.0,0.0106,1.0,0.001322
98,74,36,25.513,132.154,1.0,0.0115,1.0,0.001434
98,29,803,32.807,81.493,1.0,0.0241,1.0,0.002989
98,0,201,79.656,68.637,1.0,0.0694,1.0,0.008617
98,48,135,43.51,103.875,1.0,0.0251,1.0,0.00311
98,5,147,76.762,114.282,1.0,0.0402,1.0,0.004988
98,47,265,61.82,116.641,1.0,0.0317,1.0,0.003935
98,68,320,93.744,79.303,1.0,0.0707,1.0,0.008777
98,71,283,16.352,26.876,1.0,0.0364,1.0,0.004518
98,1,176,68.707,11.347,1.0,0.3621,1.0,0.044959
98,44,118,65.392,30.426,1.0,0.1285,1.0,0.015958
98,36,152,47.698,137.695,1.0,0.0207,1.0,0.002572
98,59,155,94.918,57.116,1.0,0.0994,1.0,0.01234
98,53,829,58.731,137.43,1.0,0.0256,1.0,0.003173
98,22,153,94.914,80.884,1.0,0.0702,1.0,0.008713
98,60,406,24.399,89.962,1.0,0.0162,1.0,0.002014
98,52,34,31.57,119.36,1.0,0.0158,1.0,0.001964
98,9,337,94.82,49.535,1.0,0.1145,1.0,0.014213
98,64,74,98.417,10.858,1.0,0.5421,1.0,0.067303
98,25,85,47.29,23.406,1.0,0.1208,1.0,0.015002
98,37,308,92.764,15.385,1.0,0.3606,1.0,0.04477
98,34,177,82.57,147.901,1.0,0.0334,1.0,0.004145
98,69,549,23.83,29.549,1.0,0.0482,1.0,0.005988
98,70,51,20.481,127.402,1.0,0.0096,1.0,0.001194
98,39,446,49.07,35.686,1.0,0.0822,1.0,0.01021
98,14,52,75.351,7.451,1.0,0.6048,1.0,0.075093
98,66,324,87.039,96.68,1.0,0.0538,1.0,0.006685
98,10,307,65.419,88.263,1.0,0.0443,1.0,0.005503
98,43,74,13.989,73.407,1.0,0.0114,1.0,0.001415
98,73,52,73.21,92.538,1.0,0.0473,1.0,0.005874
98,7,155,42.657,91.017,1.0,0.028,1.0,0.00348
98,65,829,68.368,74.265,1.0,0.0551,1.0,0.006836
98,20,163,64.839,113.427,1.0,0.0342,1.0,0.004245
98,63,97,67.438,148.762,1.0,0.0271,1.0,0.003366
98,6,50,44.893,91.387,1.0,0.0294,1.0,0.003648
98,13,526,84.903,131.244,1.0,0.0387,1.0,0.004804
98,45,62,61.368,118.613,1.0,0.0309,1.0,0.003842
98,49,602,35.477,136.986,1.0,0.0155,1.0,0.001923
98,35,101,80.734,84.92,1.0,0.0569,1.0,0.007059
98,40,109,99.787,128.944,1.0,0.0463,1.0,0.005746
98,17,357,62.897,124.78,1.0,0.0301,1.0,0.003743
98,11,187,11.001,109.242,1.0,0.006,1.0,0.000748
98,54,424,75.625,111.414,1.0,0.0406,1.0,0.00504
98,57,109,55.543,86.938,1.0,0.0382,1.0,0.004744
98,38,94,76.284,7.671,1.0,0.5948,1.0,0.073844
98,31,88,54.337,48.988,1.0,0.0663,1.0,0.008236
98,26,547,53.593,128.007,1.0,0.025,1.0,0.003109
98,3,202,61.582,81.631,1.0,0.0451,1.0,0.005602
98,50,208,64.078,15.999,1.0,0.2395,1.0,0.02974
98,61,346,38.141,37.526,1.0,0.0608,1.0,0.007547
98,12,141,30.021,80.194,1.0,0.0224,1.0,0.00278
98,58,461,85.148,91.5,1.0,0.0557,1.0,0.00691
98,28,159,44.266,109.952,1.0,0.0241,1.0,0.002989
98,76,152,93.762,140.946,1.0,0.0398,1.0,0.00494
98,30,122,85.405,5.968,1.0,0.8559,1.0,0.106262
98,67,43,58.937,127.004,1.0,0.0278,1.0,0.003446
98,75,361,88.751,27.893,1.0,0.1903,1.0,0.023626
98,51,104,98.694,83.761,1.0,0.0705,1.0,0.008749
98,2,138,21.031,42.426,1.0,0.0296,1.0,0.003681
98,56,208,94.929,128.443,1.0,0.0442,1.0,0.005488
98,4,86,91.504,16.198,1.0,0.3379,1.0,0.041947
98,42,350,75.889,135.53,1.0,0.0335,1.0,0.004158
98,8,191,80.868,125.882,1.0,0.0384,1.0,0.00477
98,72,121,75.51,25.613,1.0,0.1763,1.0,0.021891
98,55,189,70.685,67.685,1.0,0.0625,1.0,0.007754
98,32,44,90.494,80.505,1.0,0.0672,1.0,0.008347
99,59,155,94.918,57.116,1.0,0.0994,1.0,0.01234
99,48,135,43.51,103.875,1.0,0.0251,1.0,0.00311
99,43,74,13.989,73.407,1.0,0.0114,1.0,0.001415
99,12,141,30.021,80.194,1.0,0.0224,1.0,0.00278
99,56,208,94.929,128.443,1.0,0.0442,1.0,0.005488
99,34,177,82.57,147.901,1.0,0.0334,1.0,0.004145
99,37,308,92.764,15.385,1.0,0.3606,1.0,0.04477
99,21,179,60.407,148.878,1.0,0.0243,1.0,0.003013
99,58,461,85.148,91.5,1.0,0.0557,1.0,0.00691
99,53,829,58.731,137.43,1.0,0.0256,1.0,0.003173
99,78,146,86.837,13.275,1.0,0.3912,1.0,0.048571
99,73,52,73.21,92.538,1.0,0.0473,1.0,0.005874
99,74,36,25.513,132.154,1.0,0.0115,1.0,0.001434
99,67,43,58.937,127.004,1.0,0.0278,1.0,0.003446
99,52,34,31.57,119.36,1.0,0.0158,1.0,0.001964
99,71,283,16.352,26.876,1.0,0.0364,1.0,0.004518
99,42,350,75.889,135.53,1.0,0.0335,1.0,0.004158
99,70,51,20.481,127.402,1.0,0.0096,1.0,0.001194
99,32,44,90.494,80.505,1.0,0.0672,1.0,0.008347
99,41,469,38.477,11.468,1.0,0.2007,1.0,0.024914
99,51,104,98.694,83.761,1.0,0.0705,1.0,0.008749
99,27,39,62.234,81.394,1.0,0.0457,1.0,0.005677
99,23,1320,14.265,80.142,1.0,0.0106,1.0,0.001322
99,69,549,23.83,29.549,1.0,0.0482,1.0,0.005988
99,9,337,94.82,49.535,1.0,0.1145,1.0,0.014213
99,61,346,38.141,37.526,1.0,0.0608,1.0,0.007547
99,76,152,93.762,140.946,1.0,0.0398,1.0,0.00494
99,79,134,66.953,48.196,1.0,0.0831,1.0,0.010315
99,68,320,93.744,79.303,1.0,0.0707,1.0,0.008777
99,5,147,76.762,114.282,1.0,0.0402,1.0,0.004988
99,6,50,44.893,91.387,1.0,0.0294,1.0,0.003648
99,10,307,65.419,88.263,1.0,0.0443,1.0,0.005503
99,60,406,24.399,89.962,1.0,0.0162,1.0,0.002014
99,16,155,37.811,132.576,1.0,0.0171,1.0,0.002118
99,1,176,68.707,11.347,1.0,0.3621,1.0,0.044959
99,26,547,53.593,128.007,1.0,0.025,1.0,0.003109
99,44,118,65.392,30.426,1.0,0.1285,1.0,0.015958
99,28,159,44.266,109.952,1.0,0.0241,1.0,0.002989
99,17,357,62.897,124.78,1.0,0.0301,1.0,0.003743
99,4,86,91.504,16.198,1.0,0.3379,1.0,0.041947
99,66,324,87.039,96.68,1.0,0.0538,1.0,0.006685
99,0,201,79.656,68.637,1.0,0.0694,1.0,0.008617
99,30,122,85.405,5.968,1.0,0.8559,1.0,0.106262
99,65,829,68.368,74.265,1.0,0.0551,1.0,0.006836
99,62,41,85.471,105.361,1.0,0.0485,1.0,0.006024
99,31,88,54.337,48.988,1.0,0.0663,1.0,0.008236
99,72,121,75.51,25.613,1.0,0.1763,1.0,0.021891
99,8,191,80.868,125.882,1.0,0.0384,1.0,0.00477
99,75,361,88.751,27.893,1.0,0.1903,1.0,0.023626
99,36,152,47.698,137.695,1.0,0.0207,1.0,0.002572
99,35,101,80.734,84.92,1.0,0.0569,1.0,0.007059
99,20,163,64.839,113.427,1.0,0.0342,1.0,0.004245
99,50,208,64.078,15.999,1.0,0.2395,1.0,0.02974
99,24,51,93.136,105.459,1.0,0.0528,1.0,0.006558
99,14,52,75.351,7.451,1.0,0.6048,1.0,0.075093
99,39,446,49.07,35.686,1.0,0.0822,1.0,0.01021
99,18,138,39.186,8.936,1.0,0.2623,1.0,0.03256
99,11,187,11.001,109.242,1.0,0.006,1.0,0.000748
99,46,295,28.562,106.962,1.0,0.016,1.0,0.001983
99,57,109,55.543,86.938,1.0,0.0382,1.0,0.004744
99,15,95,71.575,72.905,1.0,0.0587,1.0,0.00729
99,22,153,94.914,80.884,1.0,0.0702,1.0,0.008713
99,7,155,42.657,91.017,1.0,0.028,1.0,0.00348
99,45,62,61.368,118.613,1.0,0.0309,1.0,0.003842
99,54,424,75.625,111.414,1.0,0.0406,1.0,0.00504
99,33,54,29.196,27.204,1.0,0.0642,1.0,0.007969
99,40,109,99.787,128.944,1.0,0.0463,1.0,0.005746
99,13,526,84.903,131.244,1.0,0.0387,1.0,0.004804
99,25,85,47.29,23.406,1.0,0.1208,1.0,0.015002
99,49,602,35.477,136.986,1.0,0.0155,1.0,0.001923
99,64,74,98.417,10.858,1.0,0.5421,1.0,0.067303
99,63,97,67.438,148.762,1.0,0.0271,1.0,0.003366
99,77,58,96.062,111.156,1.0,0.0517,1.0,0.006417
99,47,265,61.82,116.641,1.0,0.0317,1.0,0.003935
99,29,803,32.807,81.493,1.0,0.0241,1.0,0.002989
99,38,94,76.284,7.671,1.0,0.5948,1.0,0.073844
99,3,202,61.582,81.631,1.0,0.0451,1.0,0.005602
99,55,189,70.685,67.685,1.0,0.0625,1.0,0.007754
99,19,309,43.694,116.931,1.0,0.0223,1.0,0.002775
99,2,138,21.031,42.426,1.0,0.0296,1.0,0.003681
100,40,109,99.787,128.944,1.0,0.0463,1.0,0.005746
100,5,147,76.762,114.282,1.0,0.0402,1.0,0.004988
100,9,337,94.82,49.535,1.0,0.1145,1.0,0.014213
100,79,134,66.953,48.196,1.0,0.0831,1.0,0.010315
100,26,547,53.593,128.007,1.0,0.025,1.0,0.003109
100,70,51,20.481,127.402,1.0,0.0096,1.0,0.001194
100,39,446,49.07,35.686,1.0,0.0822,1.0,0.01021
100,16,155,37.811,132.576,1.0,0.0171,1.0,0.002118
100,25,85,47.29,23.406,1.0,0.1208,1.0,0.015002
100,60,406,24.399,89.962,1.0,0.0162,1.0,0.002014
100,62,41,85.471,105.361,1.0,0.0485,1.0,0.006024
100,43,74,13.989,73.407,1.0,0.0114,1.0,0.001415
100,73,52,73.21,92.538,1.0,0.0473,1.0,0.005874
100,41,469,38.477,11.468,1.0,0.2007,1.0,0.024914
100,63,97,67.438,148.762,1.0,0.0271,1.0,0.003366
100,66,324,87.039,96.68,1.0,0.0538,1.0,0.006685
100,4,86,91.504,16.198,1.0,0.3379,1.0,0.041947
100,7,155,42.657,91.017,1.0,0.028,1.0,0.00348
100,76,152,93.762,140.946,1.0,0.0398,1.0,0.00494
100,28,159,44.266,109.952,1.0,0.0241,1.0,0.002989
100,67,43,58.937,127.004,1.0,0.0278,1.0,0.003446
100,74,36,25.513,132.154,1.0,0.0115,1.0,0.001434
100,32,44,90.494,80.505,1.0,0.0672,1.0,0.008347
100,14,52,75.351,7.451,1.0,0.6048,1.0,0.075093
100,24,51,93.136,105.459,1.0,0.0528,1.0,0.006558
100,0,201,79.656,68.637,1.0,0.0694,1.0,0.008617
100,77,58,96.062,111.156,1.0,0.0517,1.0,0.006417
100,78,146,86.837,13.275,1.0,0.3912,1.0,0.048571
100,61,346,38.141,37.526,1.0,0.0608,1.0,0.007547
100,50,208,64.078,15.999,1.0,0.2395,1.0,0.02974
100,33,54,29.196,27.204,1.0,0.0642,1.0,0.007969
100,69,549,23.83,29.549,1.0,0.0482,1.0,0.005988
100,46,295,28.562,106.962,1.0,0.016,1.0,0.001983
100,17,357,62.897,124.78,1.0,0.0301,1.0,0.003743
100,22,153,94.914,80.884,1.0,0.0702,1.0,0.008713
100,71,283,16.352,26.876,1.0,0.0364,1.0,0.004518
100,8,191,80.868,125.882,1.0,0.0384,1.0,0.00477
100,42,350,75.889,135.53,1.0,0.0335,1.0,0.004158
100,35,101,80.734,84.92,1.0,0.0569,1.0,0.007059
100,55,189,70.685,67.685,1.0,0.0625,1.0,0.007754
100,38,94,76.284,7.671,1.0,0.5948,1.0,0.073844
100,75,361,88.751,27.893,1.0,0.1903,1.0,0.023626
100,47,265,61.82,116.641,1.0,0.0317,1.0,0.003935
100,49,602,35.477,136.986,1.0,0.0155,1.0,0.001923
100,45,62,61.368,118.613,1.0,0.0309,1.0,0.003842
100,3,202,61.582,81.631,1.0,0.0451,1.0,0.005602
100,58,461,85.148,91.5,1.0,0.0557,1.0,0.00691
100,68,320,93.744,79.303,1.0,0.0707,1.0,0.008777
100,72,121,75.51,25.613,1.0,0.1763,1.0,0.021891
100,59,155,94.918,57.116,1.0,0.0994,1.0,0.01234
100,44,118,65.392,30.426,1.0,0.1285,1.0,0.015958
100,64,74,98.417,10.858,1.0,0.5421,1.0,0.067303
100,48,135,43.51,103.875,1.0,0.0251,1.0,0.00311
100,29,803,32.807,81.493,1.0,0.0241,1.0,0.002989
100,19,309,43.694,116.931,1.0,0.0223,1.0,0.002775
100,52,34,31.57,119.36,1.0,0.0158,1.0,0.001964
100,6,50,44.893,91.387,1.0,0.0294,1.0,0.003648
100,37,308,92.764,15.385,1.0,0.3606,1.0,0.04477
100,53,829,58.731,137.43,1.0,0.0256,1.0,0.003173
100,12,141,30.021,80.194,1.0,0.0224,1.0,0.00278
100,51,104,98.694,83.761,1.0,0.0705,1.0,0.008749
100,10,307,65.419,88.263,1.0,0.0443,1.0,0.005503
100,31,88,54.337,48.988,1.0,0.0663,1.0,0.008236
100,57,109,55.543,86.938,1.0,0.0382,1.0,0.004744
100,20,163,64.839,113.427,1.0,0.0342,1.0,0.004245
100,54,424,75.625,111.414,1.0,0.0406,1.0,0.00504
100,23,1320,14.265,80.142,1.0,0.0106,1.0,0.001322
100,36,152,47.698,137.695,1.0,0.0207,1.0,0.002572
100,56,208,94.929,128.443,1.0,0.0442,1.0,0.005488
100,18,138,39.186,8.936,1.0,0.2623,1.0,0.03256
100,27,39,62.234,81.394,1.0,0.0457,1.0,0.005677
100,21,179,60.407,148.878,1.0,0.0243,1.0,0.003013
100,30,122,85.405,5.968,1.0,0.8559,1.0,0.106262
100,34,177,82.57,147.901,1.0,0.0334,1.0,0.004145
100,1,176,68.707,11.347,1.0,0.3621,1.0,0.044959
100,2,138,21.031,42.426,1.0,0.0296,1.0,0.003681
100,13,526,84.903,131.244,1.0,0.0387,1.0,0.004804
100,65,829,68.368,74.265,1.0,0.0551,1.0,0.006836
100,11,187,11.001,109.242,1.0,0.006,1.0,0.000748
100,15,95,71.575,72.905,1.0,0.0587,1.0,0.00729
101,12,141,30.021,80.194,1.0,0.0224,1.0,0.00278
101,5,147,76.762,114.282,1.0,0.0402,1.0,0.004988
101,48,135,43.51,103.875,1.0,0.0251,1.0,0.00311
101,73,52,73.21,92.538,1.0,0.0473,1.0,0.005874
101,23,1320,14.265,80.142,1.0,0.0106,1.0,0.001322
101,38,94,76.284,7.671,1.0,0.5948,1.0,0.073844
101,4,86,91.504,16.198,1.0,0.3379,1.0,0.041947
101,36,152,47.698,137.695,1.0,0.0207,1.0,0.002572
101,59,155,94.918,57.116,1.0,0.0994,1.0,0.01234
101,21,179,60.407,148.878,1.0,0.0243,1.0,0.003013
101,51,104,98.694,83.761,1.0,0.0705,1.0,0.008749
101,45,62,61.368,118.613,1.0,0.0309,1.0,0.003842
101,28,159,44.266,109.952,1.0,0.0241,1.0,0.002989
101,43,74,13.989,73.407,1.0,0.0114,1.0,0.001415
101,57,109,55.543,86.938,1.0,0.0382,1.0,0.004744
101,41,469,38.477,11.468,1.0,0.2007,1.0,0.024914
101,61,346,38.141,37.526,1.0,0.0608,1.0,0.007547
101,31,88,54.337,48.988,1.0,0.0663,1.0,0.008236
101,17,357,62.897,124.78,1.0,0.0301,1.0,0.003743
101,60,406,24.399,89.962,1.0,0.0162,1.0,0.002014
101,13,526,84.903,131.244,1.0,0.0387,1.0,0.004804
101,52,34,31.57,119.36,1.0,0.0158,1.0,0.001964
101,63,97,67.438,148.762,1.0,0.0271,1.0,0.003366
101,35,101,80.734,84.92,1.0,0.0569,1.0,0.007059
101,42,350,75.889,135.53,1.0,0.0335,1.0,0.004158
101,78,146,86.837,13.275,1.0,0.3912,1.0,0.048571
101,33,54,29.196,27.204,1.0,0.0642,1.0,0.007969
101,50,208,64.078,15.999,1.0,0.2395,1.0,0.02974
101,56,208,94.929,128.443,1.0,0.0442,1.0,0.005488
101,24,51,93.136,105.459,1.0,0.0528,1.0,0.006558
101,37,308,92.764,15.385,1.0,0.3606,1.0,0.04477
101,44,118,65.392,30.426,1.0,0.1285,1.0,0.015958
101,74,36,25.513,132.154,1.0,0.0115,1.0,0.001434
101,69,549,23.83,29.549,1.0,0.0482,1.0,0.005988
101,7,155,42.657,91.017,1.0,0.028,1.0,0.00348
101,71,283,16.352,26.876,1.0,0.0364,1.0,0.004518
101,77,58,96.062,111.156,1.0,0.0517,1.0,0.006417
101,70,51,20.481,127.402,1.0,0.0096,1.0,0.001194
101,16,155,37.811,132.576,1.0,0.0171,1.0,0.002118
101,49,602,35.477,136.986,1.0,0.0155,1.0,0.001923
101,58,461,85.148,91.5,1.0,0.0557,1.0,0.00691
101,9,337,94.82,49.535,1.0,0.1145,1.0,0.014213
101,0,201,79.656,68.637,1.0,0.0694,1.0,0.008617
101,75,361,88.751,27.893,1.0,0.1903,1.0,0.023626
101,66,324,87.039,96.68,1.0,0.0538,1.0,0.006685
101,20,163,64.839,113.427,1.0,0.0342,1.0,0.004245
101,3,202,61.582,81.631,1.0,0.0451,1.0,0.005602
101,27,39,62.234,81.394,1.0,0.0457,1.0,0.005677
101,25,85,47.29,23.406,1.0,0.1208,1.0,0.015002
101,15,95,71.575,72.905,1.0,0.0587,1.0,0.00729
101,2,138,21.031,42.426,1.0,0.0296,1.0,0.003681
101,47,265,61.82,116.641,1.0,0.0317,1.0,0.003935
101,55,189,70.685,67.685,1.0,0.0625,1.0,0.007754
101,6,50,44.893,91.387,1.0,0.0294,1.0,0.003648
101,46,295,28.562,106.962,1.0,0.016,1.0,0.001983
101,39,446,49.07,35.686,1.0,0.0822,1.0,0.01021
101,67,43,58.937,127.004,1.0,0.0278,1.0,0.003446
101,62,41,85.471,105.361,1.0,0.0485,1.0,0.006024
101,30,122,85.405,5.968,1.0,0.8559,1.0,0.106262
101,53,829,58.731,137.43,1.0,0.0256,1.0,0.003173
101,34,177,82.57,147.901,1.0,0.0334,1.0,0.004145
101,64,74,98.417,10.858,1.0,0.5421,1.0,0.067303
101,18,138,39.186,8.936,1.0,0.2623,1.0,0.03256
101,1,176,68.707,11.347,1.0,0.3621,1.0,0.044959
101,65,829,68.368,74.265,1.0,0.0551,1.0,0.006836
101,11,187,11.001,109.242,1.0,0.006,1.0,0.000748
101,26,547,53.593,128.007,1.0,0.025,1.0,0.003109
101,22,153,94.914,80.884,1.0,0.0702,1.0,0.008713
101,29,803,32.807,81.493,1.0,0.0241,1.0,0.002989
101,14,52,75.351,7.451,1.0,0.6048,1.0,0.075093
101,32,44,90.494,80.505,1.0,0.0672,1.0,0.008347
101,8,191,80.868,125.882,1.0,0.0384,1.0,0.00477
101,68,320,93.744,79.303,1.0,0.0707,1.0,0.008777
101,76,152,93.762,140.946,1.0,0.0398,1.0,0.00494
101,72,121,75.51,25.613,1.0,0.1763,1.0,0.021891
101,54,424,75.625,111.414,1.0,0.0406,1.0,0.00504
101,19,309,43.694,116.931,1.0,0.0223,1.0,0.002775
101,10,307,65.419,88.263,1.0,0.0443,1.0,0.005503
101,79,134,66.953,48.196,1.0,0.0831,1.0,0.010315
101,40,109,99.787,128.944,1.0,0.0463,1.0,0.005746
102,48,135,43.51,103.875,1.0,0.0251,1.0,0.00311
102,16,155,37.811,132.576,1.0,0.0171,1.0,0.002118
102,17,357,62.897,124.78,1.0,0.0301,1.0,0.003743
102,4,86,91.504,16.198,1.0,0.3379,1.0,0.041947
102,73,52,73.21,92.538,1.0,0.0473,1.0,0.005874
102,7,155,42.657,91.017,1.0,0.028,1.0,0.00348
102,25,85,47.29,23.406,1.0,0.1208,1.0,0.015002
102,70,51,20.481,127.402,1.0,0.0096,1.0,0.001194
102,76,152,93.762,140.946,1.0,0.0398,1.0,0.00494
102,66,324,87.039,96.68,1.0,0.0538,1.0,0.006685
102,62,41,85.471,105.361,1.0,0.0485,1.0,0.006024
102,1,176,68.707,11.347,1.0,0.3621,1.0,0.044959
102,24,51,93.136,105.459,1.0,0.0528,1.0,0.006558
102,52,34,31.57,119.36,1.0,0.0158,1.0,0.001964
102,38,94,76.284,7.671,1.0,0.5948,1.0,0.073844
102,10,307,65.419,88.263,1.0,0.0443,1.0,0.005503
102,36,152,47.698,137.695,1.0,0.0207,1.0,0.002572
102,33,54,29.196,27.204,1.0,0.0642,1.0,0.007969
102,6,50,44.893,91.387,1.0,0.0294,1.0,0.003648
102,57,109,55.543,86.938,1.0,0.0382,1.0,0.004744
102,35,101,80.734,84.92,1.0,0.0569,1.0,0.007059
102,37,308,92.764,15.385,1.0,0.3606,1.0,0.04477
102,54,424,75.625,111.414,1.0,0.0406,1.0,0.00504
102,46,295,28.562,106.962,1.0,0.016,1.0,0.001983
102,67,43,58.937,127.004,1.0,0.0278,1.0,0.003446
102,44,118,65.392,30.426,1.0,0.1285,1.0,0.015958
102,27,39,62.234,81.394,1.0,0.0457,1.0,0.005677
102,50,208,64.078,15.999,1.0,0.2395,1.0,0.02974
102,59,155,94.918,57.116,1.0,0.0994,1.0,0.01234
102,9,337,94.82,49.535,1.0,0.1145,1.0,0.014213
102,23,1320,14.265,80.142,1.0,0.0106,1.0,0.001322
102,60,406,24.399,89.962,1.0,0.0162,1.0,0.002014
102,68,320,93.744,79.303,1.0,0.0707,1.0,0.008777
102,0,201,79.656,68.637,1.0,0.0694,1.0,0.008617
102,53,829,58.731,137.43,1.0,0.0256,1.0,0.003173
102,40,109,99.787,128.944,1.0,0.0463,1.0,0.005746
102,26,547,53.593,128.007,1.0,0.025,1.0,0.003109
102,42,350,75.889,135.53,1.0,0.0335,1.0,0.004158
102,71,283,16.352,26.876,1.0,0.0364,1.0,0.004518
102,39,446,49.07,35.686,1.0,0.0822,1.0,0.01021
102,15,95,71.575,72.905,1.0,0.0587,1.0,0.00729
102,47,265,61.82,116.641,1.0,0.0317,1.0,0.003935
102,74,36,25.513,132.154,1.0,0.0115,1.0,0.001434
102,56,208,94.929,128.443,1.0,0.0442,1.0,0.005488
102,13,526,84.903,131.244,1.0,0.0387,1.0,0.004804
102,20,163,64.839,113.427,1.0,0.0342,1.0,0.004245
102,79,134,66.953,48.196,1.0,0.0831,1.0,0.010315
102,78,146,86.837,13.275,1.0,0.3912,1.0,0.048571
102,8,191,80.868,125.882,1.0,0.0384,1.0,0.00477
102,65,829,68.368,74.265,1.0,0.0551,1.0,0.006836
102,3,202,61.582,81.631,1.0,0.0451,1.0,0.005602
102,11,187,11.001,109.242,1.0,0.006,1.0,0.000748
102,72,121,75.51,25.613,1.0,0.1763,1.0,0.021891
102,61,346,38.141,37.526,1.0,0.0608,1.0,0.007547
102,63,97,67.438,148.762,1.0,0.0271,1.0,0.003366
102,77,58,96.062,111.156,1.0,0.0517,1.0,0.006417
102,64,74,98.417,10.858,1.0,0.5421,1.0,0.067303
102,58,461,85.148,91.5,1.0,0.0557,1.0,0.00691
102,5,147,76.762,114.282,1.0,0.0402,1.0,0.004988
102,32,44,90.494,80.505,1.0,0.0672,1.0,0.008347
102,55,189,70.685,67.685,1.0,0.0625,1.0,0.007754
102,28,159,44.266,109.952,1.0,0.0241,1.0,0.002989
102,34,177,82.57,147.901,1.0,0.0334,1.0,0.004145
102,29,803,32.807,81.493,1.0,0.0241,1.0,0.002989
102,45,62,61.368,118.613,1.0,0.0309,1.0,0.003842
102,31,88,54.337,48.988,1.0,0.0663,1.0,0.008236
102,2,138,21.031,42.426,1.0,0.0296,1.0,0.003681
102,69,549,23.83,29.549,1.0,0.0482,1.0,0.005988
102,18,138,39.186,8.936,1.0,0.2623,1.0,0.03256
102,14,52,75.351,7.451,1.0,0.6048,1.0,0.075093
102,75,361,88.751,27.893,1.0,0.1903,1.0,0.023626
102,49,602,35.477,136.986,1.0,0.0155,1.0,0.001923
102,19,309,43.694,116.931,1.0,0.0223,1.0,0.002775
102,41,469,38.477,11.468,1.0,0.2007,1.0,0.024914
102,22,153,94.914,80.884,1.0,0.0702,1.0,0.008713
102,30,122,85.405,5.968,1.0,0.8559,1.0,0.106262
102,51,104,98.694,83.761,1.0,0.0705,1.0,0.008749
102,12,141,30.021,80.194,1.0,0.0224,1.0,0.00278
102,43,74,13.989,73.407,1.0,0.0114,1.0,0.001415
102,21,179,60.407,148.878,1.0,0.0243,1.0,0.003013
103,74,36,25.513,132.154,1.0,0.0115,1.0,0.001434
103,54,424,75.625,111.414,1.0,0.0406,1.0,0.00504
103,37,308,92.764,15.385,1.0,0.3606,1.0,0.04477
103,22,153,94.914,80.884,1.0,0.0702,1.0,0.008713
103,29,803,32.807,81.493,1.0,0.0241,1.0,0.002989
103,19,309,43.694,116.931,1.0,0.0223,1.0,0.002775
103,73,52,73.21,92.538,1.0,0.0473,1.0,0.005874
103,11,187,11.001,109.242,1.0,0.006,1.0,0.000748
103,47,265,61.82,116.641,1.0,0.0317,1.0,0.003935
103,25,85,47.29,23.406,1.0,0.1208,1.0,0.015002
103,79,134,66.953,48.196,1.0,0.0831,1.0,0.010315
103,27,39,62.234,81.394,1.0,0.0457,1.0,0.005677
103,36,152,47.698,137.695,1.0,0.0207,1.0,0.002572
103,33,54,29.196,27.204,1.0,0.0642,1.0,0.007969
103,43,74,13.989,73.407,1.0,0.0114,1.0,0.001415
103,52,34,31.57,119.36,1.0,0.0158,1.0,0.001964
103,72,121,75.51,25.613,1.0,0.1763,1.0,0.021891
103,65,829,68.368,74.265,1.0,0.0551,1.0,0.006836
103,42,350,75.889,135.53,1.0,0.0335,1.0,0.004158
103,70,51,20.481,127.402,1.0,0.0096,1.0,0.001194
103,8,191,80.868,125.882,1.0,0.0384,1.0,0.00477
103,1,176,68.707,11.347,1.0,0.3621,1.0,0.044959
103,0,201,79.656,68.637,1.0,0.0694,1.0,0.008617
103,76,152,93.762,140.946,1.0,0.0398,1.0,0.00494
103,69,549,23.83,29.549,1.0,0.0482,1.0,0.005988
103,21,179,60.407,148.878,1.0,0.0243,1.0,0.003013
103,46,295,28.562,106.962,1.0,0.016,1.0,0.001983
103,35,101,80.734,84.92,1.0,0.0569,1.0,0.007059
103,10,307,65.419,88.263,1.0,0.0443,1.0,0.005503
103,55,189,70.685,67.685,1.0,0.0625,1.0,0.007754
103,59,155,94.918,57.116,1.0,0.0994,1.0,0.01234
103,78,146,86.837,13.275,1.0,0.3912,1.0,0.048571
103,63,97,67.438,148.762,1.0,0.0271,1.0,0.003366
103,57,109,55.543,86.938,1.0,0.0382,1.0,0.004744
103,4,86,91.504,16.198,1.0,0.3379,1.0,0.041947
103,71,283,16.352,26.876,1.0,0.0364,1.0,0.004518
103,18,138,39.186,8.936,1.0,0.2623,1.0,0.03256
103,9,337,94.82,49.535,1.0,0.1145,1.0,0.014213
103,53,829,58.731,137.43,1.0,0.0256,1.0,0.003173
103,17,357,62.897,124.78,1.0,0.0301,1.0,0.003743
103,56,208,94.929,128.443,1.0,0.0442,1.0,0.005488
103,5,147,76.762,114.282,1.0,0.0402,1.0,0.004988
103,44,118,65.392,30.426,1.0,0.1285,1.0,0.015958
103,62,41,85.471,105.361,1.0,0.0485,1.0,0.006024
103,20,163,64.839,113.427,1.0,0.0342,1.0,0.004245
103,23,1320,14.265,80.142,1.0,0.0106,1.0,0.001322
103,61,346,38.141,37.526,1.0,0.0608,1.0,0.007547
103,31,88,54.337,48.988,1.0,0.0663,1.0,0.008236
103,34,177,82.57,147.901,1.0,0.0334,1.0,0.004145
103,15,95,71.575,72.905,1.0,0.0587,1.0,0.00729
103,24,51,93.136,105.459,1.0,0.0528,1.0,0.006558
103,60,406,24.399,89.962,1.0,0.0162,1.0,0.002014
103,67,43,58.937,127.004,1.0,0.0278,1.0,0.003446
103,7,155,42.657,91.017,1.0,0.028,1.0,0.00348
103,64,74,98.417,10.858,1.0,0.5421,1.0,0.067303
103,51,104,98.694,83.761,1.0,0.0705,1.0,0.008749
103,49,602,35.477,136.986,1.0,0.0155,1.0,0.001923
103,13,526,84.903,131.244,1.0,0.0387,1.0,0.004804
103,26,547,53.593,128.007,1.0,0.025,1.0,0.003109
103,12,141,30.021,80.194,1.0,0.0224,1.0,0.00278
103,28,159,44.266,109.952,1.0,0.0241,1.0,0.002989
103,32,44,90.494,80.505,1.0,0.0672,1.0,0.008347
103,3,202,61.582,81.631,1.0,0.0451,1.0,0.005602
103,40,109,99.787,128.944,1.0,0.0463,1.0,0.005746
103,50,208,64.078,15.999,1.0,0.2395,1.0,0.02974
103,2,138,21.031,42.426,1.0,0.0296,1.0,0.003681
103,38,94,76.284,7.671,1.0,0.5948,1.0,0.073844
103,30,122,85.405,5.968,1.0,0.8559,1.0,0.106262
103,68,320,93.744,79.303,1.0,0.0707,1.0,0.008777
103,58,461,85.148,91.5,1.0,0.0557,1.0,0.00691
103,16,155,37.811,132.576,1.0,0.0171,1.0,0.002118
103,66,324,87.039,96.68,1.0,0.0538,1.0,0.006685
103,75,361,88.751,27.893,1.0,0.1903,1.0,0.023626
103,45,62,61.368,118.613,1.0,0.0309,1.0,0.003842
103,48,135,43.51,103.875,1.0,0.0251,1.0,0.00311
103,14,52,75.351,7.451,1.0,0.6048,1.0,0.075093
103,41,469,38.477,11.468,1.0,0.2007,1.0,0.024914
103,6,50,44.893,91.387,1.0,0.0294,1.0,0.003648
103,77,58,96.062,111.156,1.0,0.0517,1.0,0.006417
103,39,446,49.07,35.686,1.0,0.0822,1.0,0.01021
104,62,41,85.471,105.361,1.0,0.0485,1.0,0.006024
104,1,176,68.707,11.347,1.0,0.3621,1.0,0.044959
104,51,104,98.694,83.761,1.0,0.0705,1.0,0.008749
104,75,361,88.751,27.893,1.0,0.1903,1.0,0.023626
104,13,526,84.903,131.244,1.0,0.0387,1.0,0.004804
104,26,547,53.593,128.007,1.0,0.025,1.0,0.003109
104,37,308,92.764,15.385,1.0,0.3606,1.0,0.04477
104,20,163,64.839,113.427,1.0,0.0342,1.0,0.004245
104,69,549,23.83,29.549,1.0,0.0482,1.0,0.005988
104,67,43,58.937,127.004,1.0,0.0278,1.0,0.003446
104,61,346,38.141,37.526,1.0,0.0608,1.0,0.007547
104,2,138,21.031,42.426,1.0,0.0296,1.0,0.003681
104,4,86,91.504,16.198,1.0,0.3379,1.0,0.041947
104,35,101,80.734,84.92,1.0,0.0569,1.0,0.007059
104,30,122,85.405,5.968,1.0,0.8559,1.0,0.106262
104,6,50,44.893,91.387,1.0,0.0294,1.0,0.003648
104,48,135,43.51,103.875,1.0,0.0251,1.0,0.00311
104,8,191,80.868,125.882,1.0,0.0384,1.0,0.00477
104,39,446,49.07,35.686,1.0,0.0822,1.0,0.01021
104,57,109,55.543,86.938,1.0,0.0382,1.0,0.004744
104,70,51,20.481,127.402,1.0,0.0096,1.0,0.001194
104,24,51,93.136,105.459,1.0,0.0528,1.0,0.006558
104,66,324,87.039,96.68,1.0,0.0538,1.0,0.006685
104,29,803,32.807,81.493,1.0,0.0241,1.0,0.002989
104,16,155,37.811,132.576,1.0,0.0171,1.0,0.002118
104,7,155,42.657,91.017,1.0,0.028,1.0,0.00348
104,11,187,11.001,109.242,1.0,0.006,1.0,0.000748
104,56,208,94.929,128.443,1.0,0.0442,1.0,0.005488
104,17,357,62.897,124.78,1.0,0.0301,1.0,0.003743
104,32,44,90.494,80.505,1.0,0.0672,1.0,0.008347
104,19,309,43.694,116.931,1.0,0.0223,1.0,0.002775
104,38,94,76.284,7.671,1.0,0.5948,1.0,0.073844
104,54,424,75.625,111.414,1.0,0.0406,1.0,0.00504
104,28,159,44.266,109.952,1.0,0.0241,1.0,0.002989
104,36,152,47.698,137.695,1.0,0.0207,1.0,0.002572
104,59,155,94.918,57.116,1.0,0.0994,1.0,0.01234
104,42,350,75.889,135.53,1.0,0.0335,1.0,0.004158
104,46,295,28.562,106.962,1.0,0.016,1.0,0.001983
104,77,58,96.062,111.156,1.0,0.0517,1.0,0.006417
104,27,39,62.234,81.394,1.0,0.0457,1.0,0.005677
104,71,283,16.352,26.876,1.0,0.0364,1.0,0.004518
104,45,62,61.368,118.613,1.0,0.0309,1.0,0.003842
104,52,34,31.57,119.36,1.0,0.0158,1.0,0.001964
104,21,179,60.407,148.878,1.0,0.0243,1.0,0.003013
104,74,36,25.513,132.154,1.0,0.0115,1.0,0.001434
104,31,88,54.337,48.988,1.0,0.0663,1.0,0.008236
104,18,138,39.186,8.936,1.0,0.2623,1.0,0.03256
104,55,189,70.685,67.685,1.0,0.0625,1.0,0.007754
104,33,54,29.196,27.204,1.0,0.0642,1.0,0.007969
104,22,153,94.914,80.884,1.0,0.0702,1.0,0.008713
104,49,602,35.477,136.986,1.0,0.0155,1.0,0.001923
104,73,52,73.21,92.538,1.0,0.0473,1.0,0.005874
104,58,461,85.148,91.5,1.0,0.0557,1.0,0.00691
104,47,265,61.82,116.641,1.0,0.0317,1.0,0.003935
104,0,201,79.656,68.637,1.0,0.0694,1.0,0.008617
104,12,141,30.021,80.194,1.0,0.0224,1.0,0.00278
104,9,337,94.82,49.535,1.0,0.1145,1.0,0.014213
104,25,85,47.29,23.406,1.0,0.1208,1.0,0.015002
104,14,52,75.351,7.451,1.0,0.6048,1.0,0.075093
104,53,829,58.731,137.43,1.0,0.0256,1.0,0.003173
104,63,97,67.438,148.762,1.0,0.0271,1.0,0.003366
104,79,134,66.953,48.196,1.0,0.0831,1.0,0.010315
104,60,406,24.399,89.962,1.0,0.0162,1.0,0.002014
104,23,1320,14.265,80.142,1.0,0.0106,1.0,0.001322
104,15,95,71.575,72.905,1.0,0.0587,1.0,0.00729
104,65,829,68.368,74.265,1.0,0.0551,1.0,0.006836
104,64,74,98.417,10.858,1.0,0.5421,1.0,0.067303
104,3,202,61.582,81.631,1.0,0.0451,1.0,0.005602
104,72,121,75.51,25.613,1.0,0.1763,1.0,0.021891
104,76,152,93.762,140.946,1.0,0.0398,1.0,0.00494
104,68,320,93.744,79.303,1.0,0.0707,1.0,0.008777
104,44,118,65.392,30.426,1.0,0.1285,1.0,0.015958
104,34,177,82.57,147.901,1.0,0.0334,1.0,0.004145
104,41,469,38.477,11.468,1.0,0.2007,1.0,0.024914
104,10,307,65.419,88.263,1.0,0.0443,1.0,0.005503
104,43,74,13.989,73.407,1.0,0.0114,1.0,0.001415
104,40,109,99.787,128.944,1.0,0.0463,1.0,0.005746
104,5,147,76.762,114.282,1.0,0.0402,1.0,0.004988
104,50,208,64.078,15.999,1.0,0.2395,1.0,0.02974
104,78,146,86.837,13.275,1.0,0.3912,1.0,0.048571
105,67,43,58.937,127.004,1.0,0.0278,1.0,0.003446
105,71,283,16.352,26.876,1.0,0.0364,1.0,0.004518
105,74,36,25.513,132.154,1.0,0.0115,1.0,0.001434
105,12,141,30.021,80.194,1.0,0.0224,1.0,0.00278
105,76,152,93.762,140.946,1.0,0.0398,1.0,0.00494
105,44,118,65.392,30.426,1.0,0.1285,1.0,0.015958
105,65,829,68.368,74.265,1.0,0.0551,1.0,0.006836
105,50,208,64.078,15.999,1.0,0.2395,1.0,0.02974
105,20,163,64.839,113.427,1.0,0.0342,1.0,0.004245
105,32,44,90.494,80.505,1.0,0.0672,1.0,0.008347
105,15,95,71.575,72.905,1.0,0.0587,1.0,0.00729
105,27,39,62.234,81.394,1.0,0.0457,1.0,0.005677
105,77,58,96.062,111.156,1.0,0.0517,1.0,0.006417
105,47,265,61.82,116.641,1.0,0.0317,1.0,0.003935
105,63,97,67.438,148.762,1.0,0.0271,1.0,0.003366
105,59,155,94.918,57.116,1.0,0.0994,1.0,0.01234
105,29,803,32.807,81.493,1.0,0.0241,1.0,0.002989
105,5,147,76.762,114.282,1.0,0.0402,1.0,0.004988
105,16,155,37.811,132.576,1.0,0.0171,1.0,0.002118
105,21,179,60.407,148.878,1.0,0.0243,1.0,0.003013
105,72,121,75.51,25.613,1.0,0.1763,1.0,0.021891
105,75,361,88.751,27.893,1.0,0.1903,1.0,0.023626
105,26,547,53.593,128.007,1.0,0.025,1.0,0.003109
105,18,138,39.186,8.936,1.0,0.2623,1.0,0.03256
105,11,187,11.001,109.242,1.0,0.006,1.0,0.000748
105,4,86,91.504,16.198,1.0,0.3379,1.0,0.041947
105,55,189,70.685,67.685,1.0,0.0625,1.0,0.007754
105,58,461,85.148,91.5,1.0,0.0557,1.0,0.00691
105,37,308,92.764,15.385,1.0,0.3606,1.0,0.04477
105,9,337,94.82,49.535,1.0,0.1145,1.0,0.014213
105,52,34,31.57,119.36,1.0,0.0158,1.0,0.001964
105,46,295,28.562,106.962,1.0,0.016,1.0,0.001983
105,53,829,58.731,137.43,1.0,0.0256,1.0,0.003173
105,40,109,99.787,128.944,1.0,0.0463,1.0,0.005746
105,57,109,55.543,86.938,1.0,0.0382,1.0,0.004744
105,45,62,61.368,118.613,1.0,0.0309,1.0,0.003842
105,78,146,86.837,13.275,1.0,0.3912,1.0,0.048571
105,25,85,47.29,23.406,1.0,0.1208,1.0,0.015002
105,0,201,79.656,68.637,1.0,0.0694,1.0,0.008617
105,41,469,38.477,11.468,1.0,0.2007,1.0,0.024914
105,33,54,29.196,27.204,1.0,0.0642,1.0,0.007969
105,61,346,38.141,37.526,1.0,0.0608,1.0,0.007547
105,28,159,44.266,109.952,1.0,0.0241,1.0,0.002989
105,22,153,94.914,80.884,1.0,0.0702,1.0,0.008713
105,30,122,85.405,5.968,1.0,0.8559,1.0,0.106262
105,24,51,93.136,105.459,1.0,0.0528,1.0,0.006558
105,73,52,73.21,92.538,1.0,0.0473,1.0,0.005874
105,54,424,75.625,111.414,1.0,0.0406,1.0,0.00504
105,2,138,21.031,42.426,1.0,0.0296,1.0,0.003681
105,62,41,85.471,105.361,1.0,0.0485,1.0,0.006024
105,35,101,80.734,84.92,1.0,0.0569,1.0,0.007059
105,19,309,43.694,116.931,1.0,0.0223,1.0,0.002775
105,1,176,68.707,11.347,1.0,0.3621,1.0,0.044959
105,34,177,82.57,147.901,1.0,0.0334,1.0,0.004145
105,39,446,49.07,35.686,1.0,0.0822,1.0,0.01021
105,56,208,94.929,128.443,1.0,0.0442,1.0,0.005488
105,49,602,35.477,136.986,1.0,0.0155,1.0,0.001923
105,51,104,98.694,83.761,1.0,0.0705,1.0,0.008749
105,10,307,65.419,88.263,1.0,0.0443,1.0,0.005503
105,6,50,44.893,91.387,1.0,0.0294,1.0,0.003648
105,70,51,20.481,127.402,1.0,0.0096,1.0,0.001194
105,43,74,13.989,73.407,1.0,0.0114,1.0,0.001415
105,66,324,87.039,96.68,1.0,0.0538,1.0,0.006685
105,48,135,43.51,103.875,1.0,0.0251,1.0,0.00311
105,60,406,24.399,89.962,1.0,0.0162,1.0,0.002014
105,69,549,23.83,29.549,1.0,0.0482,1.0,0.005988
105,31,88,54.337,48.988,1.0,0.0663,1.0,0.008236
105,7,155,42.657,91.017,1.0,0.028,1.0,0.00348
105,13,526,84.903,131.244,1.0,0.0387,1.0,0.004804
105,36,152,47.698,137.695,1.0,0.0207,1.0,0.002572
105,64,74,98.417,10.858,1.0,0.5421,1.0,0.067303
105,17,357,62.897,124.78,1.0,0.0301,1.0,0.003743
105,79,134,66.953,48.196,1.0,0.0831,1.0,0.010315
105,38,94,76.284,7.671,1.0,0.5948,1.0,0.073844
105,23,1320,14.265,80.142,1.0,0.0106,1.0,0.001322
105,3,202,61.582,81.631,1.0,0.0451,1.0,0.005602
105,14,52,75.351,7.451,1.0,0.6048,1.0,0.075093
105,42,350,75.889,135.53,1.0,0.0335,1.0,0.004158
105,8,191,80.868,125.882,1.0,0.0384,1.0,0.00477
105,68,320,93.744,79.303,1.0,0.0707,1.0,0.008777
106,32,44,90.494,80.505,1.0,0.0672,1.0,0.008347
106,11,187,11.001,109.242,1.0,0.006,1.0,0.000748
106,45,62,61.368,118.613,1.0,0.0309,1.0,0.003842
106,46,295,28.562,106.962,1.0,0.016,1.0,0.001983
106,68,320,93.744,79.303,1.0,0.0707,1.0,0.008777
106,50,208,64.078,15.999,1.0,0.2395,1.0,0.02974
106,26,547,53.593,128.007,1.0,0.025,1.0,0.003109
106,14,52,75.351,7.451,1.0,0.6048,1.0,0.075093
106,57,109,55.543,86.938,1.0,0.0382,1.0,0.004744
106,69,549,23.83,29.549,1.0,0.0482,1.0,0.005988
106,19,309,43.694,116.931,1.0,0.0223,1.0,0.002775
106,25,85,47.29,23.406,1.0,0.1208,1.0,0.015002
106,36,152,47.698,137.695,1.0,0.0207,1.0,0.002572
106,67,43,58.937,127.004,1.0,0.0278,1.0,0.003446
106,6,50,44.893,91.387,1.0,0.0294,1.0,0.003648
106,31,88,54.337,48.988,1.0,0.0663,1.0,0.008236
106,53,829,58.731,137.43,1.0,0.0256,1.0,0.003173
106,35,101,80.734,84.92,1.0,0.0569,1.0,0.007059
106,5,147,76.762,114.282,1.0,0.0402,1.0,0.004988
106,40,109,99.787,128.944,1.0,0.0463,1.0,0.005746
106,64,74,98.417,10.858,1.0,0.5421,1.0,0.067303
106,23,1320,14.265,80.142,1.0,0.0106,1.0,0.001322
106,10,307,65.419,88.263,1.0,0.0443,1.0,0.005503
106,71,283,16.352,26.876,1.0,0.0364,1.0,0.004518
106,59,155,94.918,57.116,1.0,0.0994,1.0,0.01234
106,61,346,38.141,37.526,1.0,0.0608,1.0,0.007547
106,7,155,42.657,91.017,1.0,0.028,1.0,0.00348
106,42,350,75.889,135.53,1.0,0.0335,1.0,0.004158
106,62,41,85.471,105.361,1.0,0.0485,1.0,0.006024
106,9,337,94.82,49.535,1.0,0.1145,1.0,0.014213
106,29,803,32.807,81.493,1.0,0.0241,1.0,0.002989
106,43,74,13.989,73.407,1.0,0.0114,1.0,0.001415
106,4,86,91.504,16.198,1.0,0.3379,1.0,0.041947
106,16,155,37.811,132.576,1.0,0.0171,1.0,0.002118
106,73,52,73.21,92.538,1.0,0.0473,1.0,0.005874
106,17,357,62.897,124.78,1.0,0.0301,1.0,0.003743
106,18,138,39.186,8.936,1.0,0.2623,1.0,0.03256
106,34,177,82.57,147.901,1.0,0.0334,1.0,0.004145
106,48,135,43.51,103.875,1.0,0.0251,1.0,0.00311
106,70,51,20.481,127.402,1.0,0.0096,1.0,0.001194
106,44,118,65.392,30.426,1.0,0.1285,1.0,0.015958
106,21,179,60.407,148.878,1.0,0.0243,1.0,0.003013
106,2,138,21.031,42.426,1.0,0.0296,1.0,0.003681
106,13,526,84.903,131.244,1.0,0.0387,1.0,0.004804
106,78,146,86.837,13.275,1.0,0.3912,1.0,0.048571
106,55,189,70.685,67.685,1.0,0.0625,1.0,0.007754
106,77,58,96.062,111.156,1.0,0.0517,1.0,0.006417
106,3,202,61.582,81.631,1.0,0.0451,1.0,0.005602
106,60,406,24.399,89.962,1.0,0.0162,1.0,0.002014
106,51,104,98.694,83.761,1.0,0.0705,1.0,0.008749
106,76,152,93.762,140.946,1.0,0.0398,1.0,0.00494
106,15,95,71.575,72.905,1.0,0.0587,1.0,0.00729
106,12,141,30.021,80.194,1.0,0.0224,1.0,0.00278
106,74,36,25.513,132.154,1.0,0.0115,1.0,0.001434
106,24,51,93.136,105.459,1.0,0.0528,1.0,0.006558
106,37,308,92.764,15.385,1.0,0.3606,1.0,0.04477
106,27,39,62.234,81.394,1.0,0.0457,1.0,0.005677
106,38,94,76.284,7.671,1.0,0.5948,1.0,0.073844
106,66,324,87.039,96.68,1.0,0.0538,1.0,0.006685
106,65,829,68.368,74.265,1.0,0.0551,1.0,0.006836
106,1,176,68.707,11.347,1.0,0.3621,1.0,0.044959
106,41,469,38.477,11.468,1.0,0.2007,1.0,0.024914
106,79,134,66.953,48.196,1.0,0.0831,1.0,0.010315
106,52,34,31.57,119.36,1.0,0.0158,1.0,0.001964
106,47,265,61.82,116.641,1.0,0.0317,1.0,0.003935
106,28,159,44.266,109.952,1.0,0.0241,1.0,0.002989
106,22,153,94.914,80.884,1.0,0.0702,1.0,0.008713
106,20,163,64.839,113.427,1.0,0.0342,1.0,0.004245
106,72,121,75.51,25.613,1.0,0.1763,1.0,0.021891
106,49,602,35.477,136.986,1.0,0.0155,1.0,0.001923
106,30,122,85.405,5.968,1.0,0.8559,1.0,0.106262
106,58,461,85.148,91.5,1.0,0.0557,1.0,0.00691
106,0,201,79.656,68.637,1.0,0.0694,1.0,0.008617
106,39,446,49.07,35.686,1.0,0.0822,1.0,0.01021
106,75,361,88.751,27.893,1.0,0.1903,1.0,0.023626
106,33,54,29.196,27.204,1.0,0.0642,1.0,0.007969
106,63,97,67.438,148.762,1.0,0.0271,1.0,0.003366
106,8,191,80.868,125.882,1.0,0.0384,1.0,0.00477
106,54,424,75.625,111.414,1.0,0.0406,1.0,0.00504
106,56,208,94.929,128.443,1.0,0.0442,1.0,0.005488
107,63,97,67.438,148.762,1.0,0.0271,1.0,0.003366
107,20,163,64.839,113.427,1.0,0.0342,1.0,0.004245
107,43,74,13.989,73.407,1.0,0.0114,1.0,0.001415
107,1,176,68.707,11.347,1.0,0.3621,1.0,0.044959
107,12,141,30.021,80.194,1.0,0.0224,1.0,0.00278
107,9,337,94.82,49.535,1.0,0.1145,1.0,0.014213
107,65,829,68.368,74.265,1.0,0.0551,1.0,0.006836
107,35,101,80.734,84.92,1.0,0.0569,1.0,0.007059
107,42,350,75.889,135.53,1.0,0.0335,1.0,0.004158
107,56,208,94.929,128.443,1.0,0.0442,1.0,0.005488
107,78,146,86.837,13.275,1.0,0.3912,1.0,0.048571
107,31,88,54.337,48.988,1.0,0.0663,1.0,0.008236
107,2,138,21.031,42.426,1.0,0.0296,1.0,0.003681
107,19,309,43.694,116.931,1.0,0.0223,1.0,0.002775
107,61,346,38.141,37.526,1.0,0.0608,1.0,0.007547
107,62,41,85.471,105.361,1.0,0.0485,1.0,0.006024
107,28,159,44.266,109.952,1.0,0.0241,1.0,0.002989
107,4,86,91.504,16.198,1.0,0.3379,1.0,0.041947
107,68,320,93.744,79.303,1.0,0.0707,1.0,0.008777
107,29,803,32.807,81.493,1.0,0.0241,1.0,0.002989
107,76,152,93.762,140.946,1.0,0.0398,1.0,0.00494
107,69,549,23.83,29.549,1.0,0.0482,1.0,0.005988
107,40,109,99.787,128.944,1.0,0.0463,1.0,0.005746
107,52,34,31.57,119.36,1.0,0.0158,1.0,0.001964
107,75,361,88.751,27.893,1.0,0.1903,1.0,0.023626
107,50,208,64.078,15.999,1.0,0.2395,1.0,0.02974
107,7,155,42.657,91.017,1.0,0.028,1.0,0.00348
107,25,85,47.29,23.406,1.0,0.1208,1.0,0.015002
107,24,51,93.136,105.459,1.0,0.0528,1.0,0.006558
107,10,307,65.419,88.263,1.0,0.0443,1.0,0.005503
107,22,153,94.914,80.884,1.0,0.0702,1.0,0.008713
107,45,62,61.368,118.613,1.0,0.0309,1.0,0.003842
107,46,295,28.562,106.962,1.0,0.016,1.0,0.001983
107,70,51,20.481,127.402,1.0,0.0096,1.0,0.001194
107,79,134,66.953,48.196,1.0,0.0831,1.0,0.010315
107,47,265,61.82,116.641,1.0,0.0317,1.0,0.003935
107,26,547,53.593,128.007,1.0,0.025,1.0,0.003109
107,27,39,62.234,81.394,1.0,0.0457,1.0,0.005677
107,32,44,90.494,80.505,1.0,0.0672,1.0,0.008347
107,48,135,43.51,103.875,1.0,0.0251,1.0,0.00311
107,74,36,25.513,132.154,1.0,0.0115,1.0,0.001434
107,37,308,92.764,15.385,1.0,0.3606,1.0,0.04477
107,64,74,98.417,10.858,1.0,0.5421,1.0,0.067303
107,23,1320,14.265,80.142,1.0,0.0106,1.0,0.001322
107,39,446,49.07,35.686,1.0,0.0822,1.0,0.01021
107,8,191,80.868,125.882,1.0,0.0384,1.0,0.00477
107,44,118,65.392,30.426,1.0,0.1285,1.0,0.015958
107,6,50,44.893,91.387,1.0,0.0294,1.0,0.003648
107,51,104,98.694,83.761,1.0,0.0705,1.0,0.008749
107,18,138,39.186,8.936,1.0,0.2623,1.0,0.03256
107,16,155,37.811,132.576,1.0,0.0171,1.0,0.002118
107,13,526,84.903,131.244,1.0,0.0387,1.0,0.004804
107,66,324,87.039,96.68,1.0,0.0538,1.0,0.006685
107,67,43,58.937,127.004,1.0,0.0278,1.0,0.003446
107,33,54,29.196,27.204,1.0,0.0642,1.0,0.007969
107,72,121,75.51,25.613,1.0,0.1763,1.0,0.021891
107,49,602,35.477,136.986,1.0,0.0155,1.0,0.001923
107,3,202,61.582,81.631,1.0,0.0451,1.0,0.005602
107,34,177,82.57,147.901,1.0,0.0334,1.0,0.004145
107,30,122,85.405,5.968,1.0,0.8559,1.0,0.106262
107,53,829,58.731,137.43,1.0,0.0256,1.0,0.003173
107,15,95,71.575,72.905,1.0,0.0587,1.0,0.00729
107,55,189,70.685,67.685,1.0,0.0625,1.0,0.007754
107,73,52,73.21,92.538,1.0,0.0473,1.0,0.005874
107,71,283,16.352,26.876,1.0,0.0364,1.0,0.004518
107,77,58,96.062,111.156,1.0,0.0517,1.0,0.006417
107,0,201,79.656,68.637,1.0,0.0694,1.0,0.008617
107,57,109,55.543,86.938,1.0,0.0382,1.0,0.004744
107,11,187,11.001,109.242,1.0,0.006,1.0,0.000748
107,38,94,76.284,7.671,1.0,0.5948,1.0,0.073844
107,59,155,94.918,57.116,1.0,0.0994,1.0,0.01234
107,36,152,47.698,137.695,1.0,0.0207,1.0,0.002572
107,41,469,38.477,11.468,1.0,0.2007,1.0,0.024914
107,60,406,24.399,89.962,1.0,0.0162,1.0,0.002014
107,14,52,75.351,7.451,1.0,0.6048,1.0,0.075093
107,21,179,60.407,148.878,1.0,0.0243,1.0,0.003013
107,58,461,85.148,91.5,1.0,0.0557,1.0,0.00691
107,5,147,76.762,114.282,1.0,0.0402,1.0,0.004988
107,17,357,62.897,124.78,1.0,0.0301,1.0,0.003743
107,54,424,75.625,111.414,1.0,0.0406,1.0,0.00504
108,5,147,76.762,114.282,1.0,0.0402,1.0,0.004988
108,33,54,29.196,27.204,1.0,0.0642,1.0,0.007969
108,19,309,43.694,116.931,1.0,0.0223,1.0,0.002775
108,8,191,80.868,125.882,1.0,0.0384,1.0,0.00477
108,65,829,68.368,74.265,1.0,0.0551,1.0,0.006836
108,16,155,37.811,132.576,1.0,0.0171,1.0,0.002118
108,59,155,94.918,57.116,1.0,0.0994,1.0,0.01234
108,54,424,75.625,111.414,1.0,0.0406,1.0,0.00504
108,28,159,44.266,109.952,1.0,0.0241,1.0,0.002989
108,1,176,68.707,11.347,1.0,0.3621,1.0,0.044959
108,49,602,35.477,136.986,1.0,0.0155,1.0,0.001923
108,7,155,42.657,91.017,1.0,0.028,1.0,0.00348
108,31,88,54.337,48.988,1.0,0.0663,1.0,0.008236
108,56,208,94.929,128.443,1.0,0.0442,1.0,0.005488
108,29,803,32.807,81.493,1.0,0.0241,1.0,0.002989
108,9,337,94.82,49.535,1.0,0.1145,1.0,0.014213
108,21,179,60.407,148.878,1.0,0.0243,1.0,0.003013
108,23,1320,14.265,80.142,1.0,0.0106,1.0,0.001322
108,17,357,62.897,124.78,1.0,0.0301,1.0,0.003743
108,26,547,53.593,128.007,1.0,0.025,1.0,0.003109
108,44,118,65.392,30.426,1.0,0.1285,1.0,0.015958
108,69,549,23.83,29.549,1.0,0.0482,1.0,0.005988
108,61,346,38.141,37.526,1.0,0.0608,1.0,0.007547
108,45,62,61.368,118.613,1.0,0.0309,1.0,0.003842
108,13,526,84.903,131.244,1.0,0.0387,1.0,0.004804
108,51,104,98.694,83.761,1.0,0.0705,1.0,0.008749
108,71,283,16.352,26.876,1.0,0.0364,1.0,0.004518
108,20,163,64.839,113.427,1.0,0.0342,1.0,0.004245
108,40,109,99.787,128.944,1.0,0.0463,1.0,0.005746
108,27,39,62.234,81.394,1.0,0.0457,1.0,0.005677
108,38,94,76.284,7.671,1.0,0.5948,1.0,0.073844
108,32,44,90.494,80.505,1.0,0.0672,1.0,0.008347
108,24,51,93.136,105.459,1.0,0.0528,1.0,0.006558
108,10,307,65.419,88.263,1.0,0.0443,1.0,0.005503
108,66,324,87.039,96.68,1.0,0.0538,1.0,0.006685
108,78,146,86.837,13.275,1.0,0.3912,1.0,0.048571
108,18,138,39.186,8.936,1.0,0.2623,1.0,0.03256
108,58,461,85.148,91.5,1.0,0.0557,1.0,0.00691
108,62,41,85.471,105.361,1.0,0.0485,1.0,0.006024
108,12,141,30.021,80.194,1.0,0.0224,1.0,0.00278
108,22,153,94.914,80.884,1.0,0.0702,1.0,0.008713
108,67,43,58.937,127.004,1.0,0.0278,1.0,0.003446
108,72,121,75.51,25.613,1.0,0.1763,1.0,0.021891
108,0,201,79.656,68.637,1.0,0.0694,1.0,0.008617
108,73,52,73.21,92.538,1.0,0.0473,1.0,0.005874
108,36,152,47.698,137.695,1.0,0.0207,1.0,0.002572
108,15,95,71.575,72.905,1.0,0.0587,1.0,0.00729
108,6,50,44.893,91.387,1.0,0.0294,1.0,0.003648
108,55,189,70.685,67.685,1.0,0.0625,1.0,0.007754
108,75,361,88.751,27.893,1.0,0.1903,1.0,0.023626
108,60,406,24.399,89.962,1.0,0.0162,1.0,0.002014
108,50,208,64.078,15.999,1.0,0.2395,1.0,0.02974
108,74,36,25.513,132.154,1.0,0.0115,1.0,0.001434
108,79,134,66.953,48.196,1.0,0.0831,1.0,0.010315
108,68,320,93.744,79.303,1.0,0.0707,1.0,0.008777
108,14,52,75.351,7.451,1.0,0.6048,1.0,0.075093
108,64,74,98.417,10.858,1.0,0.5421,1.0,0.067303
108,48,135,43.51,103.875,1.0,0.0251,1.0,0.00311
108,3,202,61.582,81.631,1.0,0.0451,1.0,0.005602
108,4,86,91.504,16.198,1.0,0.3379,1.0,0.041947
108,25,85,47.29,23.406,1.0,0.1208,1.0,0.015002
108,2,138,21.031,42.426,1.0,0.0296,1.0,0.003681
108,76,152,93.762,140.946,1.0,0.0398,1.0,0.00494
108,41,469,38.477,11.468,1.0,0.2007,1.0,0.024914
108,39,446,49.07,35.686,1.0,0.0822,1.0,0.01021
108,63,97,67.438,148.762,1.0,0.0271,1.0,0.003366
108,43,74,13.989,73.407,1.0,0.0114,1.0,0.001415
108,70,51,20.481,127.402,1.0,0.0096,1.0,0.001194
108,42,350,75.889,135.53,1.0,0.0335,1.0,0.004158
108,77,58,96.062,111.156,1.0,0.0517,1.0,0.006417
108,57,109,55.543,86.938,1.0,0.0382,1.0,0.004744
108,30,122,85.405,5.968,1.0,0.8559,1.0,0.106262
108,11,187,11.001,109.242,1.0,0.006,1.0,0.000748
108,34,177,82.57,147.901,1.0,0.0334,1.0,0.004145
108,35,101,80.734,84.92,1.0,0.0569,1.0,0.007059
108,46,295,28.562,106.962,1.0,0.016,1.0,0.001983
108,52,34,31.57,119.36,1.0,0.0158,1.0,0.001964
108,47,265,61.82,116.641,1.0,0.0317,1.0,0.003935
108,37,308,92.764,15.385,1.0,0.3606,1.0,0.04477
108,53,829,58.731,137.43,1.0,0.0256,1.0,0.003173
109,42,350,75.889,135.53,1.0,0.0335,1.0,0.004158
109,28,159,44.266,109.952,1.0,0.0241,1.0,0.002989
109,6,50,44.893,91.387,1.0,0.0294,1.0,0.003648
109,60,406,24.399,89.962,1.0,0.0162,1.0,0.002014
109,43,74,13.989,73.407,1.0,0.0114,1.0,0.001415
109,71,283,16.352,26.876,1.0,0.0364,1.0,0.004518
109,75,361,88.751,27.893,1.0,0.1903,1.0,0.023626
109,7,155,42.657,91.017,1.0,0.028,1.0,0.00348
109,41,469,38.477,11.468,1.0,0.2007,1.0,0.024914
109,55,189,70.685,67.685,1.0,0.0625,1.0,0.007754
109,5,147,76.762,114.282,1.0,0.0402,1.0,0.004988
109,0,201,79.656,68.637,1.0,0.0694,1.0,0.008617
109,66,324,87.039,96.68,1.0,0.0538,1.0,0.006685
109,31,88,54.337,48.988,1.0,0.0663,1.0,0.008236
109,58,461,85.148,91.5,1.0,0.0557,1.0,0.00691
109,63,97,67.438,148.762,1.0,0.0271,1.0,0.003366
109,38,94,76.284,7.671,1.0,0.5948,1.0,0.073844
109,73,52,73.21,92.538,1.0,0.0473,1.0,0.005874
109,50,208,64.078,15.999,1.0,0.2395,1.0,0.02974
109,27,39,62.234,81.394,1.0,0.0457,1.0,0.005677
109,79,134,66.953,48.196,1.0,0.0831,1.0,0.010315
109,56,208,94.929,128.443,1.0,0.0442,1.0,0.005488
109,65,829,68.368,74.265,1.0,0.0551,1.0,0.006836
109,15,95,71.575,72.905,1.0,0.0587,1.0,0.00729
109,59,155,94.918,57.116,1.0,0.0994,1.0,0.01234
109,48,135,43.51,103.875,1.0,0.0251,1.0,0.00311
109,14,52,75.351,7.451,1.0,0.6048,1.0,0.075093
109,9,337,94.82,49.535,1.0,0.1145,1.0,0.014213
109,46,295,28.562,106.962,1.0,0.016,1.0,0.001983
109,61,346,38.141,37.526,1.0,0.0608,1.0,0.007547
109,30,122,85.405,5.968,1.0,0.8559,1.0,0.106262
109,39,446,49.07,35.686,1.0,0.0822,1.0,0.01021
109,47,265,61.82,116.641,1.0,0.0317,1.0,0.003935
109,33,54,29.196,27.204,1.0,0.0642,1.0,0.007969
109,64,74,98.417,10.858,1.0,0.5421,1.0,0.067303
109,1,176,68.707,11.347,1.0,0.3621,1.0,0.044959
109,20,163,64.839,113.427,1.0,0.0342,1.0,0.004245
109,8,191,80.868,125.882,1.0,0.0384,1.0,0.00477
109,77,58,96.062,111.156,1.0,0.0517,1.0,0.006417
109,21,179,60.407,148.878,1.0,0.0243,1.0,0.003013
109,25,85,47.29,23.406,1.0,0.1208,1.0,0.015002
109,11,187,11.001,109.242,1.0,0.006,1.0,0.000748
109,68,320,93.744,79.303,1.0,0.0707,1.0,0.008777
109,72,121,75.51,25.613,1.0,0.1763,1.0,0.021891
109,53,829,58.731,137.43,1.0,0.0256,1.0,0.003173
109,22,153,94.914,80.884,1.0,0.0702,1.0,0.008713
109,52,34,31.57,119.36,1.0,0.0158,1.0,0.001964
109,54,424,75.625,111.414,1.0,0.0406,1.0,0.00504
109,10,307,65.419,88.263,1.0,0.0443,1.0,0.005503
109,76,152,93.762,140.946,1.0,0.0398,1.0,0.00494
109,67,43,58.937,127.004,1.0,0.0278,1.0,0.003446
109,44,118,65.392,30.426,1.0,0.1285,1.0,0.015958
109,4,86,91.504,16.198,1.0,0.3379,1.0,0.041947
109,78,146,86.837,13.275,1.0,0.3912,1.0,0.048571
109,34,177,82.57,147.901,1.0,0.0334,1.0,0.004145
109,32,44,90.494,80.505,1.0,0.0672,1.0,0.008347
109,45,62,61.368,118.613,1.0,0.0309,1.0,0.003842
109,19,309,43.694,116.931,1.0,0.0223,1.0,0.002775
109,37,308,92.764,15.385,1.0,0.3606,1.0,0.04477
109,26,547,53.593,128.007,1.0,0.025,1.0,0.003109
109,62,41,85.471,105.361,1.0,0.0485,1.0,0.006024
109,2,138,21.031,42.426,1.0,0.0296,1.0,0.003681
109,12,141,30.021,80.194,1.0,0.0224,1.0,0.00278
109,18,138,39.186,8.936,1.0,0.2623,1.0,0.03256
109,13,526,84.903,131.244,1.0,0.0387,1.0,0.004804
109,3,202,61.582,81.631,1.0,0.0451,1.0,0.005602
109,40,109,99.787,128.944,1.0,0.0463,1.0,0.005746
109,51,104,98.694,83.761,1.0,0.0705,1.0,0.008749
109,57,109,55.543,86.938,1.0,0.0382,1.0,0.004744
109,74,36,25.513,132.154,1.0,0.0115,1.0,0.001434
109,16,155,37.811,132.576,1.0,0.0171,1.0,0.002118
109,69,549,23.83,29.549,1.0,0.0482,1.0,0.005988
109,17,357,62.897,124.78,1.0,0.0301,1.0,0.003743
109,36,152,47.698,137.695,1.0,0.0207,1.0,0.002572
109,70,51,20.481,127.402,1.0,0.0096,1.0,0.001194
109,24,51,93.136,105.459,1.0,0.0528,1.0,0.006558
109,35,101,80.734,84.92,1.0,0.0569,1.0,0.007059
109,29,803,32.807,81.493,1.0,0.0241,1.0,0.002989
109,49,602,35.477,136.986,1.0,0.0155,1.0,0.001923
109,23,1320,14.265,80.142,1.0,0.0106,1.0,0.001322
110,39,446,49.07,35.686,1.0,0.0822,1.0,0.01021
110,61,346,38.141,37.526,1.0,0.0608,1.0,0.007547
110,13,526,84.903,131.244,1.0,0.0387,1.0,0.004804
110,79,134,66.953,48.196,1.0,0.0831,1.0,0.010315
110,54,424,75.625,111.414,1.0,0.0406,1.0,0.00504
110,75,361,88.751,27.893,1.0,0.1903,1.0,0.023626
110,41,469,38.477,11.468,1.0,0.2007,1.0,0.024914
110,48,135,43.51,103.875,1.0,0.0251,1.0,0.00311
110,63,97,67.438,148.762,1.0,0.0271,1.0,0.003366
110,57,109,55.543,86.938,1.0,0.0382,1.0,0.004744
110,45,62,61.368,118.613,1.0,0.0309,1.0,0.003842
110,10,307,65.419,88.263,1.0,0.0443,1.0,0.005503
110,25,85,47.29,23.406,1.0,0.1208,1.0,0.015002
110,59,155,94.918,57.116,1.0,0.0994,1.0,0.01234
110,62,41,85.471,105.361,1.0,0.0485,1.0,0.006024
110,15,95,71.575,72.905,1.0,0.0587,1.0,0.00729
110,5,147,76.762,114.282,1.0,0.0402,1.0,0.004988
110,67,43,58.937,127.004,1.0,0.0278,1.0,0.003446
110,20,163,64.839,113.427,1.0,0.0342,1.0,0.004245
110,70,51,20.481,127.402,1.0,0.0096,1.0,0.001194
110,44,118,65.392,30.426,1.0,0.1285,1.0,0.015958
110,11,187,11.001,109.242,1.0,0.006,1.0,0.000748
110,19,309,43.694,116.931,1.0,0.0223,1.0,0.002775
110,0,201,79.656,68.637,1.0,0.0694,1.0,0.008617
110,28,159,44.266,109.952,1.0,0.0241,1.0,0.002989
110,73,52,73.21,92.538,1.0,0.0473,1.0,0.005874
110,31,88,54.337,48.988,1.0,0.0663,1.0,0.008236
110,47,265,61.82,116.641,1.0,0.0317,1.0,0.003935
110,52,34,31.57,119.36,1.0,0.0158,1.0,0.001964
110,21,179,60.407,148.878,1.0,0.0243,1.0,0.003013
110,22,153,94.914,80.884,1.0,0.0702,1.0,0.008713
110,34,177,82.57,147.901,1.0,0.0334,1.0,0.004145
110,36,152,47.698,137.695,1.0,0.0207,1.0,0.002572
110,49,602,35.477,136.986,1.0,0.0155,1.0,0.001923
110,16,155,37.811,132.576,1.0,0.0171,1.0,0.002118
110,33,54,29.196,27.204,1.0,0.0642,1.0,0.007969
110,65,829,68.368,74.265,1.0,0.0551,1.0,0.006836
110,4,86,91.504,16.198,1.0,0.3379,1.0,0.041947
110,68,320,93.744,79.303,1.0,0.0707,1.0,0.008777
110,69,549,23.83,29.549,1.0,0.0482,1.0,0.005988
110,55,189,70.685,67.685,1.0,0.0625,1.0,0.007754
110,37,308,92.764,15.385,1.0,0.3606,1.0,0.04477
110,43,74,13.989,73.407,1.0,0.0114,1.0,0.001415
110,35,101,80.734,84.92,1.0,0.0569,1.0,0.007059
110,12,141,30.021,80.194,1.0,0.0224,1.0,0.00278
110,38,94,76.284,7.671,1.0,0.5948,1.0,0.073844
110,40,109,99.787,128.944,1.0,0.0463,1.0,0.005746
110,7,155,42.657,91.017,1.0,0.028,1.0,0.00348
110,74,36,25.513,132.154,1.0,0.0115,1.0,0.001434
110,26,547,53.593,128.007,1.0,0.025,1.0,0.003109
110,30,122,85.405,5.968,1.0,0.8559,1.0,0.106262
110,60,406,24.399,89.962,1.0,0.0162,1.0,0.002014
110,2,138,21.031,42.426,1.0,0.0296,1.0,0.003681
110,51,104,98.694,83.761,1.0,0.0705,1.0,0.008749
110,23,1320,14.265,80.142,1.0,0.0106,1.0,0.001322
110,58,461,85.148,91.5,1.0,0.0557,1.0,0.00691
110,50,208,64.078,15.999,1.0,0.2395,1.0,0.02974
110,53,829,58.731,137.43,1.0,0.0256,1.0,0.003173
110,14,52,75.351,7.451,1.0,0.6048,1.0,0.075093
110,32,44,90.494,80.505,1.0,0.0672,1.0,0.008347
110,72,121,75.51,25.613,1.0,0.1763,1.0,0.021891
110,71,283,16.352,26.876,1.0,0.0364,1.0,0.004518
110,9,337,94.82,49.535,1.0,0.1145,1.0,0.014213
110,27,39,62.234,81.394,1.0,0.0457,1.0,0.005677
110,46,295,28.562,106.962,1.0,0.016,1.0,0.001983
110,78,146,86.837,13.275,1.0,0.3912,1.0,0.048571
110,8,191,80.868,125.882,1.0,0.0384,1.0,0.00477
110,42,350,75.889,135.53,1.0,0.0335,1.0,0.004158
110,24,51,93.136,105.459,1.0,0.0528,1.0,0.006558
110,77,58,96.062,111.156,1.0,0.0517,1.0,0.006417
110,29,803,32.807,81.493,1.0,0.0241,1.0,0.002989
110,64,74,98.417,10.858,1.0,0.5421,1.0,0.067303
110,18,138,39.186,8.936,1.0,0.2623,1.0,0.03256
110,76,152,93.762,140.946,1.0,0.0398,1.0,0.00494
110,6,50,44.893,91.387,1.0,0.0294,1.0,0.003648
110,17,357,62.897,124.78,1.0,0.0301,1.0,0.003743
110,3,202,61.582,81.631,1.0,0.0451,1.0,0.005602
110,56,208,94.929,128.443,1.0,0.0442,1.0,0.005488
110,1,176,68.707,11.347,1.0,0.3621,1.0,0.044959
110,66,324,87.039,96.68,1.0,0.0538,1.0,0.006685
111,19,309,43.694,116.931,1.0,0.0223,1.0,0.002775
111,56,208,94.929,128.443,1.0,0.0442,1.0,0.005488
111,77,58,96.062,111.156,1.0,0.0517,1.0,0.006417
111,5,147,76.762,114.282,1.0,0.0402,1.0,0.004988
111,61,346,38.141,37.526,1.0,0.0608,1.0,0.007547
111,72,121,75.51,25.613,1.0,0.1763,1.0,0.021891
111,35,101,80.734,84.92,1.0,0.0569,1.0,0.007059
111,44,118,65.392,30.426,1.0,0.1285,1.0,0.015958
111,55,189,70.685,67.685,1.0,0.0625,1.0,0.007754
111,2,138,21.031,42.426,1.0,0.0296,1.0,0.003681
111,76,152,93.762,140.946,1.0,0.0398,1.0,0.00494
111,32,44,90.494,80.505,1.0,0.0672,1.0,0.008347
111,27,39,62.234,81.394,1.0,0.0457,1.0,0.005677
111,11,187,11.001,109.242,1.0,0.006,1.0,0.000748
111,79,134,66.953,48.196,1.0,0.0831,1.0,0.010315
111,25,85,47.29,23.406,1.0,0.1208,1.0,0.015002
111,28,159,44.266,109.952,1.0,0.0241,1.0,0.002989
111,78,146,86.837,13.275,1.0,0.3912,1.0,0.048571
111,0,201,79.656,68.637,1.0,0.0694,1.0,0.008617
111,39,446,49.07,35.686,1.0,0.0822,1.0,0.01021
111,70,51,20.481,127.402,1.0,0.0096,1.0,0.001194
111,75,361,88.751,27.893,1.0,0.1903,1.0,0.023626
111,17,357,62.897,124.78,1.0,0.0301,1.0,0.003743
111,7,155,42.657,91.017,1.0,0.028,1.0,0.00348
111,62,41,85.471,105.361,1.0,0.0485,1.0,0.006024
111,46,295,28.562,106.962,1.0,0.016,1.0,0.001983
111,38,94,76.284,7.671,1.0,0.5948,1.0,0.073844
111,13,526,84.903,131.244,1.0,0.0387,1.0,0.004804
111,68,320,93.744,79.303,1.0,0.0707,1.0,0.008777
111,71,283,16.352,26.876,1.0,0.0364,1.0,0.004518
111,24,51,93.136,105.459,1.0,0.0528,1.0,0.006558
111,10,307,65.419,88.263,1.0,0.0443,1.0,0.005503
111,43,74,13.989,73.407,1.0,0.0114,1.0,0.001415
111,9,337,94.82,49.535,1.0,0.1145,1.0,0.014213
111,47,265,61.82,116.641,1.0,0.0317,1.0,0.003935
111,21,179,60.407,148.878,1.0,0.0243,1.0,0.003013
111,1,176,68.707,11.347,1.0,0.3621,1.0,0.044959
111,22,153,94.914,80.884,1.0,0.0702,1.0,0.008713
111,40,109,99.787,128.944,1.0,0.0463,1.0,0.005746
111,29,803,32.807,81.493,1.0,0.0241,1.0,0.002989
111,8,191,80.868,125.882,1.0,0.0384,1.0,0.00477
111,73,52,73.21,92.538,1.0,0.0473,1.0,0.005874
111,54,424,75.625,111.414,1.0,0.0406,1.0,0.00504
111,6,50,44.893,91.387,1.0,0.0294,1.0,0.003648
111,65,829,68.368,74.265,1.0,0.0551,1.0,0.006836
111,69,549,23.83,29.549,1.0,0.0482,1.0,0.005988
111,31,88,54.337,48.988,1.0,0.0663,1.0,0.008236
111,48,135,43.51,103.875,1.0,0.0251,1.0,0.00311
111,63,97,67.438,148.762,1.0,0.0271,1.0,0.003366
111,60,406,24.399,89.962,1.0,0.0162,1.0,0.002014
111,30,122,85.405,5.968,1.0,0.8559,1.0,0.106262
111,33,54,29.196,27.204,1.0,0.0642,1.0,0.007969
111,53,829,58.731,137.43,1.0,0.0256,1.0,0.003173
111,67,43,58.937,127.004,1.0,0.0278,1.0,0.003446
111,59,155,94.918,57.116,1.0,0.0994,1.0,0.01234
111,41,469,38.477,11.468,1.0,0.2007,1.0,0.024914
111,16,155,37.811,132.576,1.0,0.0171,1.0,0.002118
111,23,1320,14.265,80.142,1.0,0.0106,1.0,0.001322
111,45,62,61.368,118.613,1.0,0.0309,1.0,0.003842
111,14,52,75.351,7.451,1.0,0.6048,1.0,0.075093
111,66,324,87.039,96.68,1.0,0.0538,1.0,0.006685
111,37,308,92.764,15.385,1.0,0.3606,1.0,0.04477
111,52,34,31.57,119.36,1.0,0.0158,1.0,0.001964
111,58,461,85.148,91.5,1.0,0.0557,1.0,0.00691
111,3,202,61.582,81.631,1.0,0.0451,1.0,0.005602
111,74,36,25.513,132.154,1.0,0.0115,1.0,0.001434
111,51,104,98.694,83.761,1.0,0.0705,1.0,0.008749
111,26,547,53.593,128.007,1.0,0.025,1.0,0.003109
111,15,95,71.575,72.905,1.0,0.0587,1.0,0.00729
111,4,86,91.504,16.198,1.0,0.3379,1.0,0.041947
111,36,152,47.698,137.695,1.0,0.0207,1.0,0.002572
111,50,208,64.078,15.999,1.0,0.2395,1.0,0.02974
111,64,74,98.417,10.858,1.0,0.5421,1.0,0.067303
111,42,350,75.889,135.53,1.0,0.0335,1.0,0.004158
111,20,163,64.839,113.427,1.0,0.0342,1.0,0.004245
111,57,109,55.543,86.938,1.0,0.0382,1.0,0.004744
111,18,138,39.186,8.936,1.0,0.2623,1.0,0.03256
111,12,141,30.021,80.194,1.0,0.0224,1.0,0.00278
111,49,602,35.477,136.986,1.0,0.0155,1.0,0.001923
111,34,177,82.57,147.901,1.0,0.0334,1.0,0.004145
112,20,163,64.839,113.427,1.0,0.0342,1.0,0.004245
112,56,208,94.929,128.443,1.0,0.0442,1.0,0.005488
112,79,134,66.953,48.196,1.0,0.0831,1.0,0.010315
112,27,39,62.234,81.394,1.0,0.0457,1.0,0.005677
112,53,829,58.731,137.43,1.0,0.0256,1.0,0.003173
112,65,829,68.368,74.265,1.0,0.0551,1.0,0.006836
112,31,88,54.337,48.988,1.0,0.0663,1.0,0.008236
112,22,153,94.914,80.884,1.0,0.0702,1.0,0.008713
112,78,146,86.837,13.275,1.0,0.3912,1.0,0.048571
112,54,424,75.625,111.414,1.0,0.0406,1.0,0.00504
112,26,547,53.593,128.007,1.0,0.025,1.0,0.003109
112,72,121,75.51,25.613,1.0,0.1763,1.0,0.021891
112,71,283,16.352,26.876,1.0,0.0364,1.0,0.004518
112,30,122,85.405,5.968,1.0,0.8559,1.0,0.106262
112,11,187,11.001,109.242,1.0,0.006,1.0,0.000748
112,37,308,92.764,15.385,1.0,0.3606,1.0,0.04477
112,62,41,85.471,105.361,1.0,0.0485,1.0,0.006024
112,44,118,65.392,30.426,1.0,0.1285,1.0,0.015958
112,17,357,62.897,124.78,1.0,0.0301,1.0,0.003743
112,40,109,99.787,128.944,1.0,0.0463,1.0,0.005746
112,3,202,61.582,81.631,1.0,0.0451,1.0,0.005602
112,49,602,35.477,136.986,1.0,0.0155,1.0,0.001923
112,2,138,21.031,42.426,1.0,0.0296,1.0,0.003681
112,70,51,20.481,127.402,1.0,0.0096,1.0,0.001194
112,8,191,80.868,125.882,1.0,0.0384,1.0,0.00477
112,50,208,64.078,15.999,1.0,0.2395,1.0,0.02974
112,10,307,65.419,88.263,1.0,0.0443,1.0,0.005503
112,64,74,98.417,10.858,1.0,0.5421,1.0,0.067303
112,48,135,43.51,103.875,1.0,0.0251,1.0,0.00311
112,47,265,61.82,116.641,1.0,0.0317,1.0,0.003935
112,15,95,71.575,72.905,1.0,0.0587,1.0,0.00729
112,52,34,31.57,119.36,1.0,0.0158,1.0,0.001964
112,12,141,30.021,80.194,1.0,0.0224,1.0,0.00278
112,19,309,43.694,116.931,1.0,0.0223,1.0,0.002775
112,23,1320,14.265,80.142,1.0,0.0106,1.0,0.001322
112,58,461,85.148,91.5,1.0,0.0557,1.0,0.00691
112,66,324,87.039,96.68,1.0,0.0538,1.0,0.006685
112,63,97,67.438,148.762,1.0,0.0271,1.0,0.003366
112,1,176,68.707,11.347,1.0,0.3621,1.0,0.044959
112,28,159,44.266,109.952,1.0,0.0241,1.0,0.002989
112,76,152,93.762,140.946,1.0,0.0398,1.0,0.00494
112,46,295,28.562,106.962,1.0,0.016,1.0,0.001983
112,38,94,76.284,7.671,1.0,0.5948,1.0,0.073844
112,9,337,94.82,49.535,1.0,0.1145,1.0,0.014213
112,6,50,44.893,91.387,1.0,0.0294,1.0,0.003648
112,18,138,39.186,8.936,1.0,0.2623,1.0,0.03256
112,36,152,47.698,137.695,1.0,0.0207,1.0,0.002572
112,60,406,24.399,89.962,1.0,0.0162,1.0,0.002014
112,39,446,49.07,35.686,1.0,0.0822,1.0,0.01021
112,5,147,76.762,114.282,1.0,0.0402,1.0,0.004988
112,4,86,91.504,16.198,1.0,0.3379,1.0,0.041947
112,41,469,38.477,11.468,1.0,0.2007,1.0,0.024914
112,0,201,79.656,68.637,1.0,0.0694,1.0,0.008617
112,42,350,75.889,135.53,1.0,0.0335,1.0,0.004158
112,73,52,73.21,92.538,1.0,0.0473,1.0,0.005874
112,16,155,37.811,132.576,1.0,0.0171,1.0,0.002118
112,68,320,93.744,79.303,1.0,0.0707,1.0,0.008777
112,55,189,70.685,67.685,1.0,0.0625,1.0,0.007754
112,45,62,61.368,118.613,1.0,0.0309,1.0,0.003842
112,35,101,80.734,84.92,1.0,0.0569,1.0,0.007059
112,51,104,98.694,83.761,1.0,0.0705,1.0,0.008749
112,24,51,93.136,105.459,1.0,0.0528,1.0,0.006558
112,33,54,29.196,27.204,1.0,0.0642,1.0,0.007969
112,69,549,23.83,29.549,1.0,0.0482,1.0,0.005988
112,21,179,60.407,148.878,1.0,0.0243,1.0,0.003013
112,77,58,96.062,111.156,1.0,0.0517,1.0,0.006417
112,59,155,94.918,57.116,1.0,0.0994,1.0,0.01234
112,75,361,88.751,27.893,1.0,0.1903,1.0,0.023626
112,29,803,32.807,81.493,1.0,0.0241,1.0,0.002989
112,67,43,58.937,127.004,1.0,0.0278,1.0,0.003446
112,32,44,90.494,80.505,1.0,0.0672,1.0,0.008347
112,25,85,47.29,23.406,1.0,0.1208,1.0,0.015002
112,34,177,82.57,147.901,1.0,0.0334,1.0,0.004145
112,57,109,55.543,86.938,1.0,0.0382,1.0,0.004744
112,61,346,38.141,37.526,1.0,0.0608,1.0,0.007547
112,7,155,42.657,91.017,1.0,0.028,1.0,0.00348
112,43,74,13.989,73.407,1.0,0.0114,1.0,0.001415
112,74,36,25.513,132.154,1.0,0.0115,1.0,0.001434
112,14,52,75.351,7.451,1.0,0.6048,1.0,0.075093
112,13,526,84.903,131.244,1.0,0.0387,1.0,0.004804
113,69,549,23.83,29.549,1.0,0.0482,1.0,0.005988
113,25,85,47.29,23.406,1.0,0.1208,1.0,0.015002
113,48,135,43.51,103.875,1.0,0.0251,1.0,0.00311
113,36,152,47.698,137.695,1.0,0.0207,1.0,0.002572
113,67,43,58.937,127.004,1.0,0.0278,1.0,0.003446
113,49,602,35.477,136.986,1.0,0.0155,1.0,0.001923
113,17,357,62.897,124.78,1.0,0.0301,1.0,0.003743
113,60,406,24.399,89.962,1.0,0.0162,1.0,0.002014
113,7,155,42.657,91.017,1.0,0.028,1.0,0.00348
113,68,320,93.744,79.303,1.0,0.0707,1.0,0.008777
113,55,189,70.685,67.685,1.0,0.0625,1.0,0.007754
113,18,138,39.186,8.936,1.0,0.2623,1.0,0.03256
113,6,50,44.893,91.387,1.0,0.0294,1.0,0.003648
113,46,295,28.562,106.962,1.0,0.016,1.0,0.001983
113,63,97,67.438,148.762,1.0,0.0271,1.0,0.003366
113,27,39,62.234,81.394,1.0,0.0457,1.0,0.005677
113,19,309,43.694,116.931,1.0,0.0223,1.0,0.002775
113,66,324,87.039,96.68,1.0,0.0538,1.0,0.006685
113,9,337,94.82,49.535,1.0,0.1145,1.0,0.014213
113,8,191,80.868,125.882,1.0,0.0384,1.0,0.00477
113,13,526,84.903,131.244,1.0,0.0387,1.0,0.004804
113,20,163,64.839,113.427,1.0,0.0342,1.0,0.004245
113,79,134,66.953,48.196,1.0,0.0831,1.0,0.010315
113,3,202,61.582,81.631,1.0,0.0451,1.0,0.005602
113,42,350,75.889,135.53,1.0,0.0335,1.0,0.004158
113,58,461,85.148,91.5,1.0,0.0557,1.0,0.00691
113,65,829,68.368,74.265,1.0,0.0551,1.0,0.006836
113,43,74,13.989,73.407,1.0,0.0114,1.0,0.001415
113,50,208,64.078,15.999,1.0,0.2395,1.0,0.02974
113,72,121,75.51,25.613,1.0,0.1763,1.0,0.021891
113,29,803,32.807,81.493,1.0,0.0241,1.0,0.002989
113,54,424,75.625,111.414,1.0,0.0406,1.0,0.00504
113,73,52,73.21,92.538,1.0,0.0473,1.0,0.005874
113,74,36,25.513,132.154,1.0,0.0115,1.0,0.001434
113,40,109,99.787,128.944,1.0,0.0463,1.0,0.005746
113,34,177,82.57,147.901,1.0,0.0334,1.0,0.004145
113,31,88,54.337,48.988,1.0,0.0663,1.0,0.008236
113,24,51,93.136,105.459,1.0,0.0528,1.0,0.006558
113,44,118,65.392,30.426,1.0,0.1285,1.0,0.015958
113,57,109,55.543,86.938,1.0,0.0382,1.0,0.004744
113,51,104,98.694,83.761,1.0,0.0705,1.0,0.008749
113,59,155,94.918,57.116,1.0,0.0994,1.0,0.01234
113,2,138,21.031,42.426,1.0,0.0296,1.0,0.003681
113,75,361,88.751,27.893,1.0,0.1903,1.0,0.023626
113,71,283,16.352,26.876,1.0,0.0364,1.0,0.004518
113,45,62,61.368,118.613,1.0,0.0309,1.0,0.003842
113,53,829,58.731,137.43,1.0,0.0256,1.0,0.003173
113,5,147,76.762,114.282,1.0,0.0402,1.0,0.004988
113,21,179,60.407,148.878,1.0,0.0243,1.0,0.003013
113,39,446,49.07,35.686,1.0,0.0822,1.0,0.01021
113,11,187,11.001,109.242,1.0,0.006,1.0,0.000748
113,77,58,96.062,111.156,1.0,0.0517,1.0,0.006417
113,16,155,37.811,132.576,1.0,0.0171,1.0,0.002118
113,56,208,94.929,128.443,1.0,0.0442,1.0,0.005488
113,23,1320,14.265,80.142,1.0,0.0106,1.0,0.001322
113,33,54,29.196,27.204,1.0,0.0642,1.0,0.007969
113,30,122,85.405,5.968,1.0,0.8559,1.0,0.106262
113,41,469,38.477,11.468,1.0,0.2007,1.0,0.024914
113,1,176,68.707,11.347,1.0,0.3621,1.0,0.044959
113,4,86,91.504,16.198,1.0,0.3379,1.0,0.041947
113,52,34,31.57,119.36,1.0,0.0158,1.0,0.001964
113,76,152,93.762,140.946,1.0,0.0398,1.0,0.00494
113,35,101,80.734,84.92,1.0,0.0569,1.0,0.007059
113,37,308,92.764,15.385,1.0,0.3606,1.0,0.04477
113,64,74,98.417,10.858,1.0,0.5421,1.0,0.067303
113,28,159,44.266,109.952,1.0,0.0241,1.0,0.002989
113,62,41,85.471,105.361,1.0,0.0485,1.0,0.006024
113,15,95,71.575,72.905,1.0,0.0587,1.0,0.00729
113,47,265,61.82,116.641,1.0,0.0317,1.0,0.003935
113,78,146,86.837,13.275,1.0,0.3912,1.0,0.048571
113,12,141,30.021,80.194,1.0,0.0224,1.0,0.00278
113,61,346,38.141,37.526,1.0,0.0608,1.0,0.007547
113,70,51,20.481,127.402,1.0,0.0096,1.0,0.001194
113,26,547,53.593,128.007,1.0,0.025,1.0,0.003109
113,0,201,79.656,68.637,1.0,0.0694,1.0,0.008617
113,10,307,65.419,88.263,1.0,0.0443,1.0,0.005503
113,14,52,75.351,7.451,1.0,0.6048,1.0,0.075093
113,32,44,90.494,80.505,1.0,0.0672,1.0,0.008347
113,22,153,94.914,80.884,1.0,0.0702,1.0,0.008713
113,38,94,76.284,7.671,1.0,0.5948,1.0,0.073844
114,52,34,31.57,119.36,1.0,0.0158,1.0,0.001964
114,17,357,62.897,124.78,1.0,0.0301,1.0,0.003743
114,71,283,16.352,26.876,1.0,0.0364,1.0,0.004518
114,70,51,20.481,127.402,1.0,0.0096,1.0,0.001194
114,34,177,82.57,147.901,1.0,0.0334,1.0,0.004145
114,65,829,68.368,74.265,1.0,0.0551,1.0,0.006836
114,60,406,24.399,89.962,1.0,0.0162,1.0,0.002014
114,73,52,73.21,92.538,1.0,0.0473,1.0,0.005874
114,5,147,76.762,114.282,1.0,0.0402,1.0,0.004988
114,33,54,29.196,27.204,1.0,0.0642,1.0,0.007969
114,51,104,98.694,83.761,1.0,0.0705,1.0,0.008749
114,2,138,21.031,42.426,1.0,0.0296,1.0,0.003681
114,13,526,84.903,131.244,1.0,0.0387,1.0,0.004804
114,55,189,70.685,67.685,1.0,0.0625,1.0,0.007754
114,4,86,91.504,16.198,1.0,0.3379,1.0,0.041947
114,62,41,85.471,105.361,1.0,0.0485,1.0,0.006024
114,76,152,93.762,140.946,1.0,0.0398,1.0,0.00494
114,46,295,28.562,106.962,1.0,0.016,1.0,0.001983
114,12,141,30.021,80.194,1.0,0.0224,1.0,0.00278
114,44,118,65.392,30.426,1.0,0.1285,1.0,0.015958
114,28,159,44.266,109.952,1.0,0.0241,1.0,0.002989
114,47,265,61.82,116.641,1.0,0.0317,1.0,0.003935
114,1,176,68.707,11.347,1.0,0.3621,1.0,0.044959
114,53,829,58.731,137.43,1.0,0.0256,1.0,0.003173
114,24,51,93.136,105.459,1.0,0.0528,1.0,0.006558
114,79,134,66.953,48.196,1.0,0.0831,1.0,0.010315
114,69,549,23.83,29.549,1.0,0.0482,1.0,0.005988
114,38,94,76.284,7.671,1.0,0.5948,1.0,0.073844
114,68,320,93.744,79.303,1.0,0.0707,1.0,0.008777
114,72,121,75.51,25.613,1.0,0.1763,1.0,0.021891
114,35,101,80.734,84.92,1.0,0.0569,1.0,0.007059
114,64,74,98.417,10.858,1.0,0.5421,1.0,0.067303
114,3,202,61.582,81.631,1.0,0.0451,1.0,0.005602
114,6,50,44.893,91.387,1.0,0.0294,1.0,0.003648
114,10,307,65.419,88.263,1.0,0.0443,1.0,0.005503
114,25,85,47.29,23.406,1.0,0.1208,1.0,0.015002
114,0,201,79.656,68.637,1.0,0.0694,1.0,0.008617
114,31,88,54.337,48.988,1.0,0.0663,1.0,0.008236
114,56,208,94.929,128.443,1.0,0.0442,1.0,0.005488
114,18,138,39.186,8.936,1.0,0.2623,1.0,0.03256
114,15,95,71.575,72.905,1.0,0.0587,1.0,0.00729
114,43,74,13.989,73.407,1.0,0.0114,1.0,0.001415
114,61,346,38.141,37.526,1.0,0.0608,1.0,0.007547
114,19,309,43.694,116.931,1.0,0.0223,1.0,0.002775
114,7,155,42.657,91.017,1.0,0.028,1.0,0.00348
114,78,146,86.837,13.275,1.0,0.3912,1.0,0.048571
114,77,58,96.062,111.156,1.0,0.0517,1.0,0.006417
114,30,122,85.405,5.968,1.0,0.8559,1.0,0.106262
114,40,109,99.787,128.944,1.0,0.0463,1.0,0.005746
114,54,424,75.625,111.414,1.0,0.0406,1.0,0.00504
114,63,97,67.438,148.762,1.0,0.0271,1.0,0.003366
114,42,350,75.889,135.53,1.0,0.0335,1.0,0.004158
114,29,803,32.807,81.493,1.0,0.0241,1.0,0.002989
114,32,44,90.494,80.505,1.0,0.0672,1.0,0.008347
114,8,191,80.868,125.882,1.0,0.0384,1.0,0.00477
114,11,187,11.001,109.242,1.0,0.006,1.0,0.000748
114,75,361,88.751,27.893,1.0,0.1903,1.0,0.023626
114,26,547,53.593,128.007,1.0,0.025,1.0,0.003109
114,66,324,87.039,96.68,1.0,0.0538,1.0,0.006685
114,16,155,37.811,132.576,1.0,0.0171,1.0,0.002118
114,49,602,35.477,136.986,1.0,0.0155,1.0,0.001923
114,59,155,94.918,57.116,1.0,0.0994,1.0,0.01234
114,67,43,58.937,127.004,1.0,0.0278,1.0,0.003446
114,41,469,38.477,11.468,1.0,0.2007,1.0,0.024914
114,50,208,64.078,15.999,1.0,0.2395,1.0,0.02974
114,21,179,60.407,148.878,1.0,0.0243,1.0,0.003013
114,57,109,55.543,86.938,1.0,0.0382,1.0,0.004744
114,23,1320,14.265,80.142,1.0,0.0106,1.0,0.001322
114,14,52,75.351,7.451,1.0,0.6048,1.0,0.075093
114,48,135,43.51,103.875,1.0,0.0251,1.0,0.00311
114,74,36,25.513,132.154,1.0,0.0115,1.0,0.001434
114,22,153,94.914,80.884,1.0,0.0702,1.0,0.008713
114,45,62,61.368,118.613,1.0,0.0309,1.0,0.003842
114,9,337,94.82,49.535,1.0,0.1145,1.0,0.014213
114,36,152,47.698,137.695,1.0,0.0207,1.0,0.002572
114,27,39,62.234,81.394,1.0,0.0457,1.0,0.005677
114,39,446,49.07,35.686,1.0,0.0822,1.0,0.01021
114,37,308,92.764,15.385,1.0,0.3606,1.0,0.04477
114,58,461,85.148,91.5,1.0,0.0557,1.0,0.00691
114,20,163,64.839,113.427,1.0,0.0342,1.0,0.004245
115,37,308,92.764,15.385,1.0,0.3606,1.0,0.04477
115,36,152,47.698,137.695,1.0,0.0207,1.0,0.002572
115,46,295,28.562,106.962,1.0,0.016,1.0,0.001983
115,6,50,44.893,91.387,1.0,0.0294,1.0,0.003648
115,78,146,86.837,13.275,1.0,0.3912,1.0,0.048571
115,48,135,43.51,103.875,1.0,0.0251,1.0,0.00311
115,60,406,24.399,89.962,1.0,0.0162,1.0,0.002014
115,45,62,61.368,118.613,1.0,0.0309,1.0,0.003842
115,26,547,53.593,128.007,1.0,0.025,1.0,0.003109
115,34,177,82.57,147.901,1.0,0.0334,1.0,0.004145
115,51,104,98.694,83.761,1.0,0.0705,1.0,0.008749
115,73,52,73.21,92.538,1.0,0.0473,1.0,0.005874
115,52,34,31.57,119.36,1.0,0.0158,1.0,0.001964
115,67,43,58.937,127.004,1.0,0.0278,1.0,0.003446
115,35,101,80.734,84.92,1.0,0.0569,1.0,0.007059
115,27,39,62.234,81.394,1.0,0.0457,1.0,0.005677
115,76,152,93.762,140.946,1.0,0.0398,1.0,0.00494
115,2,138,21.031,42.426,1.0,0.0296,1.0,0.003681
115,18,138,39.186,8.936,1.0,0.2623,1.0,0.03256
115,14,52,75.351,7.451,1.0,0.6048,1.0,0.075093
115,79,134,66.953,48.196,1.0,0.0831,1.0,0.010315
115,4,86,91.504,16.198,1.0,0.3379,1.0,0.041947
115,42,350,75.889,135.53,1.0,0.0335,1.0,0.004158
115,77,58,96.062,111.156,1.0,0.0517,1.0,0.006417
115,23,1320,14.265,80.142,1.0,0.0106,1.0,0.001322
115,59,155,94.918,57.116,1.0,0.0994,1.0,0.01234
115,21,179,60.407,148.878,1.0,0.0243,1.0,0.003013
115,24,51,93.136,105.459,1.0,0.0528,1.0,0.006558
115,72,121,75.51,25.613,1.0,0.1763,1.0,0.021891
115,33,54,29.196,27.204,1.0,0.0642,1.0,0.007969
115,11,187,11.001,109.242,1.0,0.006,1.0,0.000748
115,57,109,55.543,86.938,1.0,0.0382,1.0,0.004744
115,39,446,49.07,35.686,1.0,0.0822,1.0,0.01021
115,69,549,23.83,29.549,1.0,0.0482,1.0,0.005988
115,13,526,84.903,131.244,1.0,0.0387,1.0,0.004804
115,25,85,47.29,23.406,1.0,0.1208,1.0,0.015002
115,75,361,88.751,27.893,1.0,0.1903,1.0,0.023626
115,68,320,93.744,79.303,1.0,0.0707,1.0,0.008777
115,8,191,80.868,125.882,1.0,0.0384,1.0,0.00477
115,65,829,68.368,74.265,1.0,0.0551,1.0,0.006836
115,19,309,43.694,116.931,1.0,0.0223,1.0,0.002775
115,50,208,64.078,15.999,1.0,0.2395,1.0,0.02974
115,70,51,20.481,127.402,1.0,0.0096,1.0,0.001194
115,28,159,44.266,109.952,1.0,0.0241,1.0,0.002989
115,10,307,65.419,88.263,1.0,0.0443,1.0,0.005503
115,0,201,79.656,68.637,1.0,0.0694,1.0,0.008617
115,12,141,30.021,80.194,1.0,0.0224,1.0,0.00278
115,55,189,70.685,67.685,1.0,0.0625,1.0,0.007754
115,61,346,38.141,37.526,1.0,0.0608,1.0,0.007547
115,5,147,76.762,114.282,1.0,0.0402,1.0,0.004988
115,54,424,75.625,111.414,1.0,0.0406,1.0,0.00504
115,29,803,32.807,81.493,1.0,0.0241,1.0,0.002989
115,9,337,94.82,49.535,1.0,0.1145,1.0,0.014213
115,43,74,13.989,73.407,1.0,0.0114,1.0,0.001415
115,49,602,35.477,136.986,1.0,0.0155,1.0,0.001923
115,47,265,61.82,116.641,1.0,0.0317,1.0,0.003935
115,62,41,85.471,105.361,1.0,0.0485,1.0,0.006024
115,7,155,42.657,91.017,1.0,0.028,1.0,0.00348
115,41,469,38.477,11.468,1.0,0.2007,1.0,0.024914
115,15,95,71.575,72.905,1.0,0.0587,1.0,0.00729
115,40,109,99.787,128.944,1.0,0.0463,1.0,0.005746
115,32,44,90.494,80.505,1.0,0.0672,1.0,0.008347
115,3,202,61.582,81.631,1.0,0.0451,1.0,0.005602
115,53,829,58.731,137.43,1.0,0.0256,1.0,0.003173
115,31,88,54.337,48.988,1.0,0.0663,1.0,0.008236
115,56,208,94.929,128.443,1.0,0.0442,1.0,0.005488
115,66,324,87.039,96.68,1.0,0.0538,1.0,0.006685
115,71,283,16.352,26.876,1.0,0.0364,1.0,0.004518
115,20,163,64.839,113.427,1.0,0.0342,1.0,0.004245
115,64,74,98.417,10.858,1.0,0.5421,1.0,0.067303
115,1,176,68.707,11.347,1.0,0.3621,1.0,0.044959
115,44,118,65.392,30.426,1.0,0.1285,1.0,0.015958
115,17,357,62.897,124.78,1.0,0.0301,1.0,0.003743
115,22,153,94.914,80.884,1.0,0.0702,1.0,0.008713
115,63,97,67.438,148.762,1.0,0.0271,1.0,0.003366
115,58,461,85.148,91.5,1.0,0.0557,1.0,0.00691
115,30,122,85.405,5.968,1.0,0.8559,1.0,0.106262
115,16,155,37.811,132.576,1.0,0.0171,1.0,0.002118
115,74,36,25.513,132.154,1.0,0.0115,1.0,0.001434
115,38,94,76.284,7.671,1.0,0.5948,1.0,0.073844
116,66,324,87.039,96.68,1.0,0.0538,1.0,0.006685
116,33,54,29.196,27.204,1.0,0.0642,1.0,0.007969
116,17,357,62.897,124.78,1.0,0.0301,1.0,0.003743
116,51,104,98.694,83.761,1.0,0.0705,1.0,0.008749
116,73,52,73.21,92.538,1.0,0.0473,1.0,0.005874
116,21,179,60.407,148.878,1.0,0.0243,1.0,0.003013
116,43,74,13.989,73.407,1.0,0.0114,1.0,0.001415
116,77,58,96.062,111.156,1.0,0.0517,1.0,0.006417
116,39,446,49.07,35.686,1.0,0.0822,1.0,0.01021
116,36,152,47.698,137.695,1.0,0.0207,1.0,0.002572
116,62,41,85.471,105.361,1.0,0.0485,1.0,0.006024
116,55,189,70.685,67.685,1.0,0.0625,1.0,0.007754
116,14,52,75.351,7.451,1.0,0.6048,1.0,0.075093
116,16,155,37.811,132.576,1.0,0.0171,1.0,0.002118
116,30,122,85.405,5.968,1.0,0.8559,1.0,0.106262
116,64,74,98.417,10.858,1.0,0.5421,1.0,0.067303
116,56,208,94.929,128.443,1.0,0.0442,1.0,0.005488
116,59,155,94.918,57.116,1.0,0.0994,1.0,0.01234
116,20,163,64.839,113.427,1.0,0.0342,1.0,0.004245
116,68,320,93.744,79.303,1.0,0.0707,1.0,0.008777
116,44,118,65.392,30.426,1.0,0.1285,1.0,0.015958
116,11,187,11.001,109.242,1.0,0.006,1.0,0.000748
116,53,829,58.731,137.43,1.0,0.0256,1.0,0.003173
116,45,62,61.368,118.613,1.0,0.0309,1.0,0.003842
116,10,307,65.419,88.263,1.0,0.0443,1.0,0.005503
116,25,85,47.29,23.406,1.0,0.1208,1.0,0.015002
116,13,526,84.903,131.244,1.0,0.0387,1.0,0.004804
116,22,153,94.914,80.884,1.0,0.0702,1.0,0.008713
116,46,295,28.562,106.962,1.0,0.016,1.0,0.001983
116,37,308,92.764,15.385,1.0,0.3606,1.0,0.04477
116,19,309,43.694,116.931,1.0,0.0223,1.0,0.002775
116,9,337,94.82,49.535,1.0,0.1145,1.0,0.014213
116,2,138,21.031,42.426,1.0,0.0296,1.0,0.003681
116,23,1320,14.265,80.142,1.0,0.0106,1.0,0.001322
116,50,208,64.078,15.999,1.0,0.2395,1.0,0.02974
116,65,829,68.368,74.265,1.0,0.0551,1.0,0.006836
116,31,88,54.337,48.988,1.0,0.0663,1.0,0.008236
116,42,350,75.889,135.53,1.0,0.0335,1.0,0.004158
116,47,265,61.82,116.641,1.0,0.0317,1.0,0.003935
116,35,101,80.734,84.92,1.0,0.0569,1.0,0.007059
116,67,43,58.937,127.004,1.0,0.0278,1.0,0.003446
116,4,86,91.504,16.198,1.0,0.3379,1.0,0.041947
116,38,94,76.284,7.671,1.0,0.5948,1.0,0.073844
116,63,97,67.438,148.762,1.0,0.0271,1.0,0.003366
116,15,95,71.575,72.905,1.0,0.0587,1.0,0.00729
116,54,424,75.625,111.414,1.0,0.0406,1.0,0.00504
116,78,146,86.837,13.275,1.0,0.3912,1.0,0.048571
116,58,461,85.148,91.5,1.0,0.0557,1.0,0.00691
116,40,109,99.787,128.944,1.0,0.0463,1.0,0.005746
116,1,176,68.707,11.347,1.0,0.3621,1.0,0.044959
116,24,51,93.136,105.459,1.0,0.0528,1.0,0.006558
116,48,135,43.51,103.875,1.0,0.0251,1.0,0.00311
116,0,201,79.656,68.637,1.0,0.0694,1.0,0.008617
116,69,549,23.83,29.549,1.0,0.0482,1.0,0.005988
116,70,51,20.481,127.402,1.0,0.0096,1.0,0.001194
116,6,50,44.893,91.387,1.0,0.0294,1.0,0.003648
116,76,152,93.762,140.946,1.0,0.0398,1.0,0.00494
116,5,147,76.762,114.282,1.0,0.0402,1.0,0.004988
116,32,44,90.494,80.505,1.0,0.0672,1.0,0.008347
116,3,202,61.582,81.631,1.0,0.0451,1.0,0.005602
116,72,121,75.51,25.613,1.0,0.1763,1.0,0.021891
116,79,134,66.953,48.196,1.0,0.0831,1.0,0.010315
116,52,34,31.57,119.36,1.0,0.0158,1.0,0.001964
116,57,109,55.543,86.938,1.0,0.0382,1.0,0.004744
116,28,159,44.266,109.952,1.0,0.0241,1.0,0.002989
116,41,469,38.477,11.468,1.0,0.2007,1.0,0.024914
116,27,39,62.234,81.394,1.0,0.0457,1.0,0.005677
116,26,547,53.593,128.007,1.0,0.025,1.0,0.003109
116,49,602,35.477,136.986,1.0,0.0155,1.0,0.001923
116,71,283,16.352,26.876,1.0,0.0364,1.0,0.004518
116,12,141,30.021,80.194,1.0,0.0224,1.0,0.00278
116,61,346,38.141,37.526,1.0,0.0608,1.0,0.007547
116,75,361,88.751,27.893,1.0,0.1903,1.0,0.023626
116,34,177,82.57,147.901,1.0,0.0334,1.0,0.004145
116,74,36,25.513,132.154,1.0,0.0115,1.0,0.001434
116,18,138,39.186,8.936,1.0,0.2623,1.0,0.03256
116,29,803,32.807,81.493,1.0,0.0241,1.0,0.002989
116,60,406,24.399,89.962,1.0,0.0162,1.0,0.002014
116,8,191,80.868,125.882,1.0,0.0384,1.0,0.00477
116,7,155,42.657,91.017,1.0,0.028,1.0,0.00348
117,8,191,80.868,125.882,1.0,0.0384,1.0,0.00477
117,2,138,21.031,42.426,1.0,0.0296,1.0,0.003681
117,4,86,91.504,16.198,1.0,0.3379,1.0,0.041947
117,21,179,60.407,148.878,1.0,0.0243,1.0,0.003013
117,3,202,61.582,81.631,1.0,0.0451,1.0,0.005602
117,23,1320,14.265,80.142,1.0,0.0106,1.0,0.001322
117,29,803,32.807,81.493,1.0,0.0241,1.0,0.002989
117,62,41,85.471,105.361,1.0,0.0485,1.0,0.006024
117,15,95,71.575,72.905,1.0,0.0587,1.0,0.00729
117,39,446,49.07,35.686,1.0,0.0822,1.0,0.01021
117,75,361,88.751,27.893,1.0,0.1903,1.0,0.023626
117,60,406,24.399,89.962,1.0,0.0162,1.0,0.002014
117,77,58,96.062,111.156,1.0,0.0517,1.0,0.006417
117,59,155,94.918,57.116,1.0,0.0994,1.0,0.01234
117,36,152,47.698,137.695,1.0,0.0207,1.0,0.002572
117,69,549,23.83,29.549,1.0,0.0482,1.0,0.005988
117,54,424,75.625,111.414,1.0,0.0406,1.0,0.00504
117,9,337,94.82,49.535,1.0,0.1145,1.0,0.014213
117,67,43,58.937,127.004,1.0,0.0278,1.0,0.003446
117,5,147,76.762,114.282,1.0,0.0402,1.0,0.004988
117,45,62,61.368,118.613,1.0,0.0309,1.0,0.003842
117,49,602,35.477,136.986,1.0,0.0155,1.0,0.001923
117,44,118,65.392,30.426,1.0,0.1285,1.0,0.015958
117,19,309,43.694,116.931,1.0,0.0223,1.0,0.002775
117,27,39,62.234,81.394,1.0,0.0457,1.0,0.005677
117,12,141,30.021,80.194,1.0,0.0224,1.0,0.00278
117,16,155,37.811,132.576,1.0,0.0171,1.0,0.002118
117,74,36,25.513,132.154,1.0,0.0115,1.0,0.001434
117,65,829,68.368,74.265,1.0,0.0551,1.0,0.006836
117,71,283,16.352,26.876,1.0,0.0364,1.0,0.004518
117,46,295,28.562,106.962,1.0,0.016,1.0,0.001983
117,61,346,38.141,37.526,1.0,0.0608,1.0,0.007547
117,14,52,75.351,7.451,1.0,0.6048,1.0,0.075093
117,41,469,38.477,11.468,1.0,0.2007,1.0,0.024914
117,1,176,68.707,11.347,1.0,0.3621,1.0,0.044959
117,57,109,55.543,86.938,1.0,0.0382,1.0,0.004744
117,55,189,70.685,67.685,1.0,0.0625,1.0,0.007754
117,56,208,94.929,128.443,1.0,0.0442,1.0,0.005488
117,18,138,39.186,8.936,1.0,0.2623,1.0,0.03256
117,30,122,85.405,5.968,1.0,0.8559,1.0,0.106262
117,51,104,98.694,83.761,1.0,0.0705,1.0,0.008749
117,28,159,44.266,109.952,1.0,0.0241,1.0,0.002989
117,64,74,98.417,10.858,1.0,0.5421,1.0,0.067303
117,32,44,90.494,80.505,1.0,0.0672,1.0,0.008347
117,52,34,31.57,119.36,1.0,0.0158,1.0,0.001964
117,42,350,75.889,135.53,1.0,0.0335,1.0,0.004158
117,43,74,13.989,73.407,1.0,0.0114,1.0,0.001415
117,0,201,79.656,68.637,1.0,0.0694,1.0,0.008617
117,10,307,65.419,88.263,1.0,0.0443,1.0,0.005503
117,76,152,93.762,140.946,1.0,0.0398,1.0,0.00494
117,58,461,85.148,91.5,1.0,0.0557,1.0,0.00691
117,24,51,93.136,105.459,1.0,0.0528,1.0,0.006558
117,79,134,66.953,48.196,1.0,0.0831,1.0,0.010315
117,33,54,29.196,27.204,1.0,0.0642,1.0,0.007969
117,35,101,80.734,84.92,1.0,0.0569,1.0,0.007059
117,7,155,42.657,91.017,1.0,0.028,1.0,0.00348
117,78,146,86.837,13.275,1.0,0.3912,1.0,0.048571
117,34,177,82.57,147.901,1.0,0.0334,1.0,0.004145
117,25,85,47.29,23.406,1.0,0.1208,1.0,0.015002
117,20,163,64.839,113.427,1.0,0.0342,1.0,0.004245
117,38,94,76.284,7.671,1.0,0.5948,1.0,0.073844
117,68,320,93.744,79.303,1.0,0.0707,1.0,0.008777
117,26,547,53.593,128.007,1.0,0.025,1.0,0.003109
117,13,526,84.903,131.244,1.0,0.0387,1.0,0.004804
117,73,52,73.21,92.538,1.0,0.0473,1.0,0.005874
117,63,97,67.438,148.762,1.0,0.0271,1.0,0.003366
117,17,357,62.897,124.78,1.0,0.0301,1.0,0.003743
117,66,324,87.039,96.68,1.0,0.0538,1.0,0.006685
117,22,153,94.914,80.884,1.0,0.0702,1.0,0.008713
117,31,88,54.337,48.988,1.0,0.0663,1.0,0.008236
117,72,121,75.51,25.613,1.0,0.1763,1.0,0.021891
117,47,265,61.82,116.641,1.0,0.0317,1.0,0.003935
117,37,308,92.764,15.385,1.0,0.3606,1.0,0.04477
117,70,51,20.481,127.402,1.0,0.0096,1.0,0.001194
117,48,135,43.51,103.875,1.0,0.0251,1.0,0.00311
117,50,208,64.078,15.999,1.0,0.2395,1.0,0.02974
117,40,109,99.787,128.944,1.0,0.0463,1.0,0.005746
117,11,187,11.001,109.242,1.0,0.006,1.0,0.000748
117,53,829,58.731,137.43,1.0,0.0256,1.0,0.003173
117,6,50,44.893,91.387,1.0,0.0294,1.0,0.003648
118,22,153,94.914,80.884,1.0,0.0702,1.0,0.008713
118,34,177,82.57,147.901,1.0,0.0334,1.0,0.004145
118,57,109,55.543,86.938,1.0,0.0382,1.0,0.004744
118,59,155,94.918,57.116,1.0,0.0994,1.0,0.01234
118,63,97,67.438,148.762,1.0,0.0271,1.0,0.003366
118,4,86,91.504,16.198,1.0,0.3379,1.0,0.041947
118,15,95,71.575,72.905,1.0,0.0587,1.0,0.00729
118,66,324,87.039,96.68,1.0,0.0538,1.0,0.006685
118,3,202,61.582,81.631,1.0,0.0451,1.0,0.005602
118,44,118,65.392,30.426,1.0,0.1285,1.0,0.015958
118,67,43,58.937,127.004,1.0,0.0278,1.0,0.003446
118,21,179,60.407,148.878,1.0,0.0243,1.0,0.003013
118,49,602,35.477,136.986,1.0,0.0155,1.0,0.001923
118,47,265,61.82,116.641,1.0,0.0317,1.0,0.003935
118,8,191,80.868,125.882,1.0,0.0384,1.0,0.00477
118,38,94,76.284,7.671,1.0,0.5948,1.0,0.073844
118,2,138,21.031,42.426,1.0,0.0296,1.0,0.003681
118,69,549,23.83,29.549,1.0,0.0482,1.0,0.005988
118,9,337,94.82,49.535,1.0,0.1145,1.0,0.014213
118,65,829,68.368,74.265,1.0,0.0551,1.0,0.006836
118,53,829,58.731,137.43,1.0,0.0256,1.0,0.003173
118,72,121,75.51,25.613,1.0,0.1763,1.0,0.021891
118,58,461,85.148,91.5,1.0,0.0557,1.0,0.00691
118,64,74,98.417,10.858,1.0,0.5421,1.0,0.067303
118,43,74,13.989,73.407,1.0,0.0114,1.0,0.001415
118,74,36,25.513,132.154,1.0,0.0115,1.0,0.001434
118,70,51,20.481,127.402,1.0,0.0096,1.0,0.001194
118,60,406,24.399,89.962,1.0,0.0162,1.0,0.002014
118,46,295,28.562,106.962,1.0,0.016,1.0,0.001983
118,56,208,94.929,128.443,1.0,0.0442,1.0,0.005488
118,0,201,79.656,68.637,1.0,0.0694,1.0,0.008617
118,54,424,75.625,111.414,1.0,0.0406,1.0,0.00504
118,50,208,64.078,15.999,1.0,0.2395,1.0,0.02974
118,31,88,54.337,48.988,1.0,0.0663,1.0,0.008236
118,19,309,43.694,116.931,1.0,0.0223,1.0,0.002775
118,17,357,62.897,124.78,1.0,0.0301,1.0,0.003743
118,20,163,64.839,113.427,1.0,0.0342,1.0,0.004245
118,24,51,93.136,105.459,1.0,0.0528,1.0,0.006558
118,61,346,38.141,37.526,1.0,0.0608,1.0,0.007547
118,52,34,31.57,119.36,1.0,0.0158,1.0,0.001964
118,40,109,99.787,128.944,1.0,0.0463,1.0,0.005746
118,29,803,32.807,81.493,1.0,0.0241,1.0,0.002989
118,11,187,11.001,109.242,1.0,0.006,1.0,0.000748
118,73,52,73.21,92.538,1.0,0.0473,1.0,0.005874
118,30,122,85.405,5.968,1.0,0.8559,1.0,0.106262
118,18,138,39.186,8.936,1.0,0.2623,1.0,0.03256
118,68,320,93.744,79.303,1.0,0.0707,1.0,0.008777
118,7,155,42.657,91.017,1.0,0.028,1.0,0.00348
118,26,547,53.593,128.007,1.0,0.025,1.0,0.003109
118,45,62,61.368,118.613,1.0,0.0309,1.0,0.003842
118,41,469,38.477,11.468,1.0,0.2007,1.0,0.024914
118,75,361,88.751,27.893,1.0,0.1903,1.0,0.023626
118,35,101,80.734,84.92,1.0,0.0569,1.0,0.007059
118,79,134,66.953,48.196,1.0,0.0831,1.0,0.010315
118,23,1320,14.265,80.142,1.0,0.0106,1.0,0.001322
118,77,58,96.062,111.156,1.0,0.0517,1.0,0.006417
118,13,526,84.903,131.244,1.0,0.0387,1.0,0.004804
118,14,52,75.351,7.451,1.0,0.6048,1.0,0.075093
118,37,308,92.764,15.385,1.0,0.3606,1.0,0.04477
118,39,446,49.07,35.686,1.0,0.0822,1.0,0.01021
118,36,152,47.698,137.695,1.0,0.0207,1.0,0.002572
118,5,147,76.762,114.282,1.0,0.0402,1.0,0.004988
118,71,283,16.352,26.876,1.0,0.0364,1.0,0.004518
118,25,85,47.29,23.406,1.0,0.1208,1.0,0.015002
118,76,152,93.762,140.946,1.0,0.0398,1.0,0.00494
118,28,159,44.266,109.952,1.0,0.0241,1.0,0.002989
118,33,54,29.196,27.204,1.0,0.0642,1.0,0.007969
118,51,104,98.694,83.761,1.0,0.0705,1.0,0.008749
118,27,39,62.234,81.394,1.0,0.0457,1.0,0.005677
118,62,41,85.471,105.361,1.0,0.0485,1.0,0.006024
118,55,189,70.685,67.685,1.0,0.0625,1.0,0.007754
118,42,350,75.889,135.53,1.0,0.0335,1.0,0.004158
118,6,50,44.893,91.387,1.0,0.0294,1.0,0.003648
118,12,141,30.021,80.194,1.0,0.0224,1.0,0.00278
118,16,155,37.811,132.576,1.0,0.0171,1.0,0.002118
118,1,176,68.707,11.347,1.0,0.3621,1.0,0.044959
118,78,146,86.837,13.275,1.0,0.3912,1.0,0.048571
118,10,307,65.419,88.263,1.0,0.0443,1.0,0.005503
118,48,135,43.51,103.875,1.0,0.0251,1.0,0.00311
118,32,44,90.494,80.505,1.0,0.0672,1.0,0.008347
119,43,74,13.989,73.407,1.0,0.0114,1.0,0.001415
119,27,39,62.234,81.394,1.0,0.0457,1.0,0.005677
119,15,95,71.575,72.905,1.0,0.0587,1.0,0.00729
119,74,36,25.513,132.154,1.0,0.0115,1.0,0.001434
119,79,134,66.953,48.196,1.0,0.0831,1.0,0.010315
119,2,138,21.031,42.426,1.0,0.0296,1.0,0.003681
119,72,121,75.51,25.613,1.0,0.1763,1.0,0.021891
119,23,1320,14.265,80.142,1.0,0.0106,1.0,0.001322
119,17,357,62.897,124.78,1.0,0.0301,1.0,0.003743
119,16,155,37.811,132.576,1.0,0.0171,1.0,0.002118
119,76,152,93.762,140.946,1.0,0.0398,1.0,0.00494
119,33,54,29.196,27.204,1.0,0.0642,1.0,0.007969
119,71,283,16.352,26.876,1.0,0.0364,1.0,0.004518
119,56,208,94.929,128.443,1.0,0.0442,1.0,0.005488
119,12,141,30.021,80.194,1.0,0.0224,1.0,0.00278
119,51,104,98.694,83.761,1.0,0.0705,1.0,0.008749
119,38,94,76.284,7.671,1.0,0.5948,1.0,0.073844
119,59,155,94.918,57.116,1.0,0.0994,1.0,0.01234
119,42,350,75.889,135.53,1.0,0.0335,1.0,0.004158
119,67,43,58.937,127.004,1.0,0.0278,1.0,0.003446
119,34,177,82.57,147.901,1.0,0.0334,1.0,0.004145
119,44,118,65.392,30.426,1.0,0.1285,1.0,0.015958
119,69,549,23.83,29.549,1.0,0.0482,1.0,0.005988
119,22,153,94.914,80.884,1.0,0.0702,1.0,0.008713
119,40,109,99.787,128.944,1.0,0.0463,1.0,0.005746
119,68,320,93.744,79.303,1.0,0.0707,1.0,0.008777
119,14,52,75.351,7.451,1.0,0.6048,1.0,0.075093
119,10,307,65.419,88.263,1.0,0.0443,1.0,0.005503
119,61,346,38.141,37.526,1.0,0.0608,1.0,0.007547
119,35,101,80.734,84.92,1.0,0.0569,1.0,0.007059
119,65,829,68.368,74.265,1.0,0.0551,1.0,0.006836
119,50,208,64.078,15.999,1.0,0.2395,1.0,0.02974
119,4,86,91.504,16.198,1.0,0.3379,1.0,0.041947
119,62,41,85.471,105.361,1.0,0.0485,1.0,0.006024
119,30,122,85.405,5.968,1.0,0.8559,1.0,0.106262
119,53,829,58.731,137.43,1.0,0.0256,1.0,0.003173
119,60,406,24.399,89.962,1.0,0.0162,1.0,0.002014
119,55,189,70.685,67.685,1.0,0.0625,1.0,0.007754
119,32,44,90.494,80.505,1.0,0.0672,1.0,0.008347
119,9,337,94.82,49.535,1.0,0.1145,1.0,0.014213
119,11,187,11.001,109.242,1.0,0.006,1.0,0.000748
119,20,163,64.839,113.427,1.0,0.0342,1.0,0.004245
119,5,147,76.762,114.282,1.0,0.0402,1.0,0.004988
119,48,135,43.51,103.875,1.0,0.0251,1.0,0.00311
119,63,97,67.438,148.762,1.0,0.0271,1.0,0.003366
119,66,324,87.039,96.68,1.0,0.0538,1.0,0.006685
119,28,159,44.266,109.952,1.0,0.0241,1.0,0.002989
119,49,602,35.477,136.986,1.0,0.0155,1.0,0.001923
119,54,424,75.625,111.414,1.0,0.0406,1.0,0.00504
119,70,51,20.481,127.402,1.0,0.0096,1.0,0.001194
119,77,58,96.062,111.156,1.0,0.0517,1.0,0.006417
119,19,309,43.694,116.931,1.0,0.0223,1.0,0.002775
119,47,265,61.82,116.641,1.0,0.0317,1.0,0.003935
119,58,461,85.148,91.5,1.0,0.0557,1.0,0.00691
119,31,88,54.337,48.988,1.0,0.0663,1.0,0.008236
119,36,152,47.698,137.695,1.0,0.0207,1.0,0.002572
119,6,50,44.893,91.387,1.0,0.0294,1.0,0.003648
119,21,179,60.407,148.878,1.0,0.0243,1.0,0.003013
119,29,803,32.807,81.493,1.0,0.0241,1.0,0.002989
119,41,469,38.477,11.468,1.0,0.2007,1.0,0.024914
119,46,295,28.562,106.962,1.0,0.016,1.0,0.001983
119,64,74,98.417,10.858,1.0,0.5421,1.0,0.067303
119,7,155,42.657,91.017,1.0,0.028,1.0,0.00348
119,26,547,53.593,128.007,1.0,0.025,1.0,0.003109
119,78,146,86.837,13.275,1.0,0.3912,1.0,0.048571
119,18,138,39.186,8.936,1.0,0.2623,1.0,0.03256
119,25,85,47.29,23.406,1.0,0.1208,1.0,0.015002
119,75,361,88.751,27.893,1.0,0.1903,1.0,0.023626
119,3,202,61.582,81.631,1.0,0.0451,1.0,0.005602
119,73,52,73.21,92.538,1.0,0.0473,1.0,0.005874
119,0,201,79.656,68.637,1.0,0.0694,1.0,0.008617
119,24,51,93.136,105.459,1.0,0.0528,1.0,0.006558
119,45,62,61.368,118.613,1.0,0.0309,1.0,0.003842
119,8,191,80.868,125.882,1.0,0.0384,1.0,0.00477
119,57,109,55.543,86.938,1.0,0.0382,1.0,0.004744
119,37,308,92.764,15.385,1.0,0.3606,1.0,0.04477
119,39,446,49.07,35.686,1.0,0.0822,1.0,0.01021
119,52,34,31.57,119.36,1.0,0.0158,1.0,0.001964
119,1,176,68.707,11.347,1.0,0.3621,1.0,0.044959
119,13,526,84.903,131.244,1.0,0.0387,1.0,0.004804
120,32,44,90.494,80.505,1.0,0.0672,1.0,0.008347
120,17,357,62.897,124.78,1.0,0.0301,1.0,0.003743
120,5,147,76.762,114.282,1.0,0.0402,1.0,0.004988
120,76,152,93.762,140.946,1.0,0.0398,1.0,0.00494
120,16,155,37.811,132.576,1.0,0.0171,1.0,0.002118
120,11,187,11.001,109.242,1.0,0.006,1.0,0.000748
120,43,74,13.989,73.407,1.0,0.0114,1.0,0.001415
120,22,153,94.914,80.884,1.0,0.0702,1.0,0.008713
120,70,51,20.481,127.402,1.0,0.0096,1.0,0.001194
120,56,208,94.929,128.443,1.0,0.0442,1.0,0.005488
120,33,54,29.196,27.204,1.0,0.0642,1.0,0.007969
120,47,265,61.82,116.641,1.0,0.0317,1.0,0.003935
120,67,43,58.937,127.004,1.0,0.0278,1.0,0.003446
120,6,50,44.893,91.387,1.0,0.0294,1.0,0.003648
120,46,295,28.562,106.962,1.0,0.016,1.0,0.001983
120,25,85,47.29,23.406,1.0,0.1208,1.0,0.015002
120,51,104,98.694,83.761,1.0,0.0705,1.0,0.008749
120,39,446,49.07,35.686,1.0,0.0822,1.0,0.01021
120,19,309,43.694,116.931,1.0,0.0223,1.0,0.002775
120,66,324,87.039,96.68,1.0,0.0538,1.0,0.006685
120,69,549,23.83,29.549,1.0,0.0482,1.0,0.005988
120,30,122,85.405,5.968,1.0,0.8559,1.0,0.106262
120,7,155,42.657,91.017,1.0,0.028,1.0,0.00348
120,55,189,70.685,67.685,1.0,0.0625,1.0,0.007754
120,1,176,68.707,11.347,1.0,0.3621,1.0,0.044959
120,59,155,94.918,57.116,1.0,0.0994,1.0,0.01234
120,34,177,82.57,147.901,1.0,0.0334,1.0,0.004145
120,58,461,85.148,91.5,1.0,0.0557,1.0,0.00691
120,45,62,61.368,118.613,1.0,0.0309,1.0,0.003842
120,68,320,93.744,79.303,1.0,0.0707,1.0,0.008777
120,8,191,80.868,125.882,1.0,0.0384,1.0,0.00477
120,63,97,67.438,148.762,1.0,0.0271,1.0,0.003366
120,41,469,38.477,11.468,1.0,0.2007,1.0,0.024914
120,62,41,85.471,105.361,1.0,0.0485,1.0,0.006024
120,50,208,64.078,15.999,1.0,0.2395,1.0,0.02974
120,44,118,65.392,30.426,1.0,0.1285,1.0,0.015958
120,2,138,21.031,42.426,1.0,0.0296,1.0,0.003681
120,53,829,58.731,137.43,1.0,0.0256,1.0,0.003173
120,49,602,35.477,136.986,1.0,0.0155,1.0,0.001923
120,29,803,32.807,81.493,1.0,0.0241,1.0,0.002989
120,65,829,68.368,74.265,1.0,0.0551,1.0,0.006836
120,18,138,39.186,8.936,1.0,0.2623,1.0,0.03256
120,4,86,91.504,16.198,1.0,0.3379,1.0,0.041947
120,24,51,93.136,105.459,1.0,0.0528,1.0,0.006558
120,21,179,60.407,148.878,1.0,0.0243,1.0,0.003013
120,52,34,31.57,119.36,1.0,0.0158,1.0,0.001964
120,71,283,16.352,26.876,1.0,0.0364,1.0,0.004518
120,37,308,92.764,15.385,1.0,0.3606,1.0,0.04477
120,74,36,25.513,132.154,1.0,0.0115,1.0,0.001434
120,9,337,94.82,49.535,1.0,0.1145,1.0,0.014213
120,78,146,86.837,13.275,1.0,0.3912,1.0,0.048571
120,72,121,75.51,25.613,1.0,0.1763,1.0,0.021891
120,27,39,62.234,81.394,1.0,0.0457,1.0,0.005677
120,60,406,24.399,89.962,1.0,0.0162,1.0,0.002014
120,12,141,30.021,80.194,1.0,0.0224,1.0,0.00278
120,3,202,61.582,81.631,1.0,0.0451,1.0,0.005602
120,79,134,66.953,48.196,1.0,0.0831,1.0,0.010315
120,31,88,54.337,48.988,1.0,0.0663,1.0,0.008236
120,77,58,96.062,111.156,1.0,0.0517,1.0,0.006417
120,64,74,98.417,10.858,1.0,0.5421,1.0,0.067303
120,28,159,44.266,109.952,1.0,0.0241,1.0,0.002989
120,23,1320,14.265,80.142,1.0,0.0106,1.0,0.001322
120,42,350,75.889,135.53,1.0,0.0335,1.0,0.004158
120,48,135,43.51,103.875,1.0,0.0251,1.0,0.00311
120,26,547,53.593,128.007,1.0,0.025,1.0,0.003109
120,61,346,38.141,37.526,1.0,0.0608,1.0,0.007547
120,73,52,73.21,92.538,1.0,0.0473,1.0,0.005874
120,10,307,65.419,88.263,1.0,0.0443,1.0,0.005503
120,36,152,47.698,137.695,1.0,0.0207,1.0,0.002572
120,20,163,64.839,113.427,1.0,0.0342,1.0,0.004245
120,38,94,76.284,7.671,1.0,0.5948,1.0,0.073844
120,15,95,71.575,72.905,1.0,0.0587,1.0,0.00729
120,14,52,75.351,7.451,1.0,0.6048,1.0,0.075093
120,40,109,99.787,128.944,1.0,0.0463,1.0,0.005746
120,35,101,80.734,84.92,1.0,0.0569,1.0,0.007059
120,13,526,84.903,131.244,1.0,0.0387,1.0,0.004804
120,54,424,75.625,111.414,1.0,0.0406,1.0,0.00504
120,57,109,55.543,86.938,1.0,0.0382,1.0,0.004744
120,75,361,88.751,27.893,1.0,0.1903,1.0,0.023626
120,0,201,79.656,68.637,1.0,0.0694,1.0,0.008617
121,77,58,96.062,111.156,1.0,0.0517,1.0,0.006417
121,78,146,86.837,13.275,1.0,0.3912,1.0,0.048571
121,56,208,94.929,128.443,1.0,0.0442,1.0,0.005488
121,65,829,68.368,74.265,1.0,0.0551,1.0,0.006836
121,10,307,65.419,88.263,1.0,0.0443,1.0,0.005503
121,27,39,62.234,81.394,1.0,0.0457,1.0,0.005677
121,64,74,98.417,10.858,1.0,0.5421,1.0,0.067303
121,8,191,80.868,125.882,1.0,0.0384,1.0,0.00477
121,58,461,85.148,91.5,1.0,0.0557,1.0,0.00691
121,4,86,91.504,16.198,1.0,0.3379,1.0,0.041947
121,0,201,79.656,68.637,1.0,0.0694,1.0,0.008617
121,5,147,76.762,114.282,1.0,0.0402,1.0,0.004988
121,31,88,54.337,48.988,1.0,0.0663,1.0,0.008236
121,3,202,61.582,81.631,1.0,0.0451,1.0,0.005602
121,54,424,75.625,111.414,1.0,0.0406,1.0,0.00504
121,70,51,20.481,127.402,1.0,0.0096,1.0,0.001194
121,29,803,32.807,81.493,1.0,0.0241,1.0,0.002989
121,47,265,61.82,116.641,1.0,0.0317,1.0,0.003935
121,17,357,62.897,124.78,1.0,0.0301,1.0,0.003743
121,55,189,70.685,67.685,1.0,0.0625,1.0,0.007754
121,79,134,66.953,48.196,1.0,0.0831,1.0,0.010315
121,7,155,42.657,91.017,1.0,0.028,1.0,0.00348
121,18,138,39.186,8.936,1.0,0.2623,1.0,0.03256
121,40,109,99.787,128.944,1.0,0.0463,1.0,0.005746
121,51,104,98.694,83.761,1.0,0.0705,1.0,0.008749
121,68,320,93.744,79.303,1.0,0.0707,1.0,0.008777
121,19,309,43.694,116.931,1.0,0.0223,1.0,0.002775
121,50,208,64.078,15.999,1.0,0.2395,1.0,0.02974
121,2,138,21.031,42.426,1.0,0.0296,1.0,0.003681
121,16,155,37.811,132.576,1.0,0.0171,1.0,0.002118
121,26,547,53.593,128.007,1.0,0.025,1.0,0.003109
121,39,446,49.07,35.686,1.0,0.0822,1.0,0.01021
121,36,152,47.698,137.695,1.0,0.0207,1.0,0.002572
121,60,406,24.399,89.962,1.0,0.0162,1.0,0.002014
121,15,95,71.575,72.905,1.0,0.0587,1.0,0.00729
121,1,176,68.707,11.347,1.0,0.3621,1.0,0.044959
121,28,159,44.266,109.952,1.0,0.0241,1.0,0.002989
121,44,118,65.392,30.426,1.0,0.1285,1.0,0.015958
121,24,51,93.136,105.459,1.0,0.0528,1.0,0.006558
121,12,141,30.021,80.194,1.0,0.0224,1.0,0.00278
121,72,121,75.51,25.613,1.0,0.1763,1.0,0.021891
121,11,187,11.001,109.242,1.0,0.006,1.0,0.000748
121,41,469,38.477,11.468,1.0,0.2007,1.0,0.024914
121,69,549,23.83,29.549,1.0,0.0482,1.0,0.005988
121,52,34,31.57,119.36,1.0,0.0158,1.0,0.001964
121,34,177,82.57,147.901,1.0,0.0334,1.0,0.004145
121,74,36,25.513,132.154,1.0,0.0115,1.0,0.001434
121,37,308,92.764,15.385,1.0,0.3606,1.0,0.04477
121,66,324,87.039,96.68,1.0,0.0538,1.0,0.006685
121,59,155,94.918,57.116,1.0,0.0994,1.0,0.01234
121,49,602,35.477,136.986,1.0,0.0155,1.0,0.001923
121,33,54,29.196,27.204,1.0,0.0642,1.0,0.007969
121,62,41,85.471,105.361,1.0,0.0485,1.0,0.006024
121,45,62,61.368,118.613,1.0,0.0309,1.0,0.003842
121,61,346,38.141,37.526,1.0,0.0608,1.0,0.007547
121,71,283,16.352,26.876,1.0,0.0364,1.0,0.004518
121,75,361,88.751,27.893,1.0,0.1903,1.0,0.023626
121,43,74,13.989,73.407,1.0,0.0114,1.0,0.001415
121,53,829,58.731,137.43,1.0,0.0256,1.0,0.003173
121,23,1320,14.265,80.142,1.0,0.0106,1.0,0.001322
121,30,122,85.405,5.968,1.0,0.8559,1.0,0.106262
121,20,163,64.839,113.427,1.0,0.0342,1.0,0.004245
121,73,52,73.21,92.538,1.0,0.0473,1.0,0.005874
121,67,43,58.937,127.004,1.0,0.0278,1.0,0.003446
121,63,97,67.438,148.762,1.0,0.0271,1.0,0.003366
121,46,295,28.562,106.962,1.0,0.016,1.0,0.001983
121,13,526,84.903,131.244,1.0,0.0387,1.0,0.004804
121,22,153,94.914,80.884,1.0,0.0702,1.0,0.008713
121,38,94,76.284,7.671,1.0,0.5948,1.0,0.073844
121,6,50,44.893,91.387,1.0,0.0294,1.0,0.003648
121,32,44,90.494,80.505,1.0,0.0672,1.0,0.008347
121,14,52,75.351,7.451,1.0,0.6048,1.0,0.075093
121,48,135,43.51,103.875,1.0,0.0251,1.0,0.00311
121,35,101,80.734,84.92,1.0,0.0569,1.0,0.007059
121,57,109,55.543,86.938,1.0,0.0382,1.0,0.004744
121,21,179,60.407,148.878,1.0,0.0243,1.0,0.003013
121,76,152,93.762,140.946,1.0,0.0398,1.0,0.00494
121,42,350,75.889,135.53,1.0,0.0335,1.0,0.004158
121,25,85,47.29,23.406,1.0,0.1208,1.0,0.015002
121,9,337,94.82,49.535,1.0,0.1145,1.0,0.014213
